2026-01-22 10:52:18,586 - INFO - ============================================================
2026-01-22 10:52:18,586 - INFO - MTG Scryfall Import (GraphQL)
2026-01-22 10:52:18,586 - INFO - ============================================================
2026-01-22 10:52:18,587 - INFO - Source: all-cards.json
2026-01-22 10:52:18,587 - INFO - API URL: http://saleor-platform-staging-alb-540548859.us-west-1.elb.amazonaws.com/graphql/
2026-01-22 10:52:18,587 - INFO - Channel: webstore
2026-01-22 10:52:18,587 - INFO - Batch size: 25
2026-01-22 10:52:18,587 - INFO - Checkpoint dir: /home/michael/saleor-platform/import-checkpoints
2026-01-22 10:52:18,587 - INFO - Product workers: 3
2026-01-22 10:52:18,587 - INFO - Variant workers: 4
2026-01-22 10:52:18,587 - INFO - Dry run: False
2026-01-22 10:52:18,587 - INFO - Resume: True
2026-01-22 10:52:18,587 - INFO - Fetching setup data...
2026-01-22 10:52:19,850 - INFO -   Channel ID: Q2hhbm5lbDoy
2026-01-22 10:52:19,850 - INFO -   Product Type ID: UHJvZHVjdFR5cGU6Mg==
2026-01-22 10:52:19,850 - INFO -   Category ID: Q2F0ZWdvcnk6Mg==
2026-01-22 10:52:19,850 - INFO -   Product Attributes: 18
2026-01-22 10:52:19,850 - INFO -   Variant Attributes: 2
2026-01-22 10:52:19,850 - INFO -     mtg-condition: 10 choices
2026-01-22 10:52:19,850 - INFO -     mtg-finish: 6 choices
2026-01-22 10:52:19,850 - INFO - Loading all-cards.json...
2026-01-22 10:53:38,910 - INFO - Total cards in file: 521,147
2026-01-22 10:53:39,101 - INFO - English paper cards (digital excluded): 94,556
2026-01-22 10:53:39,101 - INFO - ------------------------------------------------------------
2026-01-22 10:53:42,969 - INFO - Progress: Products: 0 created, 25 skipped, 0 failed | Variants: 0 created, 0 failed | Time: 3.9s
2026-01-22 10:53:45,358 - INFO - Progress: Products: 0 created, 50 skipped, 0 failed | Variants: 0 created, 0 failed | Time: 6.3s
2026-01-22 10:53:47,892 - INFO - Progress: Products: 0 created, 74 skipped, 1 failed | Variants: 0 created, 0 failed | Time: 8.8s
2026-01-22 10:53:50,363 - INFO - Progress: Products: 0 created, 98 skipped, 2 failed | Variants: 0 created, 0 failed | Time: 11.3s
2026-01-22 10:53:52,694 - INFO - Progress: Products: 0 created, 122 skipped, 3 failed | Variants: 0 created, 0 failed | Time: 13.6s
2026-01-22 10:53:55,050 - INFO - Progress: Products: 0 created, 147 skipped, 3 failed | Variants: 0 created, 0 failed | Time: 15.9s
2026-01-22 10:53:57,464 - INFO - Progress: Products: 0 created, 171 skipped, 4 failed | Variants: 0 created, 0 failed | Time: 18.4s
2026-01-22 10:53:59,837 - INFO - Progress: Products: 0 created, 196 skipped, 4 failed | Variants: 0 created, 0 failed | Time: 20.7s
2026-01-22 10:54:03,263 - INFO - Progress: Products: 0 created, 221 skipped, 4 failed | Variants: 0 created, 0 failed | Time: 24.2s
2026-01-22 10:54:05,945 - INFO - Progress: Products: 0 created, 245 skipped, 5 failed | Variants: 0 created, 0 failed | Time: 26.8s
2026-01-22 10:54:08,551 - INFO - Progress: Products: 0 created, 269 skipped, 6 failed | Variants: 0 created, 0 failed | Time: 29.4s
2026-01-22 10:54:10,939 - INFO - Progress: Products: 0 created, 294 skipped, 6 failed | Variants: 0 created, 0 failed | Time: 31.8s
2026-01-22 10:54:13,257 - INFO - Progress: Products: 0 created, 319 skipped, 6 failed | Variants: 0 created, 0 failed | Time: 34.2s
2026-01-22 10:54:15,575 - INFO - Progress: Products: 0 created, 344 skipped, 6 failed | Variants: 0 created, 0 failed | Time: 36.5s
2026-01-22 10:54:18,100 - INFO - Progress: Products: 0 created, 368 skipped, 7 failed | Variants: 0 created, 0 failed | Time: 39.0s
2026-01-22 10:54:20,417 - INFO - Progress: Products: 0 created, 393 skipped, 7 failed | Variants: 0 created, 0 failed | Time: 41.3s
2026-01-22 10:54:22,642 - INFO - Progress: Products: 0 created, 417 skipped, 8 failed | Variants: 0 created, 0 failed | Time: 43.5s
2026-01-22 10:54:24,939 - INFO - Progress: Products: 0 created, 442 skipped, 8 failed | Variants: 0 created, 0 failed | Time: 45.8s
2026-01-22 10:54:27,291 - INFO - Progress: Products: 0 created, 466 skipped, 9 failed | Variants: 0 created, 0 failed | Time: 48.2s
2026-01-22 10:54:29,577 - INFO - Progress: Products: 0 created, 490 skipped, 10 failed | Variants: 0 created, 0 failed | Time: 50.5s
2026-01-22 10:54:31,866 - INFO - Progress: Products: 0 created, 514 skipped, 11 failed | Variants: 0 created, 0 failed | Time: 52.8s
2026-01-22 10:54:34,163 - INFO - Progress: Products: 0 created, 538 skipped, 12 failed | Variants: 0 created, 0 failed | Time: 55.1s
2026-01-22 10:54:36,416 - INFO - Progress: Products: 0 created, 563 skipped, 12 failed | Variants: 0 created, 0 failed | Time: 57.3s
2026-01-22 10:54:38,962 - INFO - Progress: Products: 0 created, 588 skipped, 12 failed | Variants: 0 created, 0 failed | Time: 59.9s
2026-01-22 10:54:41,250 - INFO - Progress: Products: 0 created, 613 skipped, 12 failed | Variants: 0 created, 0 failed | Time: 62.1s
2026-01-22 10:54:43,639 - INFO - Progress: Products: 0 created, 638 skipped, 12 failed | Variants: 0 created, 0 failed | Time: 64.5s
2026-01-22 10:54:45,920 - INFO - Progress: Products: 0 created, 663 skipped, 12 failed | Variants: 0 created, 0 failed | Time: 66.8s
2026-01-22 10:54:48,264 - INFO - Progress: Products: 0 created, 688 skipped, 12 failed | Variants: 0 created, 0 failed | Time: 69.2s
2026-01-22 10:54:50,559 - INFO - Progress: Products: 0 created, 713 skipped, 12 failed | Variants: 0 created, 0 failed | Time: 71.5s
2026-01-22 10:54:52,868 - INFO - Progress: Products: 0 created, 738 skipped, 12 failed | Variants: 0 created, 0 failed | Time: 73.8s
2026-01-22 10:54:55,166 - INFO - Progress: Products: 0 created, 763 skipped, 12 failed | Variants: 0 created, 0 failed | Time: 76.1s
2026-01-22 10:54:57,566 - INFO - Progress: Products: 0 created, 788 skipped, 12 failed | Variants: 0 created, 0 failed | Time: 78.5s
2026-01-22 10:54:59,870 - INFO - Progress: Products: 0 created, 813 skipped, 12 failed | Variants: 0 created, 0 failed | Time: 80.8s
2026-01-22 10:55:03,228 - INFO - Progress: Products: 0 created, 838 skipped, 12 failed | Variants: 0 created, 0 failed | Time: 84.1s
2026-01-22 10:55:05,952 - INFO - Progress: Products: 0 created, 863 skipped, 12 failed | Variants: 0 created, 0 failed | Time: 86.9s
2026-01-22 10:55:08,634 - INFO - Progress: Products: 0 created, 887 skipped, 13 failed | Variants: 0 created, 0 failed | Time: 89.5s
2026-01-22 10:55:11,005 - INFO - Progress: Products: 0 created, 912 skipped, 13 failed | Variants: 0 created, 0 failed | Time: 91.9s
2026-01-22 10:55:13,418 - INFO - Progress: Products: 0 created, 937 skipped, 13 failed | Variants: 0 created, 0 failed | Time: 94.3s
2026-01-22 10:55:15,734 - INFO - Progress: Products: 0 created, 962 skipped, 13 failed | Variants: 0 created, 0 failed | Time: 96.6s
2026-01-22 10:55:18,093 - INFO - Progress: Products: 0 created, 987 skipped, 13 failed | Variants: 0 created, 0 failed | Time: 99.0s
2026-01-22 10:55:20,464 - INFO - Progress: Products: 0 created, 1012 skipped, 13 failed | Variants: 0 created, 0 failed | Time: 101.4s
2026-01-22 10:55:22,791 - INFO - Progress: Products: 0 created, 1037 skipped, 13 failed | Variants: 0 created, 0 failed | Time: 103.7s
2026-01-22 10:55:25,075 - INFO - Progress: Products: 0 created, 1061 skipped, 14 failed | Variants: 0 created, 0 failed | Time: 106.0s
2026-01-22 10:55:27,490 - INFO - Progress: Products: 0 created, 1085 skipped, 15 failed | Variants: 0 created, 0 failed | Time: 108.4s
2026-01-22 10:55:29,870 - INFO - Progress: Products: 0 created, 1109 skipped, 16 failed | Variants: 0 created, 0 failed | Time: 110.8s
2026-01-22 10:55:32,171 - INFO - Progress: Products: 0 created, 1134 skipped, 16 failed | Variants: 0 created, 0 failed | Time: 113.1s
2026-01-22 10:55:34,571 - INFO - Progress: Products: 0 created, 1159 skipped, 16 failed | Variants: 0 created, 0 failed | Time: 115.5s
2026-01-22 10:55:36,972 - INFO - Progress: Products: 0 created, 1184 skipped, 16 failed | Variants: 0 created, 0 failed | Time: 117.9s
2026-01-22 10:55:39,650 - INFO - Progress: Products: 0 created, 1209 skipped, 16 failed | Variants: 0 created, 0 failed | Time: 120.5s
2026-01-22 10:55:41,952 - INFO - Progress: Products: 0 created, 1234 skipped, 16 failed | Variants: 0 created, 0 failed | Time: 122.9s
2026-01-22 10:55:44,266 - INFO - Progress: Products: 0 created, 1257 skipped, 18 failed | Variants: 0 created, 0 failed | Time: 125.2s
2026-01-22 10:55:46,764 - INFO - Progress: Products: 0 created, 1282 skipped, 18 failed | Variants: 0 created, 0 failed | Time: 127.7s
2026-01-22 10:55:49,071 - INFO - Progress: Products: 0 created, 1307 skipped, 18 failed | Variants: 0 created, 0 failed | Time: 130.0s
2026-01-22 10:55:51,540 - INFO - Progress: Products: 0 created, 1331 skipped, 19 failed | Variants: 0 created, 0 failed | Time: 132.4s
2026-01-22 10:55:53,859 - INFO - Progress: Products: 0 created, 1356 skipped, 19 failed | Variants: 0 created, 0 failed | Time: 134.8s
2026-01-22 10:55:56,158 - INFO - Progress: Products: 0 created, 1381 skipped, 19 failed | Variants: 0 created, 0 failed | Time: 137.1s
2026-01-22 10:55:59,057 - INFO - Progress: Products: 0 created, 1406 skipped, 19 failed | Variants: 0 created, 0 failed | Time: 140.0s
2026-01-22 10:56:02,537 - INFO - Progress: Products: 0 created, 1430 skipped, 20 failed | Variants: 0 created, 0 failed | Time: 143.4s
2026-01-22 10:56:06,072 - INFO - Progress: Products: 0 created, 1454 skipped, 21 failed | Variants: 0 created, 0 failed | Time: 147.0s
2026-01-22 10:56:08,705 - INFO - Progress: Products: 0 created, 1477 skipped, 23 failed | Variants: 0 created, 0 failed | Time: 149.6s
2026-01-22 10:56:11,028 - INFO - Progress: Products: 0 created, 1500 skipped, 25 failed | Variants: 0 created, 0 failed | Time: 151.9s
2026-01-22 10:56:13,336 - INFO - Progress: Products: 0 created, 1525 skipped, 25 failed | Variants: 0 created, 0 failed | Time: 154.2s
2026-01-22 10:56:15,801 - INFO - Progress: Products: 0 created, 1549 skipped, 26 failed | Variants: 0 created, 0 failed | Time: 156.7s
2026-01-22 10:56:18,114 - INFO - Progress: Products: 0 created, 1574 skipped, 26 failed | Variants: 0 created, 0 failed | Time: 159.0s
2026-01-22 10:56:21,628 - INFO - Progress: Products: 0 created, 1599 skipped, 26 failed | Variants: 0 created, 0 failed | Time: 162.5s
2026-01-22 10:56:26,231 - INFO - Progress: Products: 0 created, 1624 skipped, 26 failed | Variants: 0 created, 0 failed | Time: 167.1s
2026-01-22 10:56:31,134 - INFO - Progress: Products: 0 created, 1648 skipped, 27 failed | Variants: 0 created, 0 failed | Time: 172.0s
2026-01-22 10:56:35,919 - INFO - Progress: Products: 0 created, 1673 skipped, 27 failed | Variants: 0 created, 0 failed | Time: 176.8s
2026-01-22 10:56:41,135 - INFO - Progress: Products: 0 created, 1697 skipped, 28 failed | Variants: 0 created, 0 failed | Time: 182.0s
2026-01-22 10:56:45,126 - INFO - Progress: Products: 0 created, 1722 skipped, 28 failed | Variants: 0 created, 0 failed | Time: 186.0s
2026-01-22 10:56:47,392 - INFO - Progress: Products: 0 created, 1747 skipped, 28 failed | Variants: 0 created, 0 failed | Time: 188.3s
2026-01-22 10:56:49,723 - INFO - Progress: Products: 0 created, 1771 skipped, 29 failed | Variants: 0 created, 0 failed | Time: 190.6s
2026-01-22 10:56:51,988 - INFO - Progress: Products: 0 created, 1794 skipped, 31 failed | Variants: 0 created, 0 failed | Time: 192.9s
2026-01-22 10:56:56,630 - INFO - Progress: Products: 0 created, 1818 skipped, 32 failed | Variants: 0 created, 0 failed | Time: 197.5s
2026-01-22 10:57:02,192 - INFO - Progress: Products: 0 created, 1841 skipped, 34 failed | Variants: 0 created, 0 failed | Time: 203.1s
2026-01-22 10:57:08,036 - INFO - Progress: Products: 0 created, 1866 skipped, 34 failed | Variants: 0 created, 0 failed | Time: 208.9s
2026-01-22 10:57:13,226 - INFO - Progress: Products: 0 created, 1890 skipped, 35 failed | Variants: 0 created, 0 failed | Time: 214.1s
2026-01-22 10:57:18,733 - INFO - Progress: Products: 0 created, 1914 skipped, 36 failed | Variants: 0 created, 0 failed | Time: 219.6s
2026-01-22 10:57:22,752 - INFO - Progress: Products: 0 created, 1939 skipped, 36 failed | Variants: 0 created, 0 failed | Time: 223.7s
2026-01-22 10:57:25,015 - INFO - Progress: Products: 0 created, 1963 skipped, 37 failed | Variants: 0 created, 0 failed | Time: 225.9s
2026-01-22 10:57:27,290 - INFO - Progress: Products: 0 created, 1988 skipped, 37 failed | Variants: 0 created, 0 failed | Time: 228.2s
2026-01-22 10:57:29,559 - INFO - Progress: Products: 0 created, 2012 skipped, 38 failed | Variants: 0 created, 0 failed | Time: 230.5s
2026-01-22 10:57:31,834 - INFO - Progress: Products: 0 created, 2036 skipped, 39 failed | Variants: 0 created, 0 failed | Time: 232.7s
2026-01-22 10:57:34,128 - INFO - Progress: Products: 0 created, 2061 skipped, 39 failed | Variants: 0 created, 0 failed | Time: 235.0s
2026-01-22 10:57:36,394 - INFO - Progress: Products: 0 created, 2086 skipped, 39 failed | Variants: 0 created, 0 failed | Time: 237.3s
2026-01-22 10:57:38,880 - INFO - Progress: Products: 0 created, 2111 skipped, 39 failed | Variants: 0 created, 0 failed | Time: 239.8s
2026-01-22 10:57:41,158 - INFO - Progress: Products: 0 created, 2135 skipped, 40 failed | Variants: 0 created, 0 failed | Time: 242.1s
2026-01-22 10:57:43,376 - INFO - Progress: Products: 0 created, 2160 skipped, 40 failed | Variants: 0 created, 0 failed | Time: 244.3s
2026-01-22 10:57:45,620 - INFO - Progress: Products: 0 created, 2184 skipped, 41 failed | Variants: 0 created, 0 failed | Time: 246.5s
2026-01-22 10:57:47,946 - INFO - Progress: Products: 0 created, 2209 skipped, 41 failed | Variants: 0 created, 0 failed | Time: 248.8s
2026-01-22 10:57:50,262 - INFO - Progress: Products: 0 created, 2234 skipped, 41 failed | Variants: 0 created, 0 failed | Time: 251.2s
2026-01-22 10:57:52,509 - INFO - Progress: Products: 0 created, 2257 skipped, 43 failed | Variants: 0 created, 0 failed | Time: 253.4s
2026-01-22 10:57:54,783 - INFO - Progress: Products: 0 created, 2281 skipped, 44 failed | Variants: 0 created, 0 failed | Time: 255.7s
2026-01-22 10:57:57,078 - INFO - Progress: Products: 0 created, 2305 skipped, 45 failed | Variants: 0 created, 0 failed | Time: 258.0s
2026-01-22 10:57:59,417 - INFO - Progress: Products: 0 created, 2329 skipped, 46 failed | Variants: 0 created, 0 failed | Time: 260.3s
2026-01-22 10:58:02,459 - INFO - Progress: Products: 0 created, 2353 skipped, 47 failed | Variants: 0 created, 0 failed | Time: 263.4s
2026-01-22 10:58:05,068 - INFO - Progress: Products: 0 created, 2378 skipped, 47 failed | Variants: 0 created, 0 failed | Time: 266.0s
2026-01-22 10:58:07,458 - INFO - Progress: Products: 0 created, 2402 skipped, 48 failed | Variants: 0 created, 0 failed | Time: 268.4s
2026-01-22 10:58:09,960 - INFO - Progress: Products: 0 created, 2426 skipped, 49 failed | Variants: 0 created, 0 failed | Time: 270.9s
2026-01-22 10:58:12,279 - INFO - Progress: Products: 0 created, 2451 skipped, 49 failed | Variants: 0 created, 0 failed | Time: 273.2s
2026-01-22 10:58:14,622 - INFO - Progress: Products: 0 created, 2475 skipped, 50 failed | Variants: 0 created, 0 failed | Time: 275.5s
2026-01-22 10:58:16,971 - INFO - Progress: Products: 0 created, 2500 skipped, 50 failed | Variants: 0 created, 0 failed | Time: 277.9s
2026-01-22 10:58:19,348 - INFO - Progress: Products: 0 created, 2525 skipped, 50 failed | Variants: 0 created, 0 failed | Time: 280.2s
2026-01-22 10:58:21,627 - INFO - Progress: Products: 0 created, 2550 skipped, 50 failed | Variants: 0 created, 0 failed | Time: 282.5s
2026-01-22 10:58:23,893 - INFO - Progress: Products: 0 created, 2575 skipped, 50 failed | Variants: 0 created, 0 failed | Time: 284.8s
2026-01-22 10:58:26,221 - INFO - Progress: Products: 0 created, 2599 skipped, 51 failed | Variants: 0 created, 0 failed | Time: 287.1s
2026-01-22 10:58:28,493 - INFO - Progress: Products: 0 created, 2623 skipped, 52 failed | Variants: 0 created, 0 failed | Time: 289.4s
2026-01-22 10:58:30,799 - INFO - Progress: Products: 0 created, 2648 skipped, 52 failed | Variants: 0 created, 0 failed | Time: 291.7s
2026-01-22 10:58:33,073 - INFO - Progress: Products: 0 created, 2671 skipped, 54 failed | Variants: 0 created, 0 failed | Time: 294.0s
2026-01-22 10:58:35,335 - INFO - Progress: Products: 0 created, 2694 skipped, 56 failed | Variants: 0 created, 0 failed | Time: 296.2s
2026-01-22 10:58:37,655 - INFO - Progress: Products: 0 created, 2717 skipped, 58 failed | Variants: 0 created, 0 failed | Time: 298.6s
2026-01-22 10:58:41,693 - INFO - Progress: Products: 0 created, 2741 skipped, 59 failed | Variants: 0 created, 0 failed | Time: 302.6s
2026-01-22 10:58:43,997 - INFO - Progress: Products: 0 created, 2765 skipped, 60 failed | Variants: 0 created, 0 failed | Time: 304.9s
2026-01-22 10:58:46,289 - INFO - Progress: Products: 0 created, 2789 skipped, 61 failed | Variants: 0 created, 0 failed | Time: 307.2s
2026-01-22 10:58:48,610 - INFO - Progress: Products: 0 created, 2813 skipped, 62 failed | Variants: 0 created, 0 failed | Time: 309.5s
2026-01-22 10:58:50,954 - INFO - Progress: Products: 0 created, 2837 skipped, 63 failed | Variants: 0 created, 0 failed | Time: 311.9s
2026-01-22 10:58:53,151 - INFO - Progress: Products: 0 created, 2862 skipped, 63 failed | Variants: 0 created, 0 failed | Time: 314.0s
2026-01-22 10:58:55,463 - INFO - Progress: Products: 0 created, 2887 skipped, 63 failed | Variants: 0 created, 0 failed | Time: 316.4s
2026-01-22 10:58:57,721 - INFO - Progress: Products: 0 created, 2911 skipped, 64 failed | Variants: 0 created, 0 failed | Time: 318.6s
2026-01-22 10:59:00,202 - INFO - Progress: Products: 0 created, 2936 skipped, 64 failed | Variants: 0 created, 0 failed | Time: 321.1s
2026-01-22 10:59:03,227 - INFO - Progress: Products: 0 created, 2960 skipped, 65 failed | Variants: 0 created, 0 failed | Time: 324.1s
2026-01-22 10:59:05,831 - INFO - Progress: Products: 0 created, 2983 skipped, 67 failed | Variants: 0 created, 0 failed | Time: 326.7s
2026-01-22 10:59:08,389 - INFO - Progress: Products: 0 created, 3008 skipped, 67 failed | Variants: 0 created, 0 failed | Time: 329.3s
2026-01-22 10:59:10,725 - INFO - Progress: Products: 0 created, 3032 skipped, 68 failed | Variants: 0 created, 0 failed | Time: 331.6s
2026-01-22 10:59:13,012 - INFO - Progress: Products: 0 created, 3057 skipped, 68 failed | Variants: 0 created, 0 failed | Time: 333.9s
2026-01-22 10:59:15,261 - INFO - Progress: Products: 0 created, 3081 skipped, 69 failed | Variants: 0 created, 0 failed | Time: 336.2s
2026-01-22 10:59:17,579 - INFO - Progress: Products: 0 created, 3106 skipped, 69 failed | Variants: 0 created, 0 failed | Time: 338.5s
2026-01-22 10:59:19,837 - INFO - Progress: Products: 0 created, 3131 skipped, 69 failed | Variants: 0 created, 0 failed | Time: 340.7s
2026-01-22 10:59:22,118 - INFO - Progress: Products: 0 created, 3156 skipped, 69 failed | Variants: 0 created, 0 failed | Time: 343.0s
2026-01-22 10:59:24,358 - INFO - Progress: Products: 0 created, 3180 skipped, 70 failed | Variants: 0 created, 0 failed | Time: 345.3s
2026-01-22 10:59:26,688 - INFO - Progress: Products: 0 created, 3205 skipped, 70 failed | Variants: 0 created, 0 failed | Time: 347.6s
2026-01-22 10:59:28,973 - INFO - Progress: Products: 0 created, 3230 skipped, 70 failed | Variants: 0 created, 0 failed | Time: 349.9s
2026-01-22 10:59:31,263 - INFO - Progress: Products: 0 created, 3255 skipped, 70 failed | Variants: 0 created, 0 failed | Time: 352.2s
2026-01-22 10:59:33,477 - INFO - Progress: Products: 0 created, 3280 skipped, 70 failed | Variants: 0 created, 0 failed | Time: 354.4s
2026-01-22 10:59:35,738 - INFO - Progress: Products: 0 created, 3305 skipped, 70 failed | Variants: 0 created, 0 failed | Time: 356.6s
2026-01-22 10:59:38,290 - INFO - Progress: Products: 0 created, 3329 skipped, 71 failed | Variants: 0 created, 0 failed | Time: 359.2s
2026-01-22 10:59:40,625 - INFO - Progress: Products: 0 created, 3354 skipped, 71 failed | Variants: 0 created, 0 failed | Time: 361.5s
2026-01-22 10:59:42,989 - INFO - Progress: Products: 0 created, 3379 skipped, 71 failed | Variants: 0 created, 0 failed | Time: 363.9s
2026-01-22 10:59:45,354 - INFO - Progress: Products: 0 created, 3404 skipped, 71 failed | Variants: 0 created, 0 failed | Time: 366.3s
2026-01-22 10:59:47,786 - INFO - Progress: Products: 0 created, 3429 skipped, 71 failed | Variants: 0 created, 0 failed | Time: 368.7s
2026-01-22 10:59:50,175 - INFO - Progress: Products: 0 created, 3452 skipped, 73 failed | Variants: 0 created, 0 failed | Time: 371.1s
2026-01-22 10:59:52,494 - INFO - Progress: Products: 0 created, 3477 skipped, 73 failed | Variants: 0 created, 0 failed | Time: 373.4s
2026-01-22 10:59:54,895 - INFO - Progress: Products: 0 created, 3502 skipped, 73 failed | Variants: 0 created, 0 failed | Time: 375.8s
2026-01-22 10:59:57,385 - INFO - Progress: Products: 0 created, 3526 skipped, 74 failed | Variants: 0 created, 0 failed | Time: 378.3s
2026-01-22 10:59:59,758 - INFO - Progress: Products: 0 created, 3550 skipped, 75 failed | Variants: 0 created, 0 failed | Time: 380.7s
2026-01-22 11:00:04,923 - INFO - Progress: Products: 0 created, 3574 skipped, 76 failed | Variants: 0 created, 0 failed | Time: 385.8s
2026-01-22 11:00:10,047 - INFO - Progress: Products: 0 created, 3597 skipped, 78 failed | Variants: 0 created, 0 failed | Time: 390.9s
2026-01-22 11:00:13,312 - INFO - Progress: Products: 0 created, 3621 skipped, 79 failed | Variants: 0 created, 0 failed | Time: 394.2s
2026-01-22 11:00:15,666 - INFO - Progress: Products: 0 created, 3646 skipped, 79 failed | Variants: 0 created, 0 failed | Time: 396.6s
2026-01-22 11:00:18,058 - INFO - Progress: Products: 0 created, 3671 skipped, 79 failed | Variants: 0 created, 0 failed | Time: 399.0s
2026-01-22 11:00:20,331 - INFO - Progress: Products: 0 created, 3696 skipped, 79 failed | Variants: 0 created, 0 failed | Time: 401.2s
2026-01-22 11:00:22,677 - INFO - Progress: Products: 0 created, 3721 skipped, 79 failed | Variants: 0 created, 0 failed | Time: 403.6s
2026-01-22 11:00:24,921 - INFO - Progress: Products: 0 created, 3746 skipped, 79 failed | Variants: 0 created, 0 failed | Time: 405.8s
2026-01-22 11:00:27,127 - INFO - Progress: Products: 0 created, 3771 skipped, 79 failed | Variants: 0 created, 0 failed | Time: 408.0s
2026-01-22 11:00:29,420 - INFO - Progress: Products: 0 created, 3795 skipped, 80 failed | Variants: 0 created, 0 failed | Time: 410.3s
2026-01-22 11:00:31,647 - INFO - Progress: Products: 0 created, 3818 skipped, 82 failed | Variants: 0 created, 0 failed | Time: 412.5s
2026-01-22 11:00:34,306 - INFO - Progress: Products: 0 created, 3843 skipped, 82 failed | Variants: 0 created, 0 failed | Time: 415.2s
2026-01-22 11:00:37,019 - INFO - Progress: Products: 0 created, 3867 skipped, 83 failed | Variants: 0 created, 0 failed | Time: 417.9s
2026-01-22 11:00:39,539 - INFO - Progress: Products: 0 created, 3891 skipped, 84 failed | Variants: 0 created, 0 failed | Time: 420.4s
2026-01-22 11:00:41,910 - INFO - Progress: Products: 0 created, 3915 skipped, 85 failed | Variants: 0 created, 0 failed | Time: 422.8s
2026-01-22 11:00:44,232 - INFO - Progress: Products: 0 created, 3939 skipped, 86 failed | Variants: 0 created, 0 failed | Time: 425.1s
2026-01-22 11:00:46,508 - INFO - Progress: Products: 0 created, 3963 skipped, 87 failed | Variants: 0 created, 0 failed | Time: 427.4s
2026-01-22 11:00:48,771 - INFO - Progress: Products: 0 created, 3987 skipped, 88 failed | Variants: 0 created, 0 failed | Time: 429.7s
2026-01-22 11:00:51,163 - INFO - Progress: Products: 0 created, 4012 skipped, 88 failed | Variants: 0 created, 0 failed | Time: 432.1s
2026-01-22 11:00:53,455 - INFO - Progress: Products: 0 created, 4037 skipped, 88 failed | Variants: 0 created, 0 failed | Time: 434.4s
2026-01-22 11:00:55,761 - INFO - Progress: Products: 0 created, 4062 skipped, 88 failed | Variants: 0 created, 0 failed | Time: 436.7s
2026-01-22 11:00:58,191 - INFO - Progress: Products: 0 created, 4087 skipped, 88 failed | Variants: 0 created, 0 failed | Time: 439.1s
2026-01-22 11:01:00,667 - INFO - Progress: Products: 0 created, 4112 skipped, 88 failed | Variants: 0 created, 0 failed | Time: 441.6s
2026-01-22 11:01:04,371 - INFO - Progress: Products: 0 created, 4137 skipped, 88 failed | Variants: 0 created, 0 failed | Time: 445.3s
2026-01-22 11:01:06,836 - INFO - Progress: Products: 0 created, 4161 skipped, 89 failed | Variants: 0 created, 0 failed | Time: 447.7s
2026-01-22 11:01:09,425 - INFO - Progress: Products: 0 created, 4186 skipped, 89 failed | Variants: 0 created, 0 failed | Time: 450.3s
2026-01-22 11:01:11,782 - INFO - Progress: Products: 0 created, 4211 skipped, 89 failed | Variants: 0 created, 0 failed | Time: 452.7s
2026-01-22 11:01:14,137 - INFO - Progress: Products: 0 created, 4236 skipped, 89 failed | Variants: 0 created, 0 failed | Time: 455.0s
2026-01-22 11:01:16,394 - INFO - Progress: Products: 0 created, 4261 skipped, 89 failed | Variants: 0 created, 0 failed | Time: 457.3s
2026-01-22 11:01:18,669 - INFO - Progress: Products: 0 created, 4286 skipped, 89 failed | Variants: 0 created, 0 failed | Time: 459.6s
2026-01-22 11:01:20,935 - INFO - Progress: Products: 0 created, 4310 skipped, 90 failed | Variants: 0 created, 0 failed | Time: 461.8s
2026-01-22 11:01:23,172 - INFO - Progress: Products: 0 created, 4333 skipped, 92 failed | Variants: 0 created, 0 failed | Time: 464.1s
2026-01-22 11:01:25,446 - INFO - Progress: Products: 0 created, 4357 skipped, 93 failed | Variants: 0 created, 0 failed | Time: 466.3s
2026-01-22 11:01:27,693 - INFO - Progress: Products: 0 created, 4382 skipped, 93 failed | Variants: 0 created, 0 failed | Time: 468.6s
2026-01-22 11:01:30,067 - INFO - Progress: Products: 0 created, 4407 skipped, 93 failed | Variants: 0 created, 0 failed | Time: 471.0s
2026-01-22 11:01:32,310 - INFO - Progress: Products: 0 created, 4432 skipped, 93 failed | Variants: 0 created, 0 failed | Time: 473.2s
2026-01-22 11:01:34,542 - INFO - Progress: Products: 0 created, 4457 skipped, 93 failed | Variants: 0 created, 0 failed | Time: 475.4s
2026-01-22 11:01:36,775 - INFO - Progress: Products: 0 created, 4481 skipped, 94 failed | Variants: 0 created, 0 failed | Time: 477.7s
2026-01-22 11:01:39,393 - INFO - Progress: Products: 0 created, 4503 skipped, 97 failed | Variants: 0 created, 0 failed | Time: 480.3s
2026-01-22 11:01:41,671 - INFO - Progress: Products: 0 created, 4528 skipped, 97 failed | Variants: 0 created, 0 failed | Time: 482.6s
2026-01-22 11:01:44,060 - INFO - Progress: Products: 0 created, 4553 skipped, 97 failed | Variants: 0 created, 0 failed | Time: 485.0s
2026-01-22 11:01:46,450 - INFO - Progress: Products: 0 created, 4578 skipped, 97 failed | Variants: 0 created, 0 failed | Time: 487.3s
2026-01-22 11:01:48,804 - INFO - Progress: Products: 0 created, 4603 skipped, 97 failed | Variants: 0 created, 0 failed | Time: 489.7s
2026-01-22 11:01:51,134 - INFO - Progress: Products: 0 created, 4628 skipped, 97 failed | Variants: 0 created, 0 failed | Time: 492.0s
2026-01-22 11:01:53,398 - INFO - Progress: Products: 0 created, 4652 skipped, 98 failed | Variants: 0 created, 0 failed | Time: 494.3s
2026-01-22 11:01:55,959 - INFO - Progress: Products: 0 created, 4677 skipped, 98 failed | Variants: 0 created, 0 failed | Time: 496.9s
2026-01-22 11:01:58,352 - INFO - Progress: Products: 0 created, 4702 skipped, 98 failed | Variants: 0 created, 0 failed | Time: 499.3s
2026-01-22 11:02:02,775 - INFO - Progress: Products: 0 created, 4726 skipped, 99 failed | Variants: 0 created, 0 failed | Time: 503.7s
2026-01-22 11:02:05,448 - INFO - Progress: Products: 0 created, 4751 skipped, 99 failed | Variants: 0 created, 0 failed | Time: 506.3s
2026-01-22 11:02:07,946 - INFO - Progress: Products: 0 created, 4776 skipped, 99 failed | Variants: 0 created, 0 failed | Time: 508.8s
2026-01-22 11:02:10,363 - INFO - Progress: Products: 0 created, 4800 skipped, 100 failed | Variants: 0 created, 0 failed | Time: 511.3s
2026-01-22 11:02:12,671 - INFO - Progress: Products: 0 created, 4825 skipped, 100 failed | Variants: 0 created, 0 failed | Time: 513.6s
2026-01-22 11:02:15,092 - INFO - Progress: Products: 0 created, 4850 skipped, 100 failed | Variants: 0 created, 0 failed | Time: 516.0s
2026-01-22 11:02:17,459 - INFO - Progress: Products: 0 created, 4873 skipped, 102 failed | Variants: 0 created, 0 failed | Time: 518.4s
2026-01-22 11:02:19,718 - INFO - Progress: Products: 0 created, 4898 skipped, 102 failed | Variants: 0 created, 0 failed | Time: 520.6s
2026-01-22 11:02:22,035 - INFO - Progress: Products: 0 created, 4923 skipped, 102 failed | Variants: 0 created, 0 failed | Time: 522.9s
2026-01-22 11:02:24,266 - INFO - Progress: Products: 0 created, 4947 skipped, 103 failed | Variants: 0 created, 0 failed | Time: 525.2s
2026-01-22 11:02:26,465 - INFO - Progress: Products: 0 created, 4972 skipped, 103 failed | Variants: 0 created, 0 failed | Time: 527.4s
2026-01-22 11:02:28,766 - INFO - Progress: Products: 0 created, 4996 skipped, 104 failed | Variants: 0 created, 0 failed | Time: 529.7s
2026-01-22 11:02:31,070 - INFO - Progress: Products: 0 created, 5021 skipped, 104 failed | Variants: 0 created, 0 failed | Time: 532.0s
2026-01-22 11:02:33,338 - INFO - Progress: Products: 0 created, 5044 skipped, 106 failed | Variants: 0 created, 0 failed | Time: 534.2s
2026-01-22 11:02:35,617 - INFO - Progress: Products: 0 created, 5069 skipped, 106 failed | Variants: 0 created, 0 failed | Time: 536.5s
2026-01-22 11:02:38,139 - INFO - Progress: Products: 0 created, 5094 skipped, 106 failed | Variants: 0 created, 0 failed | Time: 539.0s
2026-01-22 11:02:40,356 - INFO - Progress: Products: 0 created, 5119 skipped, 106 failed | Variants: 0 created, 0 failed | Time: 541.3s
2026-01-22 11:02:42,628 - INFO - Progress: Products: 0 created, 5144 skipped, 106 failed | Variants: 0 created, 0 failed | Time: 543.5s
2026-01-22 11:02:44,835 - INFO - Progress: Products: 0 created, 5169 skipped, 106 failed | Variants: 0 created, 0 failed | Time: 545.7s
2026-01-22 11:02:47,064 - INFO - Progress: Products: 0 created, 5193 skipped, 107 failed | Variants: 0 created, 0 failed | Time: 548.0s
2026-01-22 11:02:49,444 - INFO - Progress: Products: 0 created, 5218 skipped, 107 failed | Variants: 0 created, 0 failed | Time: 550.3s
2026-01-22 11:02:51,712 - INFO - Progress: Products: 0 created, 5243 skipped, 107 failed | Variants: 0 created, 0 failed | Time: 552.6s
2026-01-22 11:02:54,001 - INFO - Progress: Products: 0 created, 5268 skipped, 107 failed | Variants: 0 created, 0 failed | Time: 554.9s
2026-01-22 11:02:56,295 - INFO - Progress: Products: 0 created, 5292 skipped, 108 failed | Variants: 0 created, 0 failed | Time: 557.2s
2026-01-22 11:02:58,562 - INFO - Progress: Products: 0 created, 5316 skipped, 109 failed | Variants: 0 created, 0 failed | Time: 559.5s
2026-01-22 11:03:00,955 - INFO - Progress: Products: 0 created, 5341 skipped, 109 failed | Variants: 0 created, 0 failed | Time: 561.9s
2026-01-22 11:03:04,064 - INFO - Progress: Products: 0 created, 5366 skipped, 109 failed | Variants: 0 created, 0 failed | Time: 565.0s
2026-01-22 11:03:06,528 - INFO - Progress: Products: 0 created, 5389 skipped, 111 failed | Variants: 0 created, 0 failed | Time: 567.4s
2026-01-22 11:03:09,136 - INFO - Progress: Products: 0 created, 5414 skipped, 111 failed | Variants: 0 created, 0 failed | Time: 570.0s
2026-01-22 11:03:11,420 - INFO - Progress: Products: 0 created, 5438 skipped, 112 failed | Variants: 0 created, 0 failed | Time: 572.3s
2026-01-22 11:03:13,726 - INFO - Progress: Products: 0 created, 5463 skipped, 112 failed | Variants: 0 created, 0 failed | Time: 574.6s
2026-01-22 11:03:16,133 - INFO - Progress: Products: 0 created, 5487 skipped, 113 failed | Variants: 0 created, 0 failed | Time: 577.0s
2026-01-22 11:03:18,500 - INFO - Progress: Products: 0 created, 5512 skipped, 113 failed | Variants: 0 created, 0 failed | Time: 579.4s
2026-01-22 11:03:20,842 - INFO - Progress: Products: 0 created, 5536 skipped, 114 failed | Variants: 0 created, 0 failed | Time: 581.7s
2026-01-22 11:03:23,062 - INFO - Progress: Products: 0 created, 5561 skipped, 114 failed | Variants: 0 created, 0 failed | Time: 584.0s
2026-01-22 11:03:25,348 - INFO - Progress: Products: 0 created, 5586 skipped, 114 failed | Variants: 0 created, 0 failed | Time: 586.2s
2026-01-22 11:03:27,561 - INFO - Progress: Products: 0 created, 5610 skipped, 115 failed | Variants: 0 created, 0 failed | Time: 588.5s
2026-01-22 11:03:29,848 - INFO - Progress: Products: 0 created, 5633 skipped, 117 failed | Variants: 0 created, 0 failed | Time: 590.7s
2026-01-22 11:03:32,055 - INFO - Progress: Products: 0 created, 5658 skipped, 117 failed | Variants: 0 created, 0 failed | Time: 593.0s
2026-01-22 11:03:34,359 - INFO - Progress: Products: 0 created, 5683 skipped, 117 failed | Variants: 0 created, 0 failed | Time: 595.3s
2026-01-22 11:03:36,579 - INFO - Progress: Products: 0 created, 5707 skipped, 118 failed | Variants: 0 created, 0 failed | Time: 597.5s
2026-01-22 11:03:39,055 - INFO - Progress: Products: 0 created, 5732 skipped, 118 failed | Variants: 0 created, 0 failed | Time: 600.0s
2026-01-22 11:03:41,783 - INFO - Progress: Products: 0 created, 5757 skipped, 118 failed | Variants: 0 created, 0 failed | Time: 602.7s
2026-01-22 11:03:44,041 - INFO - Progress: Products: 0 created, 5782 skipped, 118 failed | Variants: 0 created, 0 failed | Time: 604.9s
2026-01-22 11:03:46,335 - INFO - Progress: Products: 0 created, 5807 skipped, 118 failed | Variants: 0 created, 0 failed | Time: 607.2s
2026-01-22 11:03:48,538 - INFO - Progress: Products: 0 created, 5831 skipped, 119 failed | Variants: 0 created, 0 failed | Time: 609.4s
2026-01-22 11:03:50,856 - INFO - Progress: Products: 0 created, 5855 skipped, 120 failed | Variants: 0 created, 0 failed | Time: 611.8s
2026-01-22 11:03:53,150 - INFO - Progress: Products: 0 created, 5880 skipped, 120 failed | Variants: 0 created, 0 failed | Time: 614.0s
2026-01-22 11:03:55,449 - INFO - Progress: Products: 0 created, 5903 skipped, 122 failed | Variants: 0 created, 0 failed | Time: 616.3s
2026-01-22 11:03:57,833 - INFO - Progress: Products: 0 created, 5928 skipped, 122 failed | Variants: 0 created, 0 failed | Time: 618.7s
2026-01-22 11:04:00,263 - INFO - Progress: Products: 0 created, 5952 skipped, 123 failed | Variants: 0 created, 0 failed | Time: 621.2s
Importing 94556 cards (starting from index 0)
Parallelization: 3 product workers, 4 variant workers

Batch 1/3783 (cards 1-25)

Batch 2/3783 (cards 26-50)

Batch 3/3783 (cards 51-75)

Batch 4/3783 (cards 76-100)

Batch 5/3783 (cards 101-125)

Batch 6/3783 (cards 126-150)

Batch 7/3783 (cards 151-175)

Batch 8/3783 (cards 176-200)

Batch 9/3783 (cards 201-225)

Batch 10/3783 (cards 226-250)

Batch 11/3783 (cards 251-275)

Batch 12/3783 (cards 276-300)

Batch 13/3783 (cards 301-325)

Batch 14/3783 (cards 326-350)

Batch 15/3783 (cards 351-375)

Batch 16/3783 (cards 376-400)

Batch 17/3783 (cards 401-425)

Batch 18/3783 (cards 426-450)

Batch 19/3783 (cards 451-475)

Batch 20/3783 (cards 476-500)

Batch 21/3783 (cards 501-525)

Batch 22/3783 (cards 526-550)

Batch 23/3783 (cards 551-575)

Batch 24/3783 (cards 576-600)

Batch 25/3783 (cards 601-625)

Batch 26/3783 (cards 626-650)

Batch 27/3783 (cards 651-675)

Batch 28/3783 (cards 676-700)

Batch 29/3783 (cards 701-725)

Batch 30/3783 (cards 726-750)

Batch 31/3783 (cards 751-775)

Batch 32/3783 (cards 776-800)

Batch 33/3783 (cards 801-825)

Batch 34/3783 (cards 826-850)

Batch 35/3783 (cards 851-875)

Batch 36/3783 (cards 876-900)

Batch 37/3783 (cards 901-925)

Batch 38/3783 (cards 926-950)

Batch 39/3783 (cards 951-975)

Batch 40/3783 (cards 976-1000)

Batch 41/3783 (cards 1001-1025)

Batch 42/3783 (cards 1026-1050)

Batch 43/3783 (cards 1051-1075)

Batch 44/3783 (cards 1076-1100)

Batch 45/3783 (cards 1101-1125)

Batch 46/3783 (cards 1126-1150)

Batch 47/3783 (cards 1151-1175)

Batch 48/3783 (cards 1176-1200)

Batch 49/3783 (cards 1201-1225)

Batch 50/3783 (cards 1226-1250)

Batch 51/3783 (cards 1251-1275)

Batch 52/3783 (cards 1276-1300)

Batch 53/3783 (cards 1301-1325)

Batch 54/3783 (cards 1326-1350)

Batch 55/3783 (cards 1351-1375)

Batch 56/3783 (cards 1376-1400)

Batch 57/3783 (cards 1401-1425)

Batch 58/3783 (cards 1426-1450)

Batch 59/3783 (cards 1451-1475)

Batch 60/3783 (cards 1476-1500)

Batch 61/3783 (cards 1501-1525)

Batch 62/3783 (cards 1526-1550)

Batch 63/3783 (cards 1551-1575)

Batch 64/3783 (cards 1576-1600)

Batch 65/3783 (cards 1601-1625)

Batch 66/3783 (cards 1626-1650)

Batch 67/3783 (cards 1651-1675)

Batch 68/3783 (cards 1676-1700)

Batch 69/3783 (cards 1701-1725)

Batch 70/3783 (cards 1726-1750)

Batch 71/3783 (cards 1751-1775)

Batch 72/3783 (cards 1776-1800)

Batch 73/3783 (cards 1801-1825)

Batch 74/3783 (cards 1826-1850)

Batch 75/3783 (cards 1851-1875)

Batch 76/3783 (cards 1876-1900)

Batch 77/3783 (cards 1901-1925)

Batch 78/3783 (cards 1926-1950)

Batch 79/3783 (cards 1951-1975)

Batch 80/3783 (cards 1976-2000)

Batch 81/3783 (cards 2001-2025)

Batch 82/3783 (cards 2026-2050)

Batch 83/3783 (cards 2051-2075)

Batch 84/3783 (cards 2076-2100)

Batch 85/3783 (cards 2101-2125)

Batch 86/3783 (cards 2126-2150)

Batch 87/3783 (cards 2151-2175)

Batch 88/3783 (cards 2176-2200)

Batch 89/3783 (cards 2201-2225)

Batch 90/3783 (cards 2226-2250)

Batch 91/3783 (cards 2251-2275)

Batch 92/3783 (cards 2276-2300)

Batch 93/3783 (cards 2301-2325)

Batch 94/3783 (cards 2326-2350)

Batch 95/3783 (cards 2351-2375)

Batch 96/3783 (cards 2376-2400)

Batch 97/3783 (cards 2401-2425)

Batch 98/3783 (cards 2426-2450)

Batch 99/3783 (cards 2451-2475)

Batch 100/3783 (cards 2476-2500)

Batch 101/3783 (cards 2501-2525)

Batch 102/3783 (cards 2526-2550)

Batch 103/3783 (cards 2551-2575)

Batch 104/3783 (cards 2576-2600)

Batch 105/3783 (cards 2601-2625)

Batch 106/3783 (cards 2626-2650)

Batch 107/3783 (cards 2651-2675)

Batch 108/3783 (cards 2676-2700)

Batch 109/3783 (cards 2701-2725)

Batch 110/3783 (cards 2726-2750)

Batch 111/3783 (cards 2751-2775)

Batch 112/3783 (cards 2776-2800)

Batch 113/3783 (cards 2801-2825)

Batch 114/3783 (cards 2826-2850)

Batch 115/3783 (cards 2851-2875)

Batch 116/3783 (cards 2876-2900)

Batch 117/3783 (cards 2901-2925)

Batch 118/3783 (cards 2926-2950)

Batch 119/3783 (cards 2951-2975)

Batch 120/3783 (cards 2976-3000)

Batch 121/3783 (cards 3001-3025)

Batch 122/3783 (cards 3026-3050)

Batch 123/3783 (cards 3051-3075)

Batch 124/3783 (cards 3076-3100)

Batch 125/3783 (cards 3101-3125)

Batch 126/3783 (cards 3126-3150)

Batch 127/3783 (cards 3151-3175)

Batch 128/3783 (cards 3176-3200)

Batch 129/3783 (cards 3201-3225)

Batch 130/3783 (cards 3226-3250)

Batch 131/3783 (cards 3251-3275)

Batch 132/3783 (cards 3276-3300)

Batch 133/3783 (cards 3301-3325)

Batch 134/3783 (cards 3326-3350)

Batch 135/3783 (cards 3351-3375)

Batch 136/3783 (cards 3376-3400)

Batch 137/3783 (cards 3401-3425)

Batch 138/3783 (cards 3426-3450)

Batch 139/3783 (cards 3451-3475)

Batch 140/3783 (cards 3476-3500)

Batch 141/3783 (cards 3501-3525)

Batch 142/3783 (cards 3526-3550)

Batch 143/3783 (cards 3551-3575)

Batch 144/3783 (cards 3576-3600)

Batch 145/3783 (cards 3601-3625)

Batch 146/3783 (cards 3626-3650)

Batch 147/3783 (cards 3651-3675)

Batch 148/3783 (cards 3676-3700)

Batch 149/3783 (cards 3701-3725)

Batch 150/3783 (cards 3726-3750)

Batch 151/3783 (cards 3751-3775)

Batch 152/3783 (cards 3776-3800)

Batch 153/3783 (cards 3801-3825)

Batch 154/3783 (cards 3826-3850)

Batch 155/3783 (cards 3851-3875)

Batch 156/3783 (cards 3876-3900)

Batch 157/3783 (cards 3901-3925)

Batch 158/3783 (cards 3926-3950)

Batch 159/3783 (cards 3951-3975)

Batch 160/3783 (cards 3976-4000)

Batch 161/3783 (cards 4001-4025)

Batch 162/3783 (cards 4026-4050)

Batch 163/3783 (cards 4051-4075)

Batch 164/3783 (cards 4076-4100)

Batch 165/3783 (cards 4101-4125)

Batch 166/3783 (cards 4126-4150)

Batch 167/3783 (cards 4151-4175)

Batch 168/3783 (cards 4176-4200)

Batch 169/3783 (cards 4201-4225)

Batch 170/3783 (cards 4226-4250)

Batch 171/3783 (cards 4251-4275)

Batch 172/3783 (cards 4276-4300)

Batch 173/3783 (cards 4301-4325)

Batch 174/3783 (cards 4326-4350)

Batch 175/3783 (cards 4351-4375)

Batch 176/3783 (cards 4376-4400)

Batch 177/3783 (cards 4401-4425)

Batch 178/3783 (cards 4426-4450)

Batch 179/3783 (cards 4451-4475)

Batch 180/3783 (cards 4476-4500)

Batch 181/3783 (cards 4501-4525)

Batch 182/3783 (cards 4526-4550)

Batch 183/3783 (cards 4551-4575)

Batch 184/3783 (cards 4576-4600)

Batch 185/3783 (cards 4601-4625)

Batch 186/3783 (cards 4626-4650)

Batch 187/3783 (cards 4651-4675)

Batch 188/3783 (cards 4676-4700)

Batch 189/3783 (cards 4701-4725)

Batch 190/3783 (cards 4726-4750)

Batch 191/3783 (cards 4751-4775)

Batch 192/3783 (cards 4776-4800)

Batch 193/3783 (cards 4801-4825)

Batch 194/3783 (cards 4826-4850)

Batch 195/3783 (cards 4851-4875)

Batch 196/3783 (cards 4876-4900)

Batch 197/3783 (cards 4901-4925)

Batch 198/3783 (cards 4926-4950)

Batch 199/3783 (cards 4951-4975)

Batch 200/3783 (cards 4976-5000)

Batch 201/3783 (cards 5001-5025)

Batch 202/3783 (cards 5026-5050)

Batch 203/3783 (cards 5051-5075)

Batch 204/3783 (cards 5076-5100)

Batch 205/3783 (cards 5101-5125)

Batch 206/3783 (cards 5126-5150)

Batch 207/3783 (cards 5151-5175)

Batch 208/3783 (cards 5176-5200)

Batch 209/3783 (cards 5201-5225)

Batch 210/3783 (cards 5226-5250)

Batch 211/3783 (cards 5251-5275)

Batch 212/3783 (cards 5276-5300)

Batch 213/3783 (cards 5301-5325)

Batch 214/3783 (cards 5326-5350)

Batch 215/3783 (cards 5351-5375)

Batch 216/3783 (cards 5376-5400)

Batch 217/3783 (cards 5401-5425)

Batch 218/3783 (cards 5426-5450)

Batch 219/3783 (cards 5451-5475)

Batch 220/3783 (cards 5476-5500)

Batch 221/3783 (cards 5501-5525)

Batch 222/3783 (cards 5526-5550)

Batch 223/3783 (cards 5551-5575)

Batch 224/3783 (cards 5576-5600)

Batch 225/3783 (cards 5601-5625)

Batch 226/3783 (cards 5626-5650)

Batch 227/3783 (cards 5651-5675)

Batch 228/3783 (cards 5676-5700)

Batch 229/3783 (cards 5701-5725)

Batch 230/3783 (cards 5726-5750)

Batch 231/3783 (cards 5751-5775)

Batch 232/3783 (cards 5776-5800)

Batch 233/3783 (cards 5801-5825)

Batch 234/3783 (cards 5826-5850)

Batch 235/3783 (cards 5851-5875)

Batch 236/3783 (cards 5876-5900)

Batch 237/3783 (cards 5901-5925)

Batch 238/3783 (cards 5926-5950)

Batch 239/3783 (cards 5951-5975)

Batch 240/3783 (cards 5976-6000)

Batch 241/3783 (cards 6001-6025)

Batch 242/3783 (cards 6026-6050)

Batch 243/3783 (cards 6051-6075)
2026-01-22 11:04:03,337 - INFO - Progress: Products: 0 created, 5976 skipped, 124 failed | Variants: 0 created, 0 failed | Time: 624.2s
2026-01-22 11:04:05,883 - INFO - Progress: Products: 0 created, 6001 skipped, 124 failed | Variants: 0 created, 0 failed | Time: 626.8s
2026-01-22 11:04:08,489 - INFO - Progress: Products: 0 created, 6026 skipped, 124 failed | Variants: 0 created, 0 failed | Time: 629.4s
2026-01-22 11:04:10,851 - INFO - Progress: Products: 0 created, 6049 skipped, 126 failed | Variants: 0 created, 0 failed | Time: 631.7s
2026-01-22 11:04:13,193 - INFO - Progress: Products: 0 created, 6074 skipped, 126 failed | Variants: 0 created, 0 failed | Time: 634.1s
2026-01-22 11:04:15,534 - INFO - Progress: Products: 0 created, 6099 skipped, 126 failed | Variants: 0 created, 0 failed | Time: 636.4s
2026-01-22 11:04:17,855 - INFO - Progress: Products: 0 created, 6123 skipped, 127 failed | Variants: 0 created, 0 failed | Time: 638.8s
2026-01-22 11:04:20,133 - INFO - Progress: Products: 0 created, 6147 skipped, 128 failed | Variants: 0 created, 0 failed | Time: 641.0s
2026-01-22 11:04:22,793 - INFO - Progress: Products: 0 created, 6172 skipped, 128 failed | Variants: 0 created, 0 failed | Time: 643.7s
2026-01-22 11:04:25,188 - INFO - Progress: Products: 0 created, 6196 skipped, 129 failed | Variants: 0 created, 0 failed | Time: 646.1s
2026-01-22 11:04:27,444 - INFO - Progress: Products: 0 created, 6221 skipped, 129 failed | Variants: 0 created, 0 failed | Time: 648.3s
2026-01-22 11:04:29,676 - INFO - Progress: Products: 0 created, 6245 skipped, 130 failed | Variants: 0 created, 0 failed | Time: 650.6s
2026-01-22 11:04:31,925 - INFO - Progress: Products: 0 created, 6269 skipped, 131 failed | Variants: 0 created, 0 failed | Time: 652.8s
2026-01-22 11:04:34,208 - INFO - Progress: Products: 0 created, 6293 skipped, 132 failed | Variants: 0 created, 0 failed | Time: 655.1s
2026-01-22 11:04:36,486 - INFO - Progress: Products: 0 created, 6318 skipped, 132 failed | Variants: 0 created, 0 failed | Time: 657.4s
2026-01-22 11:04:38,966 - INFO - Progress: Products: 0 created, 6342 skipped, 133 failed | Variants: 0 created, 0 failed | Time: 659.9s
2026-01-22 11:04:41,347 - INFO - Progress: Products: 0 created, 6367 skipped, 133 failed | Variants: 0 created, 0 failed | Time: 662.2s
2026-01-22 11:04:43,611 - INFO - Progress: Products: 0 created, 6391 skipped, 134 failed | Variants: 0 created, 0 failed | Time: 664.5s
2026-01-22 11:04:45,988 - INFO - Progress: Products: 0 created, 6414 skipped, 136 failed | Variants: 0 created, 0 failed | Time: 666.9s
2026-01-22 11:04:48,371 - INFO - Progress: Products: 0 created, 6439 skipped, 136 failed | Variants: 0 created, 0 failed | Time: 669.3s
2026-01-22 11:04:50,954 - INFO - Progress: Products: 0 created, 6463 skipped, 137 failed | Variants: 0 created, 0 failed | Time: 671.9s
2026-01-22 11:04:53,456 - INFO - Progress: Products: 0 created, 6488 skipped, 137 failed | Variants: 0 created, 0 failed | Time: 674.4s
2026-01-22 11:04:55,776 - INFO - Progress: Products: 0 created, 6513 skipped, 137 failed | Variants: 0 created, 0 failed | Time: 676.7s
2026-01-22 11:04:58,068 - INFO - Progress: Products: 0 created, 6537 skipped, 138 failed | Variants: 0 created, 0 failed | Time: 679.0s
2026-01-22 11:05:00,471 - INFO - Progress: Products: 0 created, 6562 skipped, 138 failed | Variants: 0 created, 0 failed | Time: 681.4s
2026-01-22 11:05:03,820 - INFO - Progress: Products: 0 created, 6587 skipped, 138 failed | Variants: 0 created, 0 failed | Time: 684.7s
2026-01-22 11:05:06,366 - INFO - Progress: Products: 0 created, 6611 skipped, 139 failed | Variants: 0 created, 0 failed | Time: 687.3s
2026-01-22 11:05:09,013 - INFO - Progress: Products: 0 created, 6635 skipped, 140 failed | Variants: 0 created, 0 failed | Time: 689.9s
2026-01-22 11:05:11,438 - INFO - Progress: Products: 0 created, 6660 skipped, 140 failed | Variants: 0 created, 0 failed | Time: 692.3s
2026-01-22 11:05:13,785 - INFO - Progress: Products: 0 created, 6685 skipped, 140 failed | Variants: 0 created, 0 failed | Time: 694.7s
2026-01-22 11:05:16,143 - INFO - Progress: Products: 0 created, 6709 skipped, 141 failed | Variants: 0 created, 0 failed | Time: 697.0s
2026-01-22 11:05:18,429 - INFO - Progress: Products: 0 created, 6734 skipped, 141 failed | Variants: 0 created, 0 failed | Time: 699.3s
2026-01-22 11:05:20,689 - INFO - Progress: Products: 0 created, 6758 skipped, 142 failed | Variants: 0 created, 0 failed | Time: 701.6s
2026-01-22 11:05:22,943 - INFO - Progress: Products: 0 created, 6783 skipped, 142 failed | Variants: 0 created, 0 failed | Time: 703.8s
2026-01-22 11:05:25,364 - INFO - Progress: Products: 0 created, 6808 skipped, 142 failed | Variants: 0 created, 0 failed | Time: 706.3s
2026-01-22 11:05:27,634 - INFO - Progress: Products: 0 created, 6833 skipped, 142 failed | Variants: 0 created, 0 failed | Time: 708.5s
2026-01-22 11:05:29,994 - INFO - Progress: Products: 0 created, 6858 skipped, 142 failed | Variants: 0 created, 0 failed | Time: 710.9s
2026-01-22 11:05:32,252 - INFO - Progress: Products: 0 created, 6883 skipped, 142 failed | Variants: 0 created, 0 failed | Time: 713.2s
2026-01-22 11:05:34,468 - INFO - Progress: Products: 0 created, 6908 skipped, 142 failed | Variants: 0 created, 0 failed | Time: 715.4s
2026-01-22 11:05:36,958 - INFO - Progress: Products: 0 created, 6932 skipped, 143 failed | Variants: 0 created, 0 failed | Time: 717.9s
2026-01-22 11:05:39,418 - INFO - Progress: Products: 0 created, 6957 skipped, 143 failed | Variants: 0 created, 0 failed | Time: 720.3s
2026-01-22 11:05:41,739 - INFO - Progress: Products: 0 created, 6982 skipped, 143 failed | Variants: 0 created, 0 failed | Time: 722.6s
2026-01-22 11:05:43,993 - INFO - Progress: Products: 0 created, 7007 skipped, 143 failed | Variants: 0 created, 0 failed | Time: 724.9s
2026-01-22 11:05:46,297 - INFO - Progress: Products: 0 created, 7032 skipped, 143 failed | Variants: 0 created, 0 failed | Time: 727.2s
2026-01-22 11:05:48,636 - INFO - Progress: Products: 0 created, 7057 skipped, 143 failed | Variants: 0 created, 0 failed | Time: 729.5s
2026-01-22 11:05:50,987 - INFO - Progress: Products: 0 created, 7082 skipped, 143 failed | Variants: 0 created, 0 failed | Time: 731.9s
2026-01-22 11:05:53,260 - INFO - Progress: Products: 0 created, 7106 skipped, 144 failed | Variants: 0 created, 0 failed | Time: 734.2s
2026-01-22 11:05:55,529 - INFO - Progress: Products: 0 created, 7131 skipped, 144 failed | Variants: 0 created, 0 failed | Time: 736.4s
2026-01-22 11:05:57,854 - INFO - Progress: Products: 0 created, 7156 skipped, 144 failed | Variants: 0 created, 0 failed | Time: 738.8s
2026-01-22 11:06:00,227 - INFO - Progress: Products: 0 created, 7180 skipped, 145 failed | Variants: 0 created, 0 failed | Time: 741.1s
2026-01-22 11:06:04,243 - INFO - Progress: Products: 0 created, 7204 skipped, 146 failed | Variants: 0 created, 0 failed | Time: 745.1s
2026-01-22 11:06:06,952 - INFO - Progress: Products: 0 created, 7229 skipped, 146 failed | Variants: 0 created, 0 failed | Time: 747.9s
2026-01-22 11:06:09,519 - INFO - Progress: Products: 0 created, 7254 skipped, 146 failed | Variants: 0 created, 0 failed | Time: 750.4s
2026-01-22 11:06:11,783 - INFO - Progress: Products: 0 created, 7279 skipped, 146 failed | Variants: 0 created, 0 failed | Time: 752.7s
2026-01-22 11:06:14,201 - INFO - Progress: Products: 0 created, 7304 skipped, 146 failed | Variants: 0 created, 0 failed | Time: 755.1s
2026-01-22 11:06:16,463 - INFO - Progress: Products: 0 created, 7329 skipped, 146 failed | Variants: 0 created, 0 failed | Time: 757.4s
2026-01-22 11:06:18,737 - INFO - Progress: Products: 0 created, 7354 skipped, 146 failed | Variants: 0 created, 0 failed | Time: 759.6s
2026-01-22 11:06:21,058 - INFO - Progress: Products: 0 created, 7379 skipped, 146 failed | Variants: 0 created, 0 failed | Time: 762.0s
2026-01-22 11:06:23,333 - INFO - Progress: Products: 0 created, 7401 skipped, 149 failed | Variants: 0 created, 0 failed | Time: 764.2s
2026-01-22 11:06:25,664 - INFO - Progress: Products: 0 created, 7425 skipped, 150 failed | Variants: 0 created, 0 failed | Time: 766.6s
2026-01-22 11:06:28,020 - INFO - Progress: Products: 0 created, 7450 skipped, 150 failed | Variants: 0 created, 0 failed | Time: 768.9s
2026-01-22 11:06:30,237 - INFO - Progress: Products: 0 created, 7474 skipped, 151 failed | Variants: 0 created, 0 failed | Time: 771.1s
2026-01-22 11:06:32,549 - INFO - Progress: Products: 0 created, 7499 skipped, 151 failed | Variants: 0 created, 0 failed | Time: 773.4s
2026-01-22 11:06:34,866 - INFO - Progress: Products: 0 created, 7522 skipped, 153 failed | Variants: 0 created, 0 failed | Time: 775.8s
2026-01-22 11:06:37,147 - INFO - Progress: Products: 0 created, 7547 skipped, 153 failed | Variants: 0 created, 0 failed | Time: 778.0s
2026-01-22 11:06:39,733 - INFO - Progress: Products: 0 created, 7572 skipped, 153 failed | Variants: 0 created, 0 failed | Time: 780.6s
2026-01-22 11:06:41,949 - INFO - Progress: Products: 0 created, 7595 skipped, 155 failed | Variants: 0 created, 0 failed | Time: 782.8s
2026-01-22 11:06:44,218 - INFO - Progress: Products: 0 created, 7620 skipped, 155 failed | Variants: 0 created, 0 failed | Time: 785.1s
2026-01-22 11:06:46,539 - INFO - Progress: Products: 0 created, 7645 skipped, 155 failed | Variants: 0 created, 0 failed | Time: 787.4s
2026-01-22 11:06:48,847 - INFO - Progress: Products: 0 created, 7669 skipped, 156 failed | Variants: 0 created, 0 failed | Time: 789.7s
2026-01-22 11:06:51,141 - INFO - Progress: Products: 0 created, 7693 skipped, 157 failed | Variants: 0 created, 0 failed | Time: 792.0s
2026-01-22 11:06:53,381 - INFO - Progress: Products: 0 created, 7718 skipped, 157 failed | Variants: 0 created, 0 failed | Time: 794.3s
2026-01-22 11:06:55,750 - INFO - Progress: Products: 0 created, 7742 skipped, 158 failed | Variants: 0 created, 0 failed | Time: 796.6s
2026-01-22 11:06:58,103 - INFO - Progress: Products: 0 created, 7766 skipped, 159 failed | Variants: 0 created, 0 failed | Time: 799.0s
2026-01-22 11:07:00,613 - INFO - Progress: Products: 0 created, 7791 skipped, 159 failed | Variants: 0 created, 0 failed | Time: 801.5s
2026-01-22 11:07:04,040 - INFO - Progress: Products: 0 created, 7816 skipped, 159 failed | Variants: 0 created, 0 failed | Time: 804.9s
2026-01-22 11:07:06,561 - INFO - Progress: Products: 0 created, 7840 skipped, 160 failed | Variants: 0 created, 0 failed | Time: 807.5s
2026-01-22 11:07:09,255 - INFO - Progress: Products: 0 created, 7865 skipped, 160 failed | Variants: 0 created, 0 failed | Time: 810.2s
2026-01-22 11:07:11,651 - INFO - Progress: Products: 0 created, 7890 skipped, 160 failed | Variants: 0 created, 0 failed | Time: 812.5s
2026-01-22 11:07:13,975 - INFO - Progress: Products: 0 created, 7915 skipped, 160 failed | Variants: 0 created, 0 failed | Time: 814.9s
2026-01-22 11:07:16,502 - INFO - Progress: Products: 0 created, 7939 skipped, 161 failed | Variants: 0 created, 0 failed | Time: 817.4s
2026-01-22 11:07:19,046 - INFO - Progress: Products: 0 created, 7964 skipped, 161 failed | Variants: 0 created, 0 failed | Time: 819.9s
2026-01-22 11:07:21,490 - INFO - Progress: Products: 0 created, 7988 skipped, 162 failed | Variants: 0 created, 0 failed | Time: 822.4s
2026-01-22 11:07:23,884 - INFO - Progress: Products: 0 created, 8013 skipped, 162 failed | Variants: 0 created, 0 failed | Time: 824.8s
2026-01-22 11:07:26,375 - INFO - Progress: Products: 0 created, 8038 skipped, 162 failed | Variants: 0 created, 0 failed | Time: 827.3s
2026-01-22 11:07:28,748 - INFO - Progress: Products: 0 created, 8062 skipped, 163 failed | Variants: 0 created, 0 failed | Time: 829.6s
2026-01-22 11:07:31,139 - INFO - Progress: Products: 0 created, 8086 skipped, 164 failed | Variants: 0 created, 0 failed | Time: 832.0s
2026-01-22 11:07:34,021 - INFO - Progress: Products: 0 created, 8110 skipped, 165 failed | Variants: 0 created, 0 failed | Time: 834.9s
2026-01-22 11:07:36,696 - INFO - Progress: Products: 0 created, 8135 skipped, 165 failed | Variants: 0 created, 0 failed | Time: 837.6s
2026-01-22 11:07:39,364 - INFO - Progress: Products: 0 created, 8159 skipped, 166 failed | Variants: 0 created, 0 failed | Time: 840.3s
2026-01-22 11:07:41,720 - INFO - Progress: Products: 0 created, 8184 skipped, 166 failed | Variants: 0 created, 0 failed | Time: 842.6s
2026-01-22 11:07:45,279 - INFO - Progress: Products: 0 created, 8209 skipped, 166 failed | Variants: 0 created, 0 failed | Time: 846.2s
2026-01-22 11:07:47,618 - INFO - Progress: Products: 0 created, 8233 skipped, 167 failed | Variants: 0 created, 0 failed | Time: 848.5s
2026-01-22 11:07:49,966 - INFO - Progress: Products: 0 created, 8258 skipped, 167 failed | Variants: 0 created, 0 failed | Time: 850.9s
2026-01-22 11:07:52,350 - INFO - Progress: Products: 0 created, 8282 skipped, 168 failed | Variants: 0 created, 0 failed | Time: 853.2s
2026-01-22 11:07:54,652 - INFO - Progress: Products: 0 created, 8307 skipped, 168 failed | Variants: 0 created, 0 failed | Time: 855.6s
2026-01-22 11:07:57,055 - INFO - Progress: Products: 0 created, 8331 skipped, 169 failed | Variants: 0 created, 0 failed | Time: 858.0s
2026-01-22 11:07:59,430 - INFO - Progress: Products: 0 created, 8356 skipped, 169 failed | Variants: 0 created, 0 failed | Time: 860.3s
2026-01-22 11:08:02,238 - INFO - Progress: Products: 0 created, 8381 skipped, 169 failed | Variants: 0 created, 0 failed | Time: 863.1s
2026-01-22 11:08:05,222 - INFO - Progress: Products: 0 created, 8405 skipped, 170 failed | Variants: 0 created, 0 failed | Time: 866.1s
2026-01-22 11:08:07,731 - INFO - Progress: Products: 0 created, 8430 skipped, 170 failed | Variants: 0 created, 0 failed | Time: 868.6s
2026-01-22 11:08:10,619 - INFO - Progress: Products: 0 created, 8453 skipped, 172 failed | Variants: 0 created, 0 failed | Time: 871.5s
2026-01-22 11:08:14,554 - INFO - Progress: Products: 0 created, 8478 skipped, 172 failed | Variants: 0 created, 0 failed | Time: 875.5s
2026-01-22 11:08:17,854 - INFO - Progress: Products: 0 created, 8503 skipped, 172 failed | Variants: 0 created, 0 failed | Time: 878.8s
2026-01-22 11:08:20,156 - INFO - Progress: Products: 0 created, 8528 skipped, 172 failed | Variants: 0 created, 0 failed | Time: 881.1s
2026-01-22 11:08:22,494 - INFO - Progress: Products: 0 created, 8552 skipped, 173 failed | Variants: 0 created, 0 failed | Time: 883.4s
2026-01-22 11:08:24,820 - INFO - Progress: Products: 0 created, 8576 skipped, 174 failed | Variants: 0 created, 0 failed | Time: 885.7s
2026-01-22 11:08:27,307 - INFO - Progress: Products: 0 created, 8601 skipped, 174 failed | Variants: 0 created, 0 failed | Time: 888.2s
2026-01-22 11:08:29,587 - INFO - Progress: Products: 0 created, 8623 skipped, 177 failed | Variants: 0 created, 0 failed | Time: 890.5s
2026-01-22 11:08:31,884 - INFO - Progress: Products: 0 created, 8648 skipped, 177 failed | Variants: 0 created, 0 failed | Time: 892.8s
2026-01-22 11:08:34,223 - INFO - Progress: Products: 0 created, 8671 skipped, 179 failed | Variants: 0 created, 0 failed | Time: 895.1s
2026-01-22 11:08:36,659 - INFO - Progress: Products: 0 created, 8696 skipped, 179 failed | Variants: 0 created, 0 failed | Time: 897.6s
2026-01-22 11:08:39,182 - INFO - Progress: Products: 0 created, 8721 skipped, 179 failed | Variants: 0 created, 0 failed | Time: 900.1s
2026-01-22 11:08:41,686 - INFO - Progress: Products: 0 created, 8746 skipped, 179 failed | Variants: 0 created, 0 failed | Time: 902.6s
2026-01-22 11:08:44,018 - INFO - Progress: Products: 0 created, 8771 skipped, 179 failed | Variants: 0 created, 0 failed | Time: 904.9s
2026-01-22 11:08:46,437 - INFO - Progress: Products: 0 created, 8794 skipped, 181 failed | Variants: 0 created, 0 failed | Time: 907.3s
2026-01-22 11:08:48,941 - INFO - Progress: Products: 0 created, 8819 skipped, 181 failed | Variants: 0 created, 0 failed | Time: 909.8s
2026-01-22 11:08:51,458 - INFO - Progress: Products: 0 created, 8843 skipped, 182 failed | Variants: 0 created, 0 failed | Time: 912.4s
2026-01-22 11:08:53,705 - INFO - Progress: Products: 0 created, 8867 skipped, 183 failed | Variants: 0 created, 0 failed | Time: 914.6s
2026-01-22 11:08:58,629 - INFO - Progress: Products: 0 created, 8892 skipped, 183 failed | Variants: 0 created, 0 failed | Time: 919.5s
2026-01-22 11:09:02,971 - INFO - Progress: Products: 0 created, 8916 skipped, 184 failed | Variants: 0 created, 0 failed | Time: 923.9s
2026-01-22 11:09:05,954 - INFO - Progress: Products: 0 created, 8941 skipped, 184 failed | Variants: 0 created, 0 failed | Time: 926.9s
2026-01-22 11:09:09,817 - INFO - Progress: Products: 0 created, 8966 skipped, 184 failed | Variants: 0 created, 0 failed | Time: 930.7s
2026-01-22 11:09:12,143 - INFO - Progress: Products: 0 created, 8991 skipped, 184 failed | Variants: 0 created, 0 failed | Time: 933.0s
2026-01-22 11:09:14,517 - INFO - Progress: Products: 0 created, 9015 skipped, 185 failed | Variants: 0 created, 0 failed | Time: 935.4s
2026-01-22 11:09:16,880 - INFO - Progress: Products: 0 created, 9040 skipped, 185 failed | Variants: 0 created, 0 failed | Time: 937.8s
2026-01-22 11:09:19,254 - INFO - Progress: Products: 0 created, 9064 skipped, 186 failed | Variants: 0 created, 0 failed | Time: 940.2s
2026-01-22 11:09:21,469 - INFO - Progress: Products: 0 created, 9087 skipped, 188 failed | Variants: 0 created, 0 failed | Time: 942.4s
2026-01-22 11:09:23,833 - INFO - Progress: Products: 0 created, 9112 skipped, 188 failed | Variants: 0 created, 0 failed | Time: 944.7s
2026-01-22 11:09:26,082 - INFO - Progress: Products: 0 created, 9137 skipped, 188 failed | Variants: 0 created, 0 failed | Time: 947.0s
2026-01-22 11:09:28,405 - INFO - Progress: Products: 0 created, 9161 skipped, 189 failed | Variants: 0 created, 0 failed | Time: 949.3s
2026-01-22 11:09:30,744 - INFO - Progress: Products: 0 created, 9186 skipped, 189 failed | Variants: 0 created, 0 failed | Time: 951.6s
2026-01-22 11:09:33,085 - INFO - Progress: Products: 0 created, 9211 skipped, 189 failed | Variants: 0 created, 0 failed | Time: 954.0s
2026-01-22 11:09:35,355 - INFO - Progress: Products: 0 created, 9236 skipped, 189 failed | Variants: 0 created, 0 failed | Time: 956.3s
2026-01-22 11:09:37,831 - INFO - Progress: Products: 0 created, 9260 skipped, 190 failed | Variants: 0 created, 0 failed | Time: 958.7s
2026-01-22 11:09:40,528 - INFO - Progress: Products: 0 created, 9285 skipped, 190 failed | Variants: 0 created, 0 failed | Time: 961.4s
2026-01-22 11:09:43,476 - INFO - Progress: Products: 0 created, 9310 skipped, 190 failed | Variants: 0 created, 0 failed | Time: 964.4s
2026-01-22 11:09:45,863 - INFO - Progress: Products: 0 created, 9335 skipped, 190 failed | Variants: 0 created, 0 failed | Time: 966.8s
2026-01-22 11:09:48,262 - INFO - Progress: Products: 0 created, 9360 skipped, 190 failed | Variants: 0 created, 0 failed | Time: 969.2s
2026-01-22 11:09:50,770 - INFO - Progress: Products: 0 created, 9385 skipped, 190 failed | Variants: 0 created, 0 failed | Time: 971.7s
2026-01-22 11:09:53,053 - INFO - Progress: Products: 0 created, 9410 skipped, 190 failed | Variants: 0 created, 0 failed | Time: 974.0s
2026-01-22 11:09:55,364 - INFO - Progress: Products: 0 created, 9435 skipped, 190 failed | Variants: 0 created, 0 failed | Time: 976.3s
2026-01-22 11:09:57,564 - INFO - Progress: Products: 0 created, 9460 skipped, 190 failed | Variants: 0 created, 0 failed | Time: 978.5s
2026-01-22 11:09:59,860 - INFO - Progress: Products: 0 created, 9485 skipped, 190 failed | Variants: 0 created, 0 failed | Time: 980.8s
2026-01-22 11:10:03,290 - INFO - Progress: Products: 0 created, 9509 skipped, 191 failed | Variants: 0 created, 0 failed | Time: 984.2s
2026-01-22 11:10:06,045 - INFO - Progress: Products: 0 created, 9534 skipped, 191 failed | Variants: 0 created, 0 failed | Time: 986.9s
2026-01-22 11:10:08,659 - INFO - Progress: Products: 0 created, 9558 skipped, 192 failed | Variants: 0 created, 0 failed | Time: 989.6s
2026-01-22 11:10:10,944 - INFO - Progress: Products: 0 created, 9582 skipped, 193 failed | Variants: 0 created, 0 failed | Time: 991.8s
2026-01-22 11:10:13,239 - INFO - Progress: Products: 0 created, 9607 skipped, 193 failed | Variants: 0 created, 0 failed | Time: 994.1s
2026-01-22 11:10:15,576 - INFO - Progress: Products: 0 created, 9632 skipped, 193 failed | Variants: 0 created, 0 failed | Time: 996.5s
2026-01-22 11:10:17,886 - INFO - Progress: Products: 0 created, 9657 skipped, 193 failed | Variants: 0 created, 0 failed | Time: 998.8s
2026-01-22 11:10:20,190 - INFO - Progress: Products: 0 created, 9681 skipped, 194 failed | Variants: 0 created, 0 failed | Time: 1001.1s
2026-01-22 11:10:22,429 - INFO - Progress: Products: 0 created, 9706 skipped, 194 failed | Variants: 0 created, 0 failed | Time: 1003.3s
2026-01-22 11:10:24,685 - INFO - Progress: Products: 0 created, 9730 skipped, 195 failed | Variants: 0 created, 0 failed | Time: 1005.6s
2026-01-22 11:10:27,014 - INFO - Progress: Products: 0 created, 9754 skipped, 196 failed | Variants: 0 created, 0 failed | Time: 1007.9s
2026-01-22 11:10:29,388 - INFO - Progress: Products: 0 created, 9779 skipped, 196 failed | Variants: 0 created, 0 failed | Time: 1010.3s
2026-01-22 11:10:31,766 - INFO - Progress: Products: 0 created, 9804 skipped, 196 failed | Variants: 0 created, 0 failed | Time: 1012.7s
2026-01-22 11:10:34,119 - INFO - Progress: Products: 0 created, 9828 skipped, 197 failed | Variants: 0 created, 0 failed | Time: 1015.0s
2026-01-22 11:10:36,384 - INFO - Progress: Products: 0 created, 9852 skipped, 198 failed | Variants: 0 created, 0 failed | Time: 1017.3s
2026-01-22 11:10:38,989 - INFO - Progress: Products: 0 created, 9876 skipped, 199 failed | Variants: 0 created, 0 failed | Time: 1019.9s
2026-01-22 11:10:41,370 - INFO - Progress: Products: 0 created, 9901 skipped, 199 failed | Variants: 0 created, 0 failed | Time: 1022.3s
2026-01-22 11:10:43,722 - INFO - Progress: Products: 0 created, 9926 skipped, 199 failed | Variants: 0 created, 0 failed | Time: 1024.6s
2026-01-22 11:10:46,126 - INFO - Progress: Products: 0 created, 9950 skipped, 200 failed | Variants: 0 created, 0 failed | Time: 1027.0s
2026-01-22 11:10:48,439 - INFO - Progress: Products: 0 created, 9974 skipped, 201 failed | Variants: 0 created, 0 failed | Time: 1029.3s
2026-01-22 11:10:50,803 - INFO - Progress: Products: 0 created, 9999 skipped, 201 failed | Variants: 0 created, 0 failed | Time: 1031.7s
2026-01-22 11:10:53,130 - INFO - Progress: Products: 0 created, 10024 skipped, 201 failed | Variants: 0 created, 0 failed | Time: 1034.0s
2026-01-22 11:10:55,520 - INFO - Progress: Products: 0 created, 10049 skipped, 201 failed | Variants: 0 created, 0 failed | Time: 1036.4s
2026-01-22 11:10:57,851 - INFO - Progress: Products: 0 created, 10074 skipped, 201 failed | Variants: 0 created, 0 failed | Time: 1038.7s
2026-01-22 11:11:00,341 - INFO - Progress: Products: 0 created, 10098 skipped, 202 failed | Variants: 0 created, 0 failed | Time: 1041.2s
2026-01-22 11:11:03,251 - INFO - Progress: Products: 0 created, 10123 skipped, 202 failed | Variants: 0 created, 0 failed | Time: 1044.1s
2026-01-22 11:11:05,793 - INFO - Progress: Products: 0 created, 10148 skipped, 202 failed | Variants: 0 created, 0 failed | Time: 1046.7s
2026-01-22 11:11:08,351 - INFO - Progress: Products: 0 created, 10173 skipped, 202 failed | Variants: 0 created, 0 failed | Time: 1049.2s
2026-01-22 11:11:10,745 - INFO - Progress: Products: 0 created, 10198 skipped, 202 failed | Variants: 0 created, 0 failed | Time: 1051.6s
2026-01-22 11:11:13,058 - INFO - Progress: Products: 0 created, 10223 skipped, 202 failed | Variants: 0 created, 0 failed | Time: 1054.0s
2026-01-22 11:11:15,326 - INFO - Progress: Products: 0 created, 10248 skipped, 202 failed | Variants: 0 created, 0 failed | Time: 1056.2s
2026-01-22 11:11:17,683 - INFO - Progress: Products: 0 created, 10272 skipped, 203 failed | Variants: 0 created, 0 failed | Time: 1058.6s
2026-01-22 11:11:20,039 - INFO - Progress: Products: 0 created, 10297 skipped, 203 failed | Variants: 0 created, 0 failed | Time: 1060.9s
2026-01-22 11:11:22,340 - INFO - Progress: Products: 0 created, 10322 skipped, 203 failed | Variants: 0 created, 0 failed | Time: 1063.2s
2026-01-22 11:11:24,656 - INFO - Progress: Products: 0 created, 10347 skipped, 203 failed | Variants: 0 created, 0 failed | Time: 1065.6s
2026-01-22 11:11:26,939 - INFO - Progress: Products: 0 created, 10370 skipped, 205 failed | Variants: 0 created, 0 failed | Time: 1067.8s
2026-01-22 11:11:29,261 - INFO - Progress: Products: 0 created, 10395 skipped, 205 failed | Variants: 0 created, 0 failed | Time: 1070.2s
2026-01-22 11:11:31,539 - INFO - Progress: Products: 0 created, 10420 skipped, 205 failed | Variants: 0 created, 0 failed | Time: 1072.4s
2026-01-22 11:11:33,772 - INFO - Progress: Products: 0 created, 10445 skipped, 205 failed | Variants: 0 created, 0 failed | Time: 1074.7s
2026-01-22 11:11:36,160 - INFO - Progress: Products: 0 created, 10470 skipped, 205 failed | Variants: 0 created, 0 failed | Time: 1077.1s
2026-01-22 11:11:38,637 - INFO - Progress: Products: 0 created, 10494 skipped, 206 failed | Variants: 0 created, 0 failed | Time: 1079.5s
2026-01-22 11:11:40,915 - INFO - Progress: Products: 0 created, 10518 skipped, 207 failed | Variants: 0 created, 0 failed | Time: 1081.8s
2026-01-22 11:11:43,225 - INFO - Progress: Products: 0 created, 10541 skipped, 209 failed | Variants: 0 created, 0 failed | Time: 1084.1s
2026-01-22 11:11:45,577 - INFO - Progress: Products: 0 created, 10566 skipped, 209 failed | Variants: 0 created, 0 failed | Time: 1086.5s
2026-01-22 11:11:47,951 - INFO - Progress: Products: 0 created, 10588 skipped, 212 failed | Variants: 0 created, 0 failed | Time: 1088.8s
2026-01-22 11:11:50,253 - INFO - Progress: Products: 0 created, 10613 skipped, 212 failed | Variants: 0 created, 0 failed | Time: 1091.2s
2026-01-22 11:11:52,866 - INFO - Progress: Products: 0 created, 10637 skipped, 213 failed | Variants: 0 created, 0 failed | Time: 1093.8s
2026-01-22 11:11:55,496 - INFO - Progress: Products: 0 created, 10661 skipped, 214 failed | Variants: 0 created, 0 failed | Time: 1096.4s
2026-01-22 11:11:57,790 - INFO - Progress: Products: 0 created, 10685 skipped, 215 failed | Variants: 0 created, 0 failed | Time: 1098.7s
2026-01-22 11:12:00,228 - INFO - Progress: Products: 0 created, 10709 skipped, 216 failed | Variants: 0 created, 0 failed | Time: 1101.1s
2026-01-22 11:12:03,499 - INFO - Progress: Products: 0 created, 10734 skipped, 216 failed | Variants: 0 created, 0 failed | Time: 1104.4s
2026-01-22 11:12:06,119 - INFO - Progress: Products: 0 created, 10759 skipped, 216 failed | Variants: 0 created, 0 failed | Time: 1107.0s
2026-01-22 11:12:08,652 - INFO - Progress: Products: 0 created, 10784 skipped, 216 failed | Variants: 0 created, 0 failed | Time: 1109.6s
2026-01-22 11:12:11,049 - INFO - Progress: Products: 0 created, 10809 skipped, 216 failed | Variants: 0 created, 0 failed | Time: 1111.9s
2026-01-22 11:12:13,459 - INFO - Progress: Products: 0 created, 10834 skipped, 216 failed | Variants: 0 created, 0 failed | Time: 1114.4s
2026-01-22 11:12:15,819 - INFO - Progress: Products: 0 created, 10857 skipped, 218 failed | Variants: 0 created, 0 failed | Time: 1116.7s
2026-01-22 11:12:18,230 - INFO - Progress: Products: 0 created, 10880 skipped, 220 failed | Variants: 0 created, 0 failed | Time: 1119.1s
2026-01-22 11:12:20,665 - INFO - Progress: Products: 0 created, 10905 skipped, 220 failed | Variants: 0 created, 0 failed | Time: 1121.6s
2026-01-22 11:12:22,996 - INFO - Progress: Products: 0 created, 10930 skipped, 220 failed | Variants: 0 created, 0 failed | Time: 1123.9s
2026-01-22 11:12:25,336 - INFO - Progress: Products: 0 created, 10953 skipped, 222 failed | Variants: 0 created, 0 failed | Time: 1126.2s
2026-01-22 11:12:27,688 - INFO - Progress: Products: 0 created, 10976 skipped, 224 failed | Variants: 0 created, 0 failed | Time: 1128.6s
2026-01-22 11:12:30,063 - INFO - Progress: Products: 0 created, 11000 skipped, 225 failed | Variants: 0 created, 0 failed | Time: 1131.0s
2026-01-22 11:12:32,300 - INFO - Progress: Products: 0 created, 11023 skipped, 227 failed | Variants: 0 created, 0 failed | Time: 1133.2s
2026-01-22 11:12:34,658 - INFO - Progress: Products: 0 created, 11048 skipped, 227 failed | Variants: 0 created, 0 failed | Time: 1135.6s
2026-01-22 11:12:37,051 - INFO - Progress: Products: 0 created, 11073 skipped, 227 failed | Variants: 0 created, 0 failed | Time: 1137.9s
2026-01-22 11:12:39,639 - INFO - Progress: Products: 0 created, 11098 skipped, 227 failed | Variants: 0 created, 0 failed | Time: 1140.5s
2026-01-22 11:12:41,855 - INFO - Progress: Products: 0 created, 11122 skipped, 228 failed | Variants: 0 created, 0 failed | Time: 1142.8s
2026-01-22 11:12:44,197 - INFO - Progress: Products: 0 created, 11147 skipped, 228 failed | Variants: 0 created, 0 failed | Time: 1145.1s
2026-01-22 11:12:46,557 - INFO - Progress: Products: 0 created, 11172 skipped, 228 failed | Variants: 0 created, 0 failed | Time: 1147.5s
2026-01-22 11:12:48,853 - INFO - Progress: Products: 0 created, 11197 skipped, 228 failed | Variants: 0 created, 0 failed | Time: 1149.8s
2026-01-22 11:12:51,182 - INFO - Progress: Products: 0 created, 11222 skipped, 228 failed | Variants: 0 created, 0 failed | Time: 1152.1s
2026-01-22 11:12:53,455 - INFO - Progress: Products: 0 created, 11247 skipped, 228 failed | Variants: 0 created, 0 failed | Time: 1154.4s
2026-01-22 11:12:55,691 - INFO - Progress: Products: 0 created, 11271 skipped, 229 failed | Variants: 0 created, 0 failed | Time: 1156.6s
2026-01-22 11:12:57,962 - INFO - Progress: Products: 0 created, 11294 skipped, 231 failed | Variants: 0 created, 0 failed | Time: 1158.9s
2026-01-22 11:13:00,326 - INFO - Progress: Products: 0 created, 11319 skipped, 231 failed | Variants: 0 created, 0 failed | Time: 1161.2s
2026-01-22 11:13:03,209 - INFO - Progress: Products: 0 created, 11342 skipped, 233 failed | Variants: 0 created, 0 failed | Time: 1164.1s
2026-01-22 11:13:05,948 - INFO - Progress: Products: 0 created, 11366 skipped, 234 failed | Variants: 0 created, 0 failed | Time: 1166.8s
2026-01-22 11:13:08,570 - INFO - Progress: Products: 0 created, 11391 skipped, 234 failed | Variants: 0 created, 0 failed | Time: 1169.5s
2026-01-22 11:13:10,894 - INFO - Progress: Products: 0 created, 11416 skipped, 234 failed | Variants: 0 created, 0 failed | Time: 1171.8s
2026-01-22 11:13:13,236 - INFO - Progress: Products: 0 created, 11441 skipped, 234 failed | Variants: 0 created, 0 failed | Time: 1174.1s
2026-01-22 11:13:15,583 - INFO - Progress: Products: 0 created, 11466 skipped, 234 failed | Variants: 0 created, 0 failed | Time: 1176.5s
2026-01-22 11:13:17,867 - INFO - Progress: Products: 0 created, 11491 skipped, 234 failed | Variants: 0 created, 0 failed | Time: 1178.8s
2026-01-22 11:13:20,232 - INFO - Progress: Products: 0 created, 11516 skipped, 234 failed | Variants: 0 created, 0 failed | Time: 1181.1s
2026-01-22 11:13:22,472 - INFO - Progress: Products: 0 created, 11540 skipped, 235 failed | Variants: 0 created, 0 failed | Time: 1183.4s
2026-01-22 11:13:24,762 - INFO - Progress: Products: 0 created, 11565 skipped, 235 failed | Variants: 0 created, 0 failed | Time: 1185.7s
2026-01-22 11:13:27,052 - INFO - Progress: Products: 0 created, 11590 skipped, 235 failed | Variants: 0 created, 0 failed | Time: 1188.0s
2026-01-22 11:13:29,280 - INFO - Progress: Products: 0 created, 11614 skipped, 236 failed | Variants: 0 created, 0 failed | Time: 1190.2s
2026-01-22 11:13:31,633 - INFO - Progress: Products: 0 created, 11638 skipped, 237 failed | Variants: 0 created, 0 failed | Time: 1192.5s
2026-01-22 11:13:33,925 - INFO - Progress: Products: 0 created, 11663 skipped, 237 failed | Variants: 0 created, 0 failed | Time: 1194.8s
2026-01-22 11:13:36,201 - INFO - Progress: Products: 0 created, 11688 skipped, 237 failed | Variants: 0 created, 0 failed | Time: 1197.1s
2026-01-22 11:13:38,765 - INFO - Progress: Products: 0 created, 11712 skipped, 238 failed | Variants: 0 created, 0 failed | Time: 1199.7s
2026-01-22 11:13:40,969 - INFO - Progress: Products: 0 created, 11737 skipped, 238 failed | Variants: 0 created, 0 failed | Time: 1201.9s

Batch 244/3783 (cards 6076-6100)

Batch 245/3783 (cards 6101-6125)

Batch 246/3783 (cards 6126-6150)

Batch 247/3783 (cards 6151-6175)

Batch 248/3783 (cards 6176-6200)

Batch 249/3783 (cards 6201-6225)

Batch 250/3783 (cards 6226-6250)

Batch 251/3783 (cards 6251-6275)

Batch 252/3783 (cards 6276-6300)

Batch 253/3783 (cards 6301-6325)

Batch 254/3783 (cards 6326-6350)

Batch 255/3783 (cards 6351-6375)

Batch 256/3783 (cards 6376-6400)

Batch 257/3783 (cards 6401-6425)

Batch 258/3783 (cards 6426-6450)

Batch 259/3783 (cards 6451-6475)

Batch 260/3783 (cards 6476-6500)

Batch 261/3783 (cards 6501-6525)

Batch 262/3783 (cards 6526-6550)

Batch 263/3783 (cards 6551-6575)

Batch 264/3783 (cards 6576-6600)

Batch 265/3783 (cards 6601-6625)

Batch 266/3783 (cards 6626-6650)

Batch 267/3783 (cards 6651-6675)

Batch 268/3783 (cards 6676-6700)

Batch 269/3783 (cards 6701-6725)

Batch 270/3783 (cards 6726-6750)

Batch 271/3783 (cards 6751-6775)

Batch 272/3783 (cards 6776-6800)

Batch 273/3783 (cards 6801-6825)

Batch 274/3783 (cards 6826-6850)

Batch 275/3783 (cards 6851-6875)

Batch 276/3783 (cards 6876-6900)

Batch 277/3783 (cards 6901-6925)

Batch 278/3783 (cards 6926-6950)

Batch 279/3783 (cards 6951-6975)

Batch 280/3783 (cards 6976-7000)

Batch 281/3783 (cards 7001-7025)

Batch 282/3783 (cards 7026-7050)

Batch 283/3783 (cards 7051-7075)

Batch 284/3783 (cards 7076-7100)

Batch 285/3783 (cards 7101-7125)

Batch 286/3783 (cards 7126-7150)

Batch 287/3783 (cards 7151-7175)

Batch 288/3783 (cards 7176-7200)

Batch 289/3783 (cards 7201-7225)

Batch 290/3783 (cards 7226-7250)

Batch 291/3783 (cards 7251-7275)

Batch 292/3783 (cards 7276-7300)

Batch 293/3783 (cards 7301-7325)

Batch 294/3783 (cards 7326-7350)

Batch 295/3783 (cards 7351-7375)

Batch 296/3783 (cards 7376-7400)

Batch 297/3783 (cards 7401-7425)

Batch 298/3783 (cards 7426-7450)

Batch 299/3783 (cards 7451-7475)

Batch 300/3783 (cards 7476-7500)

Batch 301/3783 (cards 7501-7525)

Batch 302/3783 (cards 7526-7550)

Batch 303/3783 (cards 7551-7575)

Batch 304/3783 (cards 7576-7600)

Batch 305/3783 (cards 7601-7625)

Batch 306/3783 (cards 7626-7650)

Batch 307/3783 (cards 7651-7675)

Batch 308/3783 (cards 7676-7700)

Batch 309/3783 (cards 7701-7725)

Batch 310/3783 (cards 7726-7750)

Batch 311/3783 (cards 7751-7775)

Batch 312/3783 (cards 7776-7800)

Batch 313/3783 (cards 7801-7825)

Batch 314/3783 (cards 7826-7850)

Batch 315/3783 (cards 7851-7875)

Batch 316/3783 (cards 7876-7900)

Batch 317/3783 (cards 7901-7925)

Batch 318/3783 (cards 7926-7950)

Batch 319/3783 (cards 7951-7975)

Batch 320/3783 (cards 7976-8000)

Batch 321/3783 (cards 8001-8025)

Batch 322/3783 (cards 8026-8050)

Batch 323/3783 (cards 8051-8075)

Batch 324/3783 (cards 8076-8100)

Batch 325/3783 (cards 8101-8125)

Batch 326/3783 (cards 8126-8150)

Batch 327/3783 (cards 8151-8175)

Batch 328/3783 (cards 8176-8200)

Batch 329/3783 (cards 8201-8225)

Batch 330/3783 (cards 8226-8250)

Batch 331/3783 (cards 8251-8275)

Batch 332/3783 (cards 8276-8300)

Batch 333/3783 (cards 8301-8325)

Batch 334/3783 (cards 8326-8350)

Batch 335/3783 (cards 8351-8375)

Batch 336/3783 (cards 8376-8400)

Batch 337/3783 (cards 8401-8425)

Batch 338/3783 (cards 8426-8450)

Batch 339/3783 (cards 8451-8475)

Batch 340/3783 (cards 8476-8500)

Batch 341/3783 (cards 8501-8525)

Batch 342/3783 (cards 8526-8550)

Batch 343/3783 (cards 8551-8575)

Batch 344/3783 (cards 8576-8600)

Batch 345/3783 (cards 8601-8625)

Batch 346/3783 (cards 8626-8650)

Batch 347/3783 (cards 8651-8675)

Batch 348/3783 (cards 8676-8700)

Batch 349/3783 (cards 8701-8725)

Batch 350/3783 (cards 8726-8750)

Batch 351/3783 (cards 8751-8775)

Batch 352/3783 (cards 8776-8800)

Batch 353/3783 (cards 8801-8825)

Batch 354/3783 (cards 8826-8850)

Batch 355/3783 (cards 8851-8875)

Batch 356/3783 (cards 8876-8900)

Batch 357/3783 (cards 8901-8925)

Batch 358/3783 (cards 8926-8950)

Batch 359/3783 (cards 8951-8975)

Batch 360/3783 (cards 8976-9000)

Batch 361/3783 (cards 9001-9025)

Batch 362/3783 (cards 9026-9050)

Batch 363/3783 (cards 9051-9075)

Batch 364/3783 (cards 9076-9100)

Batch 365/3783 (cards 9101-9125)

Batch 366/3783 (cards 9126-9150)

Batch 367/3783 (cards 9151-9175)

Batch 368/3783 (cards 9176-9200)

Batch 369/3783 (cards 9201-9225)

Batch 370/3783 (cards 9226-9250)

Batch 371/3783 (cards 9251-9275)

Batch 372/3783 (cards 9276-9300)

Batch 373/3783 (cards 9301-9325)

Batch 374/3783 (cards 9326-9350)

Batch 375/3783 (cards 9351-9375)

Batch 376/3783 (cards 9376-9400)

Batch 377/3783 (cards 9401-9425)

Batch 378/3783 (cards 9426-9450)

Batch 379/3783 (cards 9451-9475)

Batch 380/3783 (cards 9476-9500)

Batch 381/3783 (cards 9501-9525)

Batch 382/3783 (cards 9526-9550)

Batch 383/3783 (cards 9551-9575)

Batch 384/3783 (cards 9576-9600)

Batch 385/3783 (cards 9601-9625)

Batch 386/3783 (cards 9626-9650)

Batch 387/3783 (cards 9651-9675)

Batch 388/3783 (cards 9676-9700)

Batch 389/3783 (cards 9701-9725)

Batch 390/3783 (cards 9726-9750)

Batch 391/3783 (cards 9751-9775)

Batch 392/3783 (cards 9776-9800)

Batch 393/3783 (cards 9801-9825)

Batch 394/3783 (cards 9826-9850)

Batch 395/3783 (cards 9851-9875)

Batch 396/3783 (cards 9876-9900)

Batch 397/3783 (cards 9901-9925)

Batch 398/3783 (cards 9926-9950)

Batch 399/3783 (cards 9951-9975)

Batch 400/3783 (cards 9976-10000)

Batch 401/3783 (cards 10001-10025)

Batch 402/3783 (cards 10026-10050)

Batch 403/3783 (cards 10051-10075)

Batch 404/3783 (cards 10076-10100)

Batch 405/3783 (cards 10101-10125)

Batch 406/3783 (cards 10126-10150)

Batch 407/3783 (cards 10151-10175)

Batch 408/3783 (cards 10176-10200)

Batch 409/3783 (cards 10201-10225)

Batch 410/3783 (cards 10226-10250)

Batch 411/3783 (cards 10251-10275)

Batch 412/3783 (cards 10276-10300)

Batch 413/3783 (cards 10301-10325)

Batch 414/3783 (cards 10326-10350)

Batch 415/3783 (cards 10351-10375)

Batch 416/3783 (cards 10376-10400)

Batch 417/3783 (cards 10401-10425)

Batch 418/3783 (cards 10426-10450)

Batch 419/3783 (cards 10451-10475)

Batch 420/3783 (cards 10476-10500)

Batch 421/3783 (cards 10501-10525)

Batch 422/3783 (cards 10526-10550)

Batch 423/3783 (cards 10551-10575)

Batch 424/3783 (cards 10576-10600)

Batch 425/3783 (cards 10601-10625)

Batch 426/3783 (cards 10626-10650)

Batch 427/3783 (cards 10651-10675)

Batch 428/3783 (cards 10676-10700)

Batch 429/3783 (cards 10701-10725)

Batch 430/3783 (cards 10726-10750)

Batch 431/3783 (cards 10751-10775)

Batch 432/3783 (cards 10776-10800)

Batch 433/3783 (cards 10801-10825)

Batch 434/3783 (cards 10826-10850)

Batch 435/3783 (cards 10851-10875)

Batch 436/3783 (cards 10876-10900)

Batch 437/3783 (cards 10901-10925)

Batch 438/3783 (cards 10926-10950)

Batch 439/3783 (cards 10951-10975)

Batch 440/3783 (cards 10976-11000)

Batch 441/3783 (cards 11001-11025)

Batch 442/3783 (cards 11026-11050)

Batch 443/3783 (cards 11051-11075)

Batch 444/3783 (cards 11076-11100)

Batch 445/3783 (cards 11101-11125)

Batch 446/3783 (cards 11126-11150)

Batch 447/3783 (cards 11151-11175)

Batch 448/3783 (cards 11176-11200)

Batch 449/3783 (cards 11201-11225)

Batch 450/3783 (cards 11226-11250)

Batch 451/3783 (cards 11251-11275)

Batch 452/3783 (cards 11276-11300)

Batch 453/3783 (cards 11301-11325)

Batch 454/3783 (cards 11326-11350)

Batch 455/3783 (cards 11351-11375)

Batch 456/3783 (cards 11376-11400)

Batch 457/3783 (cards 11401-11425)

Batch 458/3783 (cards 11426-11450)

Batch 459/3783 (cards 11451-11475)

Batch 460/3783 (cards 11476-11500)

Batch 461/3783 (cards 11501-11525)

Batch 462/3783 (cards 11526-11550)

Batch 463/3783 (cards 11551-11575)

Batch 464/3783 (cards 11576-11600)

Batch 465/3783 (cards 11601-11625)

Batch 466/3783 (cards 11626-11650)

Batch 467/3783 (cards 11651-11675)

Batch 468/3783 (cards 11676-11700)

Batch 469/3783 (cards 11701-11725)

Batch 470/3783 (cards 11726-11750)

Batch 471/3783 (cards 11751-11775)

Batch 472/3783 (cards 11776-11800)

Batch 473/3783 (cards 11801-11825)

Batch 474/3783 (cards 11826-11850)

Batch 475/3783 (cards 11851-11875)

Batch 476/3783 (cards 11876-11900)

Batch 477/3783 (cards 11901-11925)

Batch 478/3783 (cards 11926-11950)

Batch 479/3783 (cards 11951-11975)
2026-01-22 11:13:43,478 - INFO - Progress: Products: 0 created, 11762 skipped, 238 failed | Variants: 0 created, 0 failed | Time: 1204.4s
2026-01-22 11:13:45,847 - INFO - Progress: Products: 0 created, 11786 skipped, 239 failed | Variants: 0 created, 0 failed | Time: 1206.7s
2026-01-22 11:13:48,101 - INFO - Progress: Products: 0 created, 11809 skipped, 241 failed | Variants: 0 created, 0 failed | Time: 1209.0s
2026-01-22 11:13:50,437 - INFO - Progress: Products: 0 created, 11834 skipped, 241 failed | Variants: 0 created, 0 failed | Time: 1211.3s
2026-01-22 11:13:52,808 - INFO - Progress: Products: 0 created, 11859 skipped, 241 failed | Variants: 0 created, 0 failed | Time: 1213.7s
2026-01-22 11:13:55,159 - INFO - Progress: Products: 0 created, 11882 skipped, 243 failed | Variants: 0 created, 0 failed | Time: 1216.1s
2026-01-22 11:13:57,547 - INFO - Progress: Products: 0 created, 11907 skipped, 243 failed | Variants: 0 created, 0 failed | Time: 1218.4s
2026-01-22 11:13:59,866 - INFO - Progress: Products: 0 created, 11931 skipped, 244 failed | Variants: 0 created, 0 failed | Time: 1220.8s
2026-01-22 11:14:03,298 - INFO - Progress: Products: 0 created, 11956 skipped, 244 failed | Variants: 0 created, 0 failed | Time: 1224.2s
2026-01-22 11:14:05,738 - INFO - Progress: Products: 0 created, 11979 skipped, 246 failed | Variants: 0 created, 0 failed | Time: 1226.6s
2026-01-22 11:14:08,176 - INFO - Progress: Products: 0 created, 12003 skipped, 247 failed | Variants: 0 created, 0 failed | Time: 1229.1s
2026-01-22 11:14:10,674 - INFO - Progress: Products: 0 created, 12027 skipped, 248 failed | Variants: 0 created, 0 failed | Time: 1231.6s
2026-01-22 11:14:12,965 - INFO - Progress: Products: 0 created, 12051 skipped, 249 failed | Variants: 0 created, 0 failed | Time: 1233.9s
2026-01-22 11:14:15,361 - INFO - Progress: Products: 0 created, 12074 skipped, 251 failed | Variants: 0 created, 0 failed | Time: 1236.3s
2026-01-22 11:14:17,713 - INFO - Progress: Products: 0 created, 12099 skipped, 251 failed | Variants: 0 created, 0 failed | Time: 1238.6s
2026-01-22 11:14:19,969 - INFO - Progress: Products: 0 created, 12123 skipped, 252 failed | Variants: 0 created, 0 failed | Time: 1240.9s
2026-01-22 11:14:22,269 - INFO - Progress: Products: 0 created, 12147 skipped, 253 failed | Variants: 0 created, 0 failed | Time: 1243.2s
2026-01-22 11:14:24,568 - INFO - Progress: Products: 0 created, 12171 skipped, 254 failed | Variants: 0 created, 0 failed | Time: 1245.5s
2026-01-22 11:14:26,857 - INFO - Progress: Products: 0 created, 12194 skipped, 256 failed | Variants: 0 created, 0 failed | Time: 1247.8s
2026-01-22 11:14:29,128 - INFO - Progress: Products: 0 created, 12219 skipped, 256 failed | Variants: 0 created, 0 failed | Time: 1250.0s
2026-01-22 11:14:31,419 - INFO - Progress: Products: 0 created, 12244 skipped, 256 failed | Variants: 0 created, 0 failed | Time: 1252.3s
2026-01-22 11:14:33,653 - INFO - Progress: Products: 0 created, 12269 skipped, 256 failed | Variants: 0 created, 0 failed | Time: 1254.6s
2026-01-22 11:14:35,926 - INFO - Progress: Products: 0 created, 12294 skipped, 256 failed | Variants: 0 created, 0 failed | Time: 1256.8s
2026-01-22 11:14:38,389 - INFO - Progress: Products: 0 created, 12318 skipped, 257 failed | Variants: 0 created, 0 failed | Time: 1259.3s
2026-01-22 11:14:40,777 - INFO - Progress: Products: 0 created, 12343 skipped, 257 failed | Variants: 0 created, 0 failed | Time: 1261.7s
2026-01-22 11:14:43,080 - INFO - Progress: Products: 0 created, 12368 skipped, 257 failed | Variants: 0 created, 0 failed | Time: 1264.0s
2026-01-22 11:14:45,539 - INFO - Progress: Products: 0 created, 12393 skipped, 257 failed | Variants: 0 created, 0 failed | Time: 1266.4s
2026-01-22 11:14:47,877 - INFO - Progress: Products: 0 created, 12418 skipped, 257 failed | Variants: 0 created, 0 failed | Time: 1268.8s
2026-01-22 11:14:50,266 - INFO - Progress: Products: 0 created, 12443 skipped, 257 failed | Variants: 0 created, 0 failed | Time: 1271.2s
2026-01-22 11:14:52,556 - INFO - Progress: Products: 0 created, 12468 skipped, 257 failed | Variants: 0 created, 0 failed | Time: 1273.5s
2026-01-22 11:14:54,925 - INFO - Progress: Products: 0 created, 12492 skipped, 258 failed | Variants: 0 created, 0 failed | Time: 1275.8s
2026-01-22 11:14:57,172 - INFO - Progress: Products: 0 created, 12517 skipped, 258 failed | Variants: 0 created, 0 failed | Time: 1278.1s
2026-01-22 11:14:59,489 - INFO - Progress: Products: 0 created, 12541 skipped, 259 failed | Variants: 0 created, 0 failed | Time: 1280.4s
2026-01-22 11:15:02,970 - INFO - Progress: Products: 0 created, 12566 skipped, 259 failed | Variants: 0 created, 0 failed | Time: 1283.9s
2026-01-22 11:15:05,610 - INFO - Progress: Products: 0 created, 12591 skipped, 259 failed | Variants: 0 created, 0 failed | Time: 1286.5s
2026-01-22 11:15:08,186 - INFO - Progress: Products: 0 created, 12616 skipped, 259 failed | Variants: 0 created, 0 failed | Time: 1289.1s
2026-01-22 11:15:10,563 - INFO - Progress: Products: 0 created, 12641 skipped, 259 failed | Variants: 0 created, 0 failed | Time: 1291.5s
2026-01-22 11:15:12,779 - INFO - Progress: Products: 0 created, 12666 skipped, 259 failed | Variants: 0 created, 0 failed | Time: 1293.7s
2026-01-22 11:15:15,135 - INFO - Progress: Products: 0 created, 12691 skipped, 259 failed | Variants: 0 created, 0 failed | Time: 1296.0s
2026-01-22 11:15:17,519 - INFO - Progress: Products: 0 created, 12716 skipped, 259 failed | Variants: 0 created, 0 failed | Time: 1298.4s
2026-01-22 11:15:19,902 - INFO - Progress: Products: 0 created, 12741 skipped, 259 failed | Variants: 0 created, 0 failed | Time: 1300.8s
2026-01-22 11:15:22,157 - INFO - Progress: Products: 0 created, 12766 skipped, 259 failed | Variants: 0 created, 0 failed | Time: 1303.1s
2026-01-22 11:15:24,414 - INFO - Progress: Products: 0 created, 12791 skipped, 259 failed | Variants: 0 created, 0 failed | Time: 1305.3s
2026-01-22 11:15:26,730 - INFO - Progress: Products: 0 created, 12815 skipped, 260 failed | Variants: 0 created, 0 failed | Time: 1307.6s
2026-01-22 11:15:28,997 - INFO - Progress: Products: 0 created, 12840 skipped, 260 failed | Variants: 0 created, 0 failed | Time: 1309.9s
2026-01-22 11:15:31,364 - INFO - Progress: Products: 0 created, 12864 skipped, 261 failed | Variants: 0 created, 0 failed | Time: 1312.3s
2026-01-22 11:15:33,652 - INFO - Progress: Products: 0 created, 12888 skipped, 262 failed | Variants: 0 created, 0 failed | Time: 1314.6s
2026-01-22 11:15:35,942 - INFO - Progress: Products: 0 created, 12912 skipped, 263 failed | Variants: 0 created, 0 failed | Time: 1316.8s
2026-01-22 11:15:38,460 - INFO - Progress: Products: 0 created, 12937 skipped, 263 failed | Variants: 0 created, 0 failed | Time: 1319.4s
2026-01-22 11:15:40,819 - INFO - Progress: Products: 0 created, 12962 skipped, 263 failed | Variants: 0 created, 0 failed | Time: 1321.7s
2026-01-22 11:15:43,081 - INFO - Progress: Products: 0 created, 12987 skipped, 263 failed | Variants: 0 created, 0 failed | Time: 1324.0s
2026-01-22 11:15:45,375 - INFO - Progress: Products: 0 created, 13012 skipped, 263 failed | Variants: 0 created, 0 failed | Time: 1326.3s
2026-01-22 11:15:47,811 - INFO - Progress: Products: 0 created, 13037 skipped, 263 failed | Variants: 0 created, 0 failed | Time: 1328.7s
2026-01-22 11:15:50,182 - INFO - Progress: Products: 0 created, 13061 skipped, 264 failed | Variants: 0 created, 0 failed | Time: 1331.1s
2026-01-22 11:15:52,836 - INFO - Progress: Products: 0 created, 13085 skipped, 265 failed | Variants: 0 created, 0 failed | Time: 1333.7s
2026-01-22 11:15:55,147 - INFO - Progress: Products: 0 created, 13108 skipped, 267 failed | Variants: 0 created, 0 failed | Time: 1336.0s
2026-01-22 11:15:57,479 - INFO - Progress: Products: 0 created, 13132 skipped, 268 failed | Variants: 0 created, 0 failed | Time: 1338.4s
2026-01-22 11:15:59,839 - INFO - Progress: Products: 0 created, 13156 skipped, 269 failed | Variants: 0 created, 0 failed | Time: 1340.7s
2026-01-22 11:16:02,835 - INFO - Progress: Products: 0 created, 13181 skipped, 269 failed | Variants: 0 created, 0 failed | Time: 1343.7s
2026-01-22 11:16:05,377 - INFO - Progress: Products: 0 created, 13206 skipped, 269 failed | Variants: 0 created, 0 failed | Time: 1346.3s
2026-01-22 11:16:07,742 - INFO - Progress: Products: 0 created, 13231 skipped, 269 failed | Variants: 0 created, 0 failed | Time: 1348.6s
2026-01-22 11:16:10,266 - INFO - Progress: Products: 0 created, 13256 skipped, 269 failed | Variants: 0 created, 0 failed | Time: 1351.2s
2026-01-22 11:16:12,620 - INFO - Progress: Products: 0 created, 13279 skipped, 271 failed | Variants: 0 created, 0 failed | Time: 1353.5s
2026-01-22 11:16:14,957 - INFO - Progress: Products: 0 created, 13303 skipped, 272 failed | Variants: 0 created, 0 failed | Time: 1355.9s
2026-01-22 11:16:17,217 - INFO - Progress: Products: 0 created, 13328 skipped, 272 failed | Variants: 0 created, 0 failed | Time: 1358.1s
2026-01-22 11:16:19,542 - INFO - Progress: Products: 0 created, 13353 skipped, 272 failed | Variants: 0 created, 0 failed | Time: 1360.4s
2026-01-22 11:16:21,880 - INFO - Progress: Products: 0 created, 13378 skipped, 272 failed | Variants: 0 created, 0 failed | Time: 1362.8s
2026-01-22 11:16:24,203 - INFO - Progress: Products: 0 created, 13403 skipped, 272 failed | Variants: 0 created, 0 failed | Time: 1365.1s
2026-01-22 11:16:26,588 - INFO - Progress: Products: 0 created, 13428 skipped, 272 failed | Variants: 0 created, 0 failed | Time: 1367.5s
2026-01-22 11:16:28,911 - INFO - Progress: Products: 0 created, 13453 skipped, 272 failed | Variants: 0 created, 0 failed | Time: 1369.8s
2026-01-22 11:16:31,194 - INFO - Progress: Products: 0 created, 13478 skipped, 272 failed | Variants: 0 created, 0 failed | Time: 1372.1s
2026-01-22 11:16:33,485 - INFO - Progress: Products: 0 created, 13502 skipped, 273 failed | Variants: 0 created, 0 failed | Time: 1374.4s
2026-01-22 11:16:35,722 - INFO - Progress: Products: 0 created, 13527 skipped, 273 failed | Variants: 0 created, 0 failed | Time: 1376.6s
2026-01-22 11:16:38,177 - INFO - Progress: Products: 0 created, 13552 skipped, 273 failed | Variants: 0 created, 0 failed | Time: 1379.1s
2026-01-22 11:16:40,387 - INFO - Progress: Products: 0 created, 13577 skipped, 273 failed | Variants: 0 created, 0 failed | Time: 1381.3s
2026-01-22 11:16:42,677 - INFO - Progress: Products: 0 created, 13602 skipped, 273 failed | Variants: 0 created, 0 failed | Time: 1383.6s
2026-01-22 11:16:44,977 - INFO - Progress: Products: 0 created, 13627 skipped, 273 failed | Variants: 0 created, 0 failed | Time: 1385.9s
2026-01-22 11:16:47,275 - INFO - Progress: Products: 0 created, 13650 skipped, 275 failed | Variants: 0 created, 0 failed | Time: 1388.2s
2026-01-22 11:16:49,521 - INFO - Progress: Products: 0 created, 13675 skipped, 275 failed | Variants: 0 created, 0 failed | Time: 1390.4s
2026-01-22 11:16:51,733 - INFO - Progress: Products: 0 created, 13700 skipped, 275 failed | Variants: 0 created, 0 failed | Time: 1392.6s
2026-01-22 11:16:53,961 - INFO - Progress: Products: 0 created, 13724 skipped, 276 failed | Variants: 0 created, 0 failed | Time: 1394.9s
2026-01-22 11:16:56,248 - INFO - Progress: Products: 0 created, 13749 skipped, 276 failed | Variants: 0 created, 0 failed | Time: 1397.1s
2026-01-22 11:16:58,490 - INFO - Progress: Products: 0 created, 13774 skipped, 276 failed | Variants: 0 created, 0 failed | Time: 1399.4s
2026-01-22 11:17:00,892 - INFO - Progress: Products: 0 created, 13798 skipped, 277 failed | Variants: 0 created, 0 failed | Time: 1401.8s
2026-01-22 11:17:04,124 - INFO - Progress: Products: 0 created, 13822 skipped, 278 failed | Variants: 0 created, 0 failed | Time: 1405.0s
2026-01-22 11:17:06,499 - INFO - Progress: Products: 0 created, 13845 skipped, 280 failed | Variants: 0 created, 0 failed | Time: 1407.4s
2026-01-22 11:17:09,079 - INFO - Progress: Products: 0 created, 13870 skipped, 280 failed | Variants: 0 created, 0 failed | Time: 1410.0s
2026-01-22 11:17:11,351 - INFO - Progress: Products: 0 created, 13895 skipped, 280 failed | Variants: 0 created, 0 failed | Time: 1412.2s
2026-01-22 11:17:13,667 - INFO - Progress: Products: 0 created, 13920 skipped, 280 failed | Variants: 0 created, 0 failed | Time: 1414.6s
2026-01-22 11:17:16,034 - INFO - Progress: Products: 0 created, 13944 skipped, 281 failed | Variants: 0 created, 0 failed | Time: 1416.9s
2026-01-22 11:17:18,375 - INFO - Progress: Products: 0 created, 13968 skipped, 282 failed | Variants: 0 created, 0 failed | Time: 1419.3s
2026-01-22 11:17:20,654 - INFO - Progress: Products: 0 created, 13993 skipped, 282 failed | Variants: 0 created, 0 failed | Time: 1421.6s
2026-01-22 11:17:22,833 - INFO - Progress: Products: 0 created, 14017 skipped, 283 failed | Variants: 0 created, 0 failed | Time: 1423.7s
2026-01-22 11:17:25,054 - INFO - Progress: Products: 0 created, 14041 skipped, 284 failed | Variants: 0 created, 0 failed | Time: 1426.0s
2026-01-22 11:17:27,348 - INFO - Progress: Products: 0 created, 14065 skipped, 285 failed | Variants: 0 created, 0 failed | Time: 1428.2s
2026-01-22 11:17:29,578 - INFO - Progress: Products: 0 created, 14090 skipped, 285 failed | Variants: 0 created, 0 failed | Time: 1430.5s
2026-01-22 11:17:31,942 - INFO - Progress: Products: 0 created, 14114 skipped, 286 failed | Variants: 0 created, 0 failed | Time: 1432.8s
2026-01-22 11:17:34,200 - INFO - Progress: Products: 0 created, 14139 skipped, 286 failed | Variants: 0 created, 0 failed | Time: 1435.1s
2026-01-22 11:17:36,442 - INFO - Progress: Products: 0 created, 14164 skipped, 286 failed | Variants: 0 created, 0 failed | Time: 1437.3s
2026-01-22 11:17:38,965 - INFO - Progress: Products: 0 created, 14187 skipped, 288 failed | Variants: 0 created, 0 failed | Time: 1439.9s
2026-01-22 11:17:41,180 - INFO - Progress: Products: 0 created, 14212 skipped, 288 failed | Variants: 0 created, 0 failed | Time: 1442.1s
2026-01-22 11:17:43,453 - INFO - Progress: Products: 0 created, 14237 skipped, 288 failed | Variants: 0 created, 0 failed | Time: 1444.4s
2026-01-22 11:17:46,068 - INFO - Progress: Products: 0 created, 14260 skipped, 290 failed | Variants: 0 created, 0 failed | Time: 1447.0s
2026-01-22 11:17:48,598 - INFO - Progress: Products: 0 created, 14285 skipped, 290 failed | Variants: 0 created, 0 failed | Time: 1449.5s
2026-01-22 11:17:50,880 - INFO - Progress: Products: 0 created, 14309 skipped, 291 failed | Variants: 0 created, 0 failed | Time: 1451.8s
2026-01-22 11:17:53,139 - INFO - Progress: Products: 0 created, 14334 skipped, 291 failed | Variants: 0 created, 0 failed | Time: 1454.0s
2026-01-22 11:17:55,362 - INFO - Progress: Products: 0 created, 14359 skipped, 291 failed | Variants: 0 created, 0 failed | Time: 1456.3s
2026-01-22 11:17:57,604 - INFO - Progress: Products: 0 created, 14383 skipped, 292 failed | Variants: 0 created, 0 failed | Time: 1458.5s
2026-01-22 11:17:59,840 - INFO - Progress: Products: 0 created, 14407 skipped, 293 failed | Variants: 0 created, 0 failed | Time: 1460.7s
2026-01-22 11:18:03,323 - INFO - Progress: Products: 0 created, 14432 skipped, 293 failed | Variants: 0 created, 0 failed | Time: 1464.2s
2026-01-22 11:18:05,923 - INFO - Progress: Products: 0 created, 14457 skipped, 293 failed | Variants: 0 created, 0 failed | Time: 1466.8s
2026-01-22 11:18:08,452 - INFO - Progress: Products: 0 created, 14482 skipped, 293 failed | Variants: 0 created, 0 failed | Time: 1469.4s
2026-01-22 11:18:10,773 - INFO - Progress: Products: 0 created, 14507 skipped, 293 failed | Variants: 0 created, 0 failed | Time: 1471.7s
2026-01-22 11:18:13,031 - INFO - Progress: Products: 0 created, 14532 skipped, 293 failed | Variants: 0 created, 0 failed | Time: 1473.9s
2026-01-22 11:18:15,319 - INFO - Progress: Products: 0 created, 14557 skipped, 293 failed | Variants: 0 created, 0 failed | Time: 1476.2s
2026-01-22 11:18:17,660 - INFO - Progress: Products: 0 created, 14582 skipped, 293 failed | Variants: 0 created, 0 failed | Time: 1478.6s
2026-01-22 11:18:19,952 - INFO - Progress: Products: 0 created, 14606 skipped, 294 failed | Variants: 0 created, 0 failed | Time: 1480.9s
2026-01-22 11:18:22,294 - INFO - Progress: Products: 0 created, 14631 skipped, 294 failed | Variants: 0 created, 0 failed | Time: 1483.2s
2026-01-22 11:18:24,546 - INFO - Progress: Products: 0 created, 14655 skipped, 295 failed | Variants: 0 created, 0 failed | Time: 1485.4s
2026-01-22 11:18:26,804 - INFO - Progress: Products: 0 created, 14679 skipped, 296 failed | Variants: 0 created, 0 failed | Time: 1487.7s
2026-01-22 11:18:29,132 - INFO - Progress: Products: 0 created, 14703 skipped, 297 failed | Variants: 0 created, 0 failed | Time: 1490.0s
2026-01-22 11:18:31,434 - INFO - Progress: Products: 0 created, 14728 skipped, 297 failed | Variants: 0 created, 0 failed | Time: 1492.3s
2026-01-22 11:18:33,674 - INFO - Progress: Products: 0 created, 14753 skipped, 297 failed | Variants: 0 created, 0 failed | Time: 1494.6s
2026-01-22 11:18:35,967 - INFO - Progress: Products: 0 created, 14778 skipped, 297 failed | Variants: 0 created, 0 failed | Time: 1496.9s
2026-01-22 11:18:38,550 - INFO - Progress: Products: 0 created, 14803 skipped, 297 failed | Variants: 0 created, 0 failed | Time: 1499.4s
2026-01-22 11:18:40,771 - INFO - Progress: Products: 0 created, 14828 skipped, 297 failed | Variants: 0 created, 0 failed | Time: 1501.7s
2026-01-22 11:18:43,389 - INFO - Progress: Products: 0 created, 14853 skipped, 297 failed | Variants: 0 created, 0 failed | Time: 1504.3s
2026-01-22 11:18:45,733 - INFO - Progress: Products: 0 created, 14878 skipped, 297 failed | Variants: 0 created, 0 failed | Time: 1506.6s
2026-01-22 11:18:48,035 - INFO - Progress: Products: 0 created, 14903 skipped, 297 failed | Variants: 0 created, 0 failed | Time: 1508.9s
2026-01-22 11:18:50,293 - INFO - Progress: Products: 0 created, 14927 skipped, 298 failed | Variants: 0 created, 0 failed | Time: 1511.2s
2026-01-22 11:18:52,545 - INFO - Progress: Products: 0 created, 14952 skipped, 298 failed | Variants: 0 created, 0 failed | Time: 1513.4s
2026-01-22 11:18:54,865 - INFO - Progress: Products: 0 created, 14977 skipped, 298 failed | Variants: 0 created, 0 failed | Time: 1515.8s
2026-01-22 11:18:57,194 - INFO - Progress: Products: 0 created, 15002 skipped, 298 failed | Variants: 0 created, 0 failed | Time: 1518.1s
2026-01-22 11:18:59,475 - INFO - Progress: Products: 0 created, 15027 skipped, 298 failed | Variants: 0 created, 0 failed | Time: 1520.4s
2026-01-22 11:19:02,228 - INFO - Progress: Products: 0 created, 15052 skipped, 298 failed | Variants: 0 created, 0 failed | Time: 1523.1s
2026-01-22 11:19:05,026 - INFO - Progress: Products: 0 created, 15076 skipped, 299 failed | Variants: 0 created, 0 failed | Time: 1525.9s
2026-01-22 11:19:07,440 - INFO - Progress: Products: 0 created, 15100 skipped, 300 failed | Variants: 0 created, 0 failed | Time: 1528.3s
2026-01-22 11:19:10,104 - INFO - Progress: Products: 0 created, 15125 skipped, 300 failed | Variants: 0 created, 0 failed | Time: 1531.0s
2026-01-22 11:19:12,386 - INFO - Progress: Products: 0 created, 15150 skipped, 300 failed | Variants: 0 created, 0 failed | Time: 1533.3s
2026-01-22 11:19:14,647 - INFO - Progress: Products: 0 created, 15175 skipped, 300 failed | Variants: 0 created, 0 failed | Time: 1535.5s
2026-01-22 11:19:16,888 - INFO - Progress: Products: 0 created, 15199 skipped, 301 failed | Variants: 0 created, 0 failed | Time: 1537.8s
2026-01-22 11:19:19,174 - INFO - Progress: Products: 0 created, 15222 skipped, 303 failed | Variants: 0 created, 0 failed | Time: 1540.1s
2026-01-22 11:19:21,485 - INFO - Progress: Products: 0 created, 15247 skipped, 303 failed | Variants: 0 created, 0 failed | Time: 1542.4s
2026-01-22 11:19:23,734 - INFO - Progress: Products: 0 created, 15272 skipped, 303 failed | Variants: 0 created, 0 failed | Time: 1544.6s
2026-01-22 11:19:25,967 - INFO - Progress: Products: 0 created, 15296 skipped, 304 failed | Variants: 0 created, 0 failed | Time: 1546.9s
2026-01-22 11:19:28,225 - INFO - Progress: Products: 0 created, 15319 skipped, 306 failed | Variants: 0 created, 0 failed | Time: 1549.1s
2026-01-22 11:19:30,492 - INFO - Progress: Products: 0 created, 15344 skipped, 306 failed | Variants: 0 created, 0 failed | Time: 1551.4s
2026-01-22 11:19:32,767 - INFO - Progress: Products: 0 created, 15369 skipped, 306 failed | Variants: 0 created, 0 failed | Time: 1553.7s
2026-01-22 11:19:35,103 - INFO - Progress: Products: 0 created, 15394 skipped, 306 failed | Variants: 0 created, 0 failed | Time: 1556.0s
2026-01-22 11:19:37,460 - INFO - Progress: Products: 0 created, 15419 skipped, 306 failed | Variants: 0 created, 0 failed | Time: 1558.4s
2026-01-22 11:19:39,944 - INFO - Progress: Products: 0 created, 15442 skipped, 308 failed | Variants: 0 created, 0 failed | Time: 1560.8s
2026-01-22 11:19:42,214 - INFO - Progress: Products: 0 created, 15467 skipped, 308 failed | Variants: 0 created, 0 failed | Time: 1563.1s
2026-01-22 11:19:44,483 - INFO - Progress: Products: 0 created, 15492 skipped, 308 failed | Variants: 0 created, 0 failed | Time: 1565.4s
2026-01-22 11:19:46,774 - INFO - Progress: Products: 0 created, 15516 skipped, 309 failed | Variants: 0 created, 0 failed | Time: 1567.7s
2026-01-22 11:19:49,045 - INFO - Progress: Products: 0 created, 15541 skipped, 309 failed | Variants: 0 created, 0 failed | Time: 1569.9s
2026-01-22 11:19:51,341 - INFO - Progress: Products: 0 created, 15564 skipped, 311 failed | Variants: 0 created, 0 failed | Time: 1572.2s
2026-01-22 11:19:53,595 - INFO - Progress: Products: 0 created, 15589 skipped, 311 failed | Variants: 0 created, 0 failed | Time: 1574.5s
2026-01-22 11:19:55,958 - INFO - Progress: Products: 0 created, 15614 skipped, 311 failed | Variants: 0 created, 0 failed | Time: 1576.9s
2026-01-22 11:19:58,185 - INFO - Progress: Products: 0 created, 15638 skipped, 312 failed | Variants: 0 created, 0 failed | Time: 1579.1s
2026-01-22 11:20:00,731 - INFO - Progress: Products: 0 created, 15663 skipped, 312 failed | Variants: 0 created, 0 failed | Time: 1581.6s
2026-01-22 11:20:04,240 - INFO - Progress: Products: 0 created, 15687 skipped, 313 failed | Variants: 0 created, 0 failed | Time: 1585.1s
2026-01-22 11:20:06,737 - INFO - Progress: Products: 0 created, 15712 skipped, 313 failed | Variants: 0 created, 0 failed | Time: 1587.6s
2026-01-22 11:20:09,343 - INFO - Progress: Products: 0 created, 15737 skipped, 313 failed | Variants: 0 created, 0 failed | Time: 1590.2s
2026-01-22 11:20:11,688 - INFO - Progress: Products: 0 created, 15762 skipped, 313 failed | Variants: 0 created, 0 failed | Time: 1592.6s
2026-01-22 11:20:14,004 - INFO - Progress: Products: 0 created, 15787 skipped, 313 failed | Variants: 0 created, 0 failed | Time: 1594.9s
2026-01-22 11:20:16,346 - INFO - Progress: Products: 0 created, 15811 skipped, 314 failed | Variants: 0 created, 0 failed | Time: 1597.2s
2026-01-22 11:20:18,681 - INFO - Progress: Products: 0 created, 15836 skipped, 314 failed | Variants: 0 created, 0 failed | Time: 1599.6s
2026-01-22 11:20:20,946 - INFO - Progress: Products: 0 created, 15861 skipped, 314 failed | Variants: 0 created, 0 failed | Time: 1601.8s
2026-01-22 11:20:23,162 - INFO - Progress: Products: 0 created, 15886 skipped, 314 failed | Variants: 0 created, 0 failed | Time: 1604.1s
2026-01-22 11:20:25,477 - INFO - Progress: Products: 0 created, 15911 skipped, 314 failed | Variants: 0 created, 0 failed | Time: 1606.4s
2026-01-22 11:20:27,753 - INFO - Progress: Products: 0 created, 15936 skipped, 314 failed | Variants: 0 created, 0 failed | Time: 1608.7s
2026-01-22 11:20:30,197 - INFO - Progress: Products: 0 created, 15961 skipped, 314 failed | Variants: 0 created, 0 failed | Time: 1611.1s
2026-01-22 11:20:32,565 - INFO - Progress: Products: 0 created, 15986 skipped, 314 failed | Variants: 0 created, 0 failed | Time: 1613.5s
2026-01-22 11:20:34,874 - INFO - Progress: Products: 0 created, 16010 skipped, 315 failed | Variants: 0 created, 0 failed | Time: 1615.8s
2026-01-22 11:20:37,244 - INFO - Progress: Products: 0 created, 16034 skipped, 316 failed | Variants: 0 created, 0 failed | Time: 1618.1s
2026-01-22 11:20:39,856 - INFO - Progress: Products: 0 created, 16059 skipped, 316 failed | Variants: 0 created, 0 failed | Time: 1620.8s
2026-01-22 11:20:42,170 - INFO - Progress: Products: 0 created, 16084 skipped, 316 failed | Variants: 0 created, 0 failed | Time: 1623.1s
2026-01-22 11:20:44,460 - INFO - Progress: Products: 0 created, 16109 skipped, 316 failed | Variants: 0 created, 0 failed | Time: 1625.4s
2026-01-22 11:20:46,721 - INFO - Progress: Products: 0 created, 16134 skipped, 316 failed | Variants: 0 created, 0 failed | Time: 1627.6s
2026-01-22 11:20:49,035 - INFO - Progress: Products: 0 created, 16159 skipped, 316 failed | Variants: 0 created, 0 failed | Time: 1629.9s
2026-01-22 11:20:51,369 - INFO - Progress: Products: 0 created, 16183 skipped, 317 failed | Variants: 0 created, 0 failed | Time: 1632.3s
2026-01-22 11:20:53,565 - INFO - Progress: Products: 0 created, 16208 skipped, 317 failed | Variants: 0 created, 0 failed | Time: 1634.5s
2026-01-22 11:20:55,990 - INFO - Progress: Products: 0 created, 16233 skipped, 317 failed | Variants: 0 created, 0 failed | Time: 1636.9s
2026-01-22 11:20:58,284 - INFO - Progress: Products: 0 created, 16258 skipped, 317 failed | Variants: 0 created, 0 failed | Time: 1639.2s
2026-01-22 11:21:00,767 - INFO - Progress: Products: 0 created, 16283 skipped, 317 failed | Variants: 0 created, 0 failed | Time: 1641.7s
2026-01-22 11:21:03,967 - INFO - Progress: Products: 0 created, 16308 skipped, 317 failed | Variants: 0 created, 0 failed | Time: 1644.9s
2026-01-22 11:21:06,436 - INFO - Progress: Products: 0 created, 16333 skipped, 317 failed | Variants: 0 created, 0 failed | Time: 1647.3s
2026-01-22 11:21:09,031 - INFO - Progress: Products: 0 created, 16357 skipped, 318 failed | Variants: 0 created, 0 failed | Time: 1649.9s
2026-01-22 11:21:11,457 - INFO - Progress: Products: 0 created, 16382 skipped, 318 failed | Variants: 0 created, 0 failed | Time: 1652.4s
2026-01-22 11:21:16,225 - INFO - Progress: Products: 0 created, 16407 skipped, 318 failed | Variants: 0 created, 0 failed | Time: 1657.1s
2026-01-22 11:21:21,433 - INFO - Progress: Products: 0 created, 16432 skipped, 318 failed | Variants: 0 created, 0 failed | Time: 1662.3s
2026-01-22 11:21:26,420 - INFO - Progress: Products: 0 created, 16457 skipped, 318 failed | Variants: 0 created, 0 failed | Time: 1667.3s
2026-01-22 11:21:31,151 - INFO - Progress: Products: 0 created, 16480 skipped, 320 failed | Variants: 0 created, 0 failed | Time: 1672.0s
2026-01-22 11:21:35,884 - INFO - Progress: Products: 0 created, 16505 skipped, 320 failed | Variants: 0 created, 0 failed | Time: 1676.8s
2026-01-22 11:21:38,375 - INFO - Progress: Products: 0 created, 16530 skipped, 320 failed | Variants: 0 created, 0 failed | Time: 1679.3s
2026-01-22 11:21:40,648 - INFO - Progress: Products: 0 created, 16554 skipped, 321 failed | Variants: 0 created, 0 failed | Time: 1681.5s
2026-01-22 11:21:42,944 - INFO - Progress: Products: 0 created, 16577 skipped, 323 failed | Variants: 0 created, 0 failed | Time: 1683.8s
2026-01-22 11:21:45,267 - INFO - Progress: Products: 0 created, 16602 skipped, 323 failed | Variants: 0 created, 0 failed | Time: 1686.2s
2026-01-22 11:21:47,594 - INFO - Progress: Products: 0 created, 16627 skipped, 323 failed | Variants: 0 created, 0 failed | Time: 1688.5s
2026-01-22 11:21:49,826 - INFO - Progress: Products: 0 created, 16652 skipped, 323 failed | Variants: 0 created, 0 failed | Time: 1690.7s
2026-01-22 11:21:52,062 - INFO - Progress: Products: 0 created, 16677 skipped, 323 failed | Variants: 0 created, 0 failed | Time: 1693.0s
2026-01-22 11:21:54,312 - INFO - Progress: Products: 0 created, 16701 skipped, 324 failed | Variants: 0 created, 0 failed | Time: 1695.2s
2026-01-22 11:21:56,614 - INFO - Progress: Products: 0 created, 16726 skipped, 324 failed | Variants: 0 created, 0 failed | Time: 1697.5s
2026-01-22 11:21:58,901 - INFO - Progress: Products: 0 created, 16751 skipped, 324 failed | Variants: 0 created, 0 failed | Time: 1699.8s
2026-01-22 11:22:01,304 - INFO - Progress: Products: 0 created, 16776 skipped, 324 failed | Variants: 0 created, 0 failed | Time: 1702.2s
2026-01-22 11:22:04,519 - INFO - Progress: Products: 0 created, 16800 skipped, 325 failed | Variants: 0 created, 0 failed | Time: 1705.4s
2026-01-22 11:22:06,847 - INFO - Progress: Products: 0 created, 16825 skipped, 325 failed | Variants: 0 created, 0 failed | Time: 1707.7s
2026-01-22 11:22:09,347 - INFO - Progress: Products: 0 created, 16849 skipped, 326 failed | Variants: 0 created, 0 failed | Time: 1710.2s
2026-01-22 11:22:11,654 - INFO - Progress: Products: 0 created, 16874 skipped, 326 failed | Variants: 0 created, 0 failed | Time: 1712.6s
2026-01-22 11:22:14,004 - INFO - Progress: Products: 0 created, 16898 skipped, 327 failed | Variants: 0 created, 0 failed | Time: 1714.9s
2026-01-22 11:22:16,403 - INFO - Progress: Products: 0 created, 16922 skipped, 328 failed | Variants: 0 created, 0 failed | Time: 1717.3s
2026-01-22 11:22:18,745 - INFO - Progress: Products: 0 created, 16947 skipped, 328 failed | Variants: 0 created, 0 failed | Time: 1719.6s
2026-01-22 11:22:21,085 - INFO - Progress: Products: 0 created, 16970 skipped, 330 failed | Variants: 0 created, 0 failed | Time: 1722.0s
2026-01-22 11:22:23,422 - INFO - Progress: Products: 0 created, 16995 skipped, 330 failed | Variants: 0 created, 0 failed | Time: 1724.3s
2026-01-22 11:22:25,687 - INFO - Progress: Products: 0 created, 17020 skipped, 330 failed | Variants: 0 created, 0 failed | Time: 1726.6s
2026-01-22 11:22:27,996 - INFO - Progress: Products: 0 created, 17043 skipped, 332 failed | Variants: 0 created, 0 failed | Time: 1728.9s
2026-01-22 11:22:30,286 - INFO - Progress: Products: 0 created, 17068 skipped, 332 failed | Variants: 0 created, 0 failed | Time: 1731.2s
2026-01-22 11:22:32,582 - INFO - Progress: Products: 0 created, 17093 skipped, 332 failed | Variants: 0 created, 0 failed | Time: 1733.5s
2026-01-22 11:22:34,865 - INFO - Progress: Products: 0 created, 17118 skipped, 332 failed | Variants: 0 created, 0 failed | Time: 1735.8s
2026-01-22 11:22:37,181 - INFO - Progress: Products: 0 created, 17142 skipped, 333 failed | Variants: 0 created, 0 failed | Time: 1738.1s
2026-01-22 11:22:39,706 - INFO - Progress: Products: 0 created, 17167 skipped, 333 failed | Variants: 0 created, 0 failed | Time: 1740.6s
2026-01-22 11:22:42,072 - INFO - Progress: Products: 0 created, 17192 skipped, 333 failed | Variants: 0 created, 0 failed | Time: 1743.0s
2026-01-22 11:22:44,359 - INFO - Progress: Products: 0 created, 17217 skipped, 333 failed | Variants: 0 created, 0 failed | Time: 1745.3s
2026-01-22 11:22:46,678 - INFO - Progress: Products: 0 created, 17241 skipped, 334 failed | Variants: 0 created, 0 failed | Time: 1747.6s
2026-01-22 11:22:48,984 - INFO - Progress: Products: 0 created, 17266 skipped, 334 failed | Variants: 0 created, 0 failed | Time: 1749.9s
2026-01-22 11:22:51,241 - INFO - Progress: Products: 0 created, 17291 skipped, 334 failed | Variants: 0 created, 0 failed | Time: 1752.1s
2026-01-22 11:22:53,511 - INFO - Progress: Products: 0 created, 17316 skipped, 334 failed | Variants: 0 created, 0 failed | Time: 1754.4s

Batch 480/3783 (cards 11976-12000)

Batch 481/3783 (cards 12001-12025)

Batch 482/3783 (cards 12026-12050)

Batch 483/3783 (cards 12051-12075)

Batch 484/3783 (cards 12076-12100)

Batch 485/3783 (cards 12101-12125)

Batch 486/3783 (cards 12126-12150)

Batch 487/3783 (cards 12151-12175)

Batch 488/3783 (cards 12176-12200)

Batch 489/3783 (cards 12201-12225)

Batch 490/3783 (cards 12226-12250)

Batch 491/3783 (cards 12251-12275)

Batch 492/3783 (cards 12276-12300)

Batch 493/3783 (cards 12301-12325)

Batch 494/3783 (cards 12326-12350)

Batch 495/3783 (cards 12351-12375)

Batch 496/3783 (cards 12376-12400)

Batch 497/3783 (cards 12401-12425)

Batch 498/3783 (cards 12426-12450)

Batch 499/3783 (cards 12451-12475)

Batch 500/3783 (cards 12476-12500)

Batch 501/3783 (cards 12501-12525)

Batch 502/3783 (cards 12526-12550)

Batch 503/3783 (cards 12551-12575)

Batch 504/3783 (cards 12576-12600)

Batch 505/3783 (cards 12601-12625)

Batch 506/3783 (cards 12626-12650)

Batch 507/3783 (cards 12651-12675)

Batch 508/3783 (cards 12676-12700)

Batch 509/3783 (cards 12701-12725)

Batch 510/3783 (cards 12726-12750)

Batch 511/3783 (cards 12751-12775)

Batch 512/3783 (cards 12776-12800)

Batch 513/3783 (cards 12801-12825)

Batch 514/3783 (cards 12826-12850)

Batch 515/3783 (cards 12851-12875)

Batch 516/3783 (cards 12876-12900)

Batch 517/3783 (cards 12901-12925)

Batch 518/3783 (cards 12926-12950)

Batch 519/3783 (cards 12951-12975)

Batch 520/3783 (cards 12976-13000)

Batch 521/3783 (cards 13001-13025)

Batch 522/3783 (cards 13026-13050)

Batch 523/3783 (cards 13051-13075)

Batch 524/3783 (cards 13076-13100)

Batch 525/3783 (cards 13101-13125)

Batch 526/3783 (cards 13126-13150)

Batch 527/3783 (cards 13151-13175)

Batch 528/3783 (cards 13176-13200)

Batch 529/3783 (cards 13201-13225)

Batch 530/3783 (cards 13226-13250)

Batch 531/3783 (cards 13251-13275)

Batch 532/3783 (cards 13276-13300)

Batch 533/3783 (cards 13301-13325)

Batch 534/3783 (cards 13326-13350)

Batch 535/3783 (cards 13351-13375)

Batch 536/3783 (cards 13376-13400)

Batch 537/3783 (cards 13401-13425)

Batch 538/3783 (cards 13426-13450)

Batch 539/3783 (cards 13451-13475)

Batch 540/3783 (cards 13476-13500)

Batch 541/3783 (cards 13501-13525)

Batch 542/3783 (cards 13526-13550)

Batch 543/3783 (cards 13551-13575)

Batch 544/3783 (cards 13576-13600)

Batch 545/3783 (cards 13601-13625)

Batch 546/3783 (cards 13626-13650)

Batch 547/3783 (cards 13651-13675)

Batch 548/3783 (cards 13676-13700)

Batch 549/3783 (cards 13701-13725)

Batch 550/3783 (cards 13726-13750)

Batch 551/3783 (cards 13751-13775)

Batch 552/3783 (cards 13776-13800)

Batch 553/3783 (cards 13801-13825)

Batch 554/3783 (cards 13826-13850)

Batch 555/3783 (cards 13851-13875)

Batch 556/3783 (cards 13876-13900)

Batch 557/3783 (cards 13901-13925)

Batch 558/3783 (cards 13926-13950)

Batch 559/3783 (cards 13951-13975)

Batch 560/3783 (cards 13976-14000)

Batch 561/3783 (cards 14001-14025)

Batch 562/3783 (cards 14026-14050)

Batch 563/3783 (cards 14051-14075)

Batch 564/3783 (cards 14076-14100)

Batch 565/3783 (cards 14101-14125)

Batch 566/3783 (cards 14126-14150)

Batch 567/3783 (cards 14151-14175)

Batch 568/3783 (cards 14176-14200)

Batch 569/3783 (cards 14201-14225)

Batch 570/3783 (cards 14226-14250)

Batch 571/3783 (cards 14251-14275)

Batch 572/3783 (cards 14276-14300)

Batch 573/3783 (cards 14301-14325)

Batch 574/3783 (cards 14326-14350)

Batch 575/3783 (cards 14351-14375)

Batch 576/3783 (cards 14376-14400)

Batch 577/3783 (cards 14401-14425)

Batch 578/3783 (cards 14426-14450)

Batch 579/3783 (cards 14451-14475)

Batch 580/3783 (cards 14476-14500)

Batch 581/3783 (cards 14501-14525)

Batch 582/3783 (cards 14526-14550)

Batch 583/3783 (cards 14551-14575)

Batch 584/3783 (cards 14576-14600)

Batch 585/3783 (cards 14601-14625)

Batch 586/3783 (cards 14626-14650)

Batch 587/3783 (cards 14651-14675)

Batch 588/3783 (cards 14676-14700)

Batch 589/3783 (cards 14701-14725)

Batch 590/3783 (cards 14726-14750)

Batch 591/3783 (cards 14751-14775)

Batch 592/3783 (cards 14776-14800)

Batch 593/3783 (cards 14801-14825)

Batch 594/3783 (cards 14826-14850)

Batch 595/3783 (cards 14851-14875)

Batch 596/3783 (cards 14876-14900)

Batch 597/3783 (cards 14901-14925)

Batch 598/3783 (cards 14926-14950)

Batch 599/3783 (cards 14951-14975)

Batch 600/3783 (cards 14976-15000)

Batch 601/3783 (cards 15001-15025)

Batch 602/3783 (cards 15026-15050)

Batch 603/3783 (cards 15051-15075)

Batch 604/3783 (cards 15076-15100)

Batch 605/3783 (cards 15101-15125)

Batch 606/3783 (cards 15126-15150)

Batch 607/3783 (cards 15151-15175)

Batch 608/3783 (cards 15176-15200)

Batch 609/3783 (cards 15201-15225)

Batch 610/3783 (cards 15226-15250)

Batch 611/3783 (cards 15251-15275)

Batch 612/3783 (cards 15276-15300)

Batch 613/3783 (cards 15301-15325)

Batch 614/3783 (cards 15326-15350)

Batch 615/3783 (cards 15351-15375)

Batch 616/3783 (cards 15376-15400)

Batch 617/3783 (cards 15401-15425)

Batch 618/3783 (cards 15426-15450)

Batch 619/3783 (cards 15451-15475)

Batch 620/3783 (cards 15476-15500)

Batch 621/3783 (cards 15501-15525)

Batch 622/3783 (cards 15526-15550)

Batch 623/3783 (cards 15551-15575)

Batch 624/3783 (cards 15576-15600)

Batch 625/3783 (cards 15601-15625)

Batch 626/3783 (cards 15626-15650)

Batch 627/3783 (cards 15651-15675)

Batch 628/3783 (cards 15676-15700)

Batch 629/3783 (cards 15701-15725)

Batch 630/3783 (cards 15726-15750)

Batch 631/3783 (cards 15751-15775)

Batch 632/3783 (cards 15776-15800)

Batch 633/3783 (cards 15801-15825)

Batch 634/3783 (cards 15826-15850)

Batch 635/3783 (cards 15851-15875)

Batch 636/3783 (cards 15876-15900)

Batch 637/3783 (cards 15901-15925)

Batch 638/3783 (cards 15926-15950)

Batch 639/3783 (cards 15951-15975)

Batch 640/3783 (cards 15976-16000)

Batch 641/3783 (cards 16001-16025)

Batch 642/3783 (cards 16026-16050)

Batch 643/3783 (cards 16051-16075)

Batch 644/3783 (cards 16076-16100)

Batch 645/3783 (cards 16101-16125)

Batch 646/3783 (cards 16126-16150)

Batch 647/3783 (cards 16151-16175)

Batch 648/3783 (cards 16176-16200)

Batch 649/3783 (cards 16201-16225)

Batch 650/3783 (cards 16226-16250)

Batch 651/3783 (cards 16251-16275)

Batch 652/3783 (cards 16276-16300)

Batch 653/3783 (cards 16301-16325)

Batch 654/3783 (cards 16326-16350)

Batch 655/3783 (cards 16351-16375)

Batch 656/3783 (cards 16376-16400)

Batch 657/3783 (cards 16401-16425)

Batch 658/3783 (cards 16426-16450)

Batch 659/3783 (cards 16451-16475)

Batch 660/3783 (cards 16476-16500)

Batch 661/3783 (cards 16501-16525)

Batch 662/3783 (cards 16526-16550)

Batch 663/3783 (cards 16551-16575)

Batch 664/3783 (cards 16576-16600)

Batch 665/3783 (cards 16601-16625)

Batch 666/3783 (cards 16626-16650)

Batch 667/3783 (cards 16651-16675)

Batch 668/3783 (cards 16676-16700)

Batch 669/3783 (cards 16701-16725)

Batch 670/3783 (cards 16726-16750)

Batch 671/3783 (cards 16751-16775)

Batch 672/3783 (cards 16776-16800)

Batch 673/3783 (cards 16801-16825)

Batch 674/3783 (cards 16826-16850)

Batch 675/3783 (cards 16851-16875)

Batch 676/3783 (cards 16876-16900)

Batch 677/3783 (cards 16901-16925)

Batch 678/3783 (cards 16926-16950)

Batch 679/3783 (cards 16951-16975)

Batch 680/3783 (cards 16976-17000)

Batch 681/3783 (cards 17001-17025)

Batch 682/3783 (cards 17026-17050)

Batch 683/3783 (cards 17051-17075)

Batch 684/3783 (cards 17076-17100)

Batch 685/3783 (cards 17101-17125)

Batch 686/3783 (cards 17126-17150)

Batch 687/3783 (cards 17151-17175)

Batch 688/3783 (cards 17176-17200)

Batch 689/3783 (cards 17201-17225)

Batch 690/3783 (cards 17226-17250)

Batch 691/3783 (cards 17251-17275)

Batch 692/3783 (cards 17276-17300)

Batch 693/3783 (cards 17301-17325)

Batch 694/3783 (cards 17326-17350)

Batch 695/3783 (cards 17351-17375)

Batch 696/3783 (cards 17376-17400)

Batch 697/3783 (cards 17401-17425)

Batch 698/3783 (cards 17426-17450)

Batch 699/3783 (cards 17451-17475)

Batch 700/3783 (cards 17476-17500)

Batch 701/3783 (cards 17501-17525)

Batch 702/3783 (cards 17526-17550)

Batch 703/3783 (cards 17551-17575)

Batch 704/3783 (cards 17576-17600)

Batch 705/3783 (cards 17601-17625)

Batch 706/3783 (cards 17626-17650)
2026-01-22 11:22:55,862 - INFO - Progress: Products: 0 created, 17341 skipped, 334 failed | Variants: 0 created, 0 failed | Time: 1756.8s
2026-01-22 11:22:58,120 - INFO - Progress: Products: 0 created, 17365 skipped, 335 failed | Variants: 0 created, 0 failed | Time: 1759.0s
2026-01-22 11:23:00,398 - INFO - Progress: Products: 0 created, 17389 skipped, 336 failed | Variants: 0 created, 0 failed | Time: 1761.3s
2026-01-22 11:23:03,434 - INFO - Progress: Products: 0 created, 17412 skipped, 338 failed | Variants: 0 created, 0 failed | Time: 1764.3s
2026-01-22 11:23:05,842 - INFO - Progress: Products: 0 created, 17437 skipped, 338 failed | Variants: 0 created, 0 failed | Time: 1766.7s
2026-01-22 11:23:08,421 - INFO - Progress: Products: 0 created, 17462 skipped, 338 failed | Variants: 0 created, 0 failed | Time: 1769.3s
2026-01-22 11:23:10,689 - INFO - Progress: Products: 0 created, 17487 skipped, 338 failed | Variants: 0 created, 0 failed | Time: 1771.6s
2026-01-22 11:23:12,945 - INFO - Progress: Products: 0 created, 17512 skipped, 338 failed | Variants: 0 created, 0 failed | Time: 1773.8s
2026-01-22 11:23:15,246 - INFO - Progress: Products: 0 created, 17536 skipped, 339 failed | Variants: 0 created, 0 failed | Time: 1776.1s
2026-01-22 11:23:17,565 - INFO - Progress: Products: 0 created, 17561 skipped, 339 failed | Variants: 0 created, 0 failed | Time: 1778.5s
2026-01-22 11:23:19,843 - INFO - Progress: Products: 0 created, 17586 skipped, 339 failed | Variants: 0 created, 0 failed | Time: 1780.7s
2026-01-22 11:23:22,088 - INFO - Progress: Products: 0 created, 17610 skipped, 340 failed | Variants: 0 created, 0 failed | Time: 1783.0s
2026-01-22 11:23:24,397 - INFO - Progress: Products: 0 created, 17634 skipped, 341 failed | Variants: 0 created, 0 failed | Time: 1785.3s
2026-01-22 11:23:26,724 - INFO - Progress: Products: 0 created, 17658 skipped, 342 failed | Variants: 0 created, 0 failed | Time: 1787.6s
2026-01-22 11:23:28,998 - INFO - Progress: Products: 0 created, 17683 skipped, 342 failed | Variants: 0 created, 0 failed | Time: 1789.9s
2026-01-22 11:23:31,298 - INFO - Progress: Products: 0 created, 17707 skipped, 343 failed | Variants: 0 created, 0 failed | Time: 1792.2s
2026-01-22 11:23:33,567 - INFO - Progress: Products: 0 created, 17732 skipped, 343 failed | Variants: 0 created, 0 failed | Time: 1794.5s
2026-01-22 11:23:35,913 - INFO - Progress: Products: 0 created, 17757 skipped, 343 failed | Variants: 0 created, 0 failed | Time: 1796.8s
2026-01-22 11:23:38,414 - INFO - Progress: Products: 0 created, 17782 skipped, 343 failed | Variants: 0 created, 0 failed | Time: 1799.3s
2026-01-22 11:23:40,765 - INFO - Progress: Products: 0 created, 17807 skipped, 343 failed | Variants: 0 created, 0 failed | Time: 1801.7s
2026-01-22 11:23:43,070 - INFO - Progress: Products: 0 created, 17832 skipped, 343 failed | Variants: 0 created, 0 failed | Time: 1804.0s
2026-01-22 11:23:45,766 - INFO - Progress: Products: 0 created, 17856 skipped, 344 failed | Variants: 0 created, 0 failed | Time: 1806.7s
2026-01-22 11:23:48,119 - INFO - Progress: Products: 0 created, 17881 skipped, 344 failed | Variants: 0 created, 0 failed | Time: 1809.0s
2026-01-22 11:23:50,398 - INFO - Progress: Products: 0 created, 17906 skipped, 344 failed | Variants: 0 created, 0 failed | Time: 1811.3s
2026-01-22 11:23:52,720 - INFO - Progress: Products: 0 created, 17931 skipped, 344 failed | Variants: 0 created, 0 failed | Time: 1813.6s
2026-01-22 11:23:54,949 - INFO - Progress: Products: 0 created, 17955 skipped, 345 failed | Variants: 0 created, 0 failed | Time: 1815.8s
2026-01-22 11:23:57,284 - INFO - Progress: Products: 0 created, 17980 skipped, 345 failed | Variants: 0 created, 0 failed | Time: 1818.2s
2026-01-22 11:23:59,633 - INFO - Progress: Products: 0 created, 18004 skipped, 346 failed | Variants: 0 created, 0 failed | Time: 1820.5s
2026-01-22 11:24:02,835 - INFO - Progress: Products: 0 created, 18029 skipped, 346 failed | Variants: 0 created, 0 failed | Time: 1823.7s
2026-01-22 11:24:05,294 - INFO - Progress: Products: 0 created, 18054 skipped, 346 failed | Variants: 0 created, 0 failed | Time: 1826.2s
2026-01-22 11:24:07,566 - INFO - Progress: Products: 0 created, 18079 skipped, 346 failed | Variants: 0 created, 0 failed | Time: 1828.5s
2026-01-22 11:24:10,234 - INFO - Progress: Products: 0 created, 18102 skipped, 348 failed | Variants: 0 created, 0 failed | Time: 1831.1s
2026-01-22 11:24:12,552 - INFO - Progress: Products: 0 created, 18127 skipped, 348 failed | Variants: 0 created, 0 failed | Time: 1833.5s
2026-01-22 11:24:14,865 - INFO - Progress: Products: 0 created, 18152 skipped, 348 failed | Variants: 0 created, 0 failed | Time: 1835.8s
2026-01-22 11:24:17,210 - INFO - Progress: Products: 0 created, 18176 skipped, 349 failed | Variants: 0 created, 0 failed | Time: 1838.1s
2026-01-22 11:24:19,463 - INFO - Progress: Products: 0 created, 18200 skipped, 350 failed | Variants: 0 created, 0 failed | Time: 1840.4s
2026-01-22 11:24:21,778 - INFO - Progress: Products: 0 created, 18224 skipped, 351 failed | Variants: 0 created, 0 failed | Time: 1842.7s
2026-01-22 11:24:24,052 - INFO - Progress: Products: 0 created, 18249 skipped, 351 failed | Variants: 0 created, 0 failed | Time: 1845.0s
2026-01-22 11:24:26,291 - INFO - Progress: Products: 0 created, 18273 skipped, 352 failed | Variants: 0 created, 0 failed | Time: 1847.2s
2026-01-22 11:24:28,626 - INFO - Progress: Products: 0 created, 18297 skipped, 353 failed | Variants: 0 created, 0 failed | Time: 1849.5s
2026-01-22 11:24:30,863 - INFO - Progress: Products: 0 created, 18321 skipped, 354 failed | Variants: 0 created, 0 failed | Time: 1851.8s
2026-01-22 11:24:33,162 - INFO - Progress: Products: 0 created, 18346 skipped, 354 failed | Variants: 0 created, 0 failed | Time: 1854.1s
2026-01-22 11:24:35,467 - INFO - Progress: Products: 0 created, 18371 skipped, 354 failed | Variants: 0 created, 0 failed | Time: 1856.4s
2026-01-22 11:24:37,953 - INFO - Progress: Products: 0 created, 18394 skipped, 356 failed | Variants: 0 created, 0 failed | Time: 1858.9s
2026-01-22 11:24:40,318 - INFO - Progress: Products: 0 created, 18417 skipped, 358 failed | Variants: 0 created, 0 failed | Time: 1861.2s
2026-01-22 11:24:42,703 - INFO - Progress: Products: 0 created, 18442 skipped, 358 failed | Variants: 0 created, 0 failed | Time: 1863.6s
2026-01-22 11:24:45,068 - INFO - Progress: Products: 0 created, 18465 skipped, 360 failed | Variants: 0 created, 0 failed | Time: 1866.0s
2026-01-22 11:24:47,483 - INFO - Progress: Products: 0 created, 18490 skipped, 360 failed | Variants: 0 created, 0 failed | Time: 1868.4s
2026-01-22 11:24:49,874 - INFO - Progress: Products: 0 created, 18514 skipped, 361 failed | Variants: 0 created, 0 failed | Time: 1870.8s
2026-01-22 11:24:52,185 - INFO - Progress: Products: 0 created, 18539 skipped, 361 failed | Variants: 0 created, 0 failed | Time: 1873.1s
2026-01-22 11:24:54,480 - INFO - Progress: Products: 0 created, 18564 skipped, 361 failed | Variants: 0 created, 0 failed | Time: 1875.4s
2026-01-22 11:24:56,800 - INFO - Progress: Products: 0 created, 18588 skipped, 362 failed | Variants: 0 created, 0 failed | Time: 1877.7s
2026-01-22 11:24:59,039 - INFO - Progress: Products: 0 created, 18613 skipped, 362 failed | Variants: 0 created, 0 failed | Time: 1879.9s
2026-01-22 11:25:02,196 - INFO - Progress: Products: 0 created, 18638 skipped, 362 failed | Variants: 0 created, 0 failed | Time: 1883.1s
2026-01-22 11:25:05,046 - INFO - Progress: Products: 0 created, 18662 skipped, 363 failed | Variants: 0 created, 0 failed | Time: 1885.9s
2026-01-22 11:25:07,430 - INFO - Progress: Products: 0 created, 18687 skipped, 363 failed | Variants: 0 created, 0 failed | Time: 1888.3s
2026-01-22 11:25:10,049 - INFO - Progress: Products: 0 created, 18712 skipped, 363 failed | Variants: 0 created, 0 failed | Time: 1890.9s
2026-01-22 11:25:12,317 - INFO - Progress: Products: 0 created, 18736 skipped, 364 failed | Variants: 0 created, 0 failed | Time: 1893.2s
2026-01-22 11:25:14,618 - INFO - Progress: Products: 0 created, 18761 skipped, 364 failed | Variants: 0 created, 0 failed | Time: 1895.5s
2026-01-22 11:25:16,907 - INFO - Progress: Products: 0 created, 18785 skipped, 365 failed | Variants: 0 created, 0 failed | Time: 1897.8s
2026-01-22 11:25:19,218 - INFO - Progress: Products: 0 created, 18809 skipped, 366 failed | Variants: 0 created, 0 failed | Time: 1900.1s
2026-01-22 11:25:21,457 - INFO - Progress: Products: 0 created, 18832 skipped, 368 failed | Variants: 0 created, 0 failed | Time: 1902.4s
2026-01-22 11:25:23,654 - INFO - Progress: Products: 0 created, 18856 skipped, 369 failed | Variants: 0 created, 0 failed | Time: 1904.6s
2026-01-22 11:25:25,917 - INFO - Progress: Products: 0 created, 18879 skipped, 371 failed | Variants: 0 created, 0 failed | Time: 1906.8s
2026-01-22 11:25:28,186 - INFO - Progress: Products: 0 created, 18902 skipped, 373 failed | Variants: 0 created, 0 failed | Time: 1909.1s
2026-01-22 11:25:30,446 - INFO - Progress: Products: 0 created, 18927 skipped, 373 failed | Variants: 0 created, 0 failed | Time: 1911.3s
2026-01-22 11:25:32,711 - INFO - Progress: Products: 0 created, 18952 skipped, 373 failed | Variants: 0 created, 0 failed | Time: 1913.6s
2026-01-22 11:25:35,001 - INFO - Progress: Products: 0 created, 18977 skipped, 373 failed | Variants: 0 created, 0 failed | Time: 1915.9s
2026-01-22 11:25:37,303 - INFO - Progress: Products: 0 created, 19001 skipped, 374 failed | Variants: 0 created, 0 failed | Time: 1918.2s
2026-01-22 11:25:39,867 - INFO - Progress: Products: 0 created, 19026 skipped, 374 failed | Variants: 0 created, 0 failed | Time: 1920.8s
2026-01-22 11:25:42,148 - INFO - Progress: Products: 0 created, 19051 skipped, 374 failed | Variants: 0 created, 0 failed | Time: 1923.0s
2026-01-22 11:25:44,374 - INFO - Progress: Products: 0 created, 19075 skipped, 375 failed | Variants: 0 created, 0 failed | Time: 1925.3s
2026-01-22 11:25:46,702 - INFO - Progress: Products: 0 created, 19099 skipped, 376 failed | Variants: 0 created, 0 failed | Time: 1927.6s
2026-01-22 11:25:48,995 - INFO - Progress: Products: 0 created, 19123 skipped, 377 failed | Variants: 0 created, 0 failed | Time: 1929.9s
2026-01-22 11:25:51,284 - INFO - Progress: Products: 0 created, 19148 skipped, 377 failed | Variants: 0 created, 0 failed | Time: 1932.2s
2026-01-22 11:25:53,602 - INFO - Progress: Products: 0 created, 19173 skipped, 377 failed | Variants: 0 created, 0 failed | Time: 1934.5s
2026-01-22 11:25:55,912 - INFO - Progress: Products: 0 created, 19195 skipped, 380 failed | Variants: 0 created, 0 failed | Time: 1936.8s
2026-01-22 11:25:58,198 - INFO - Progress: Products: 0 created, 19219 skipped, 381 failed | Variants: 0 created, 0 failed | Time: 1939.1s
2026-01-22 11:26:00,558 - INFO - Progress: Products: 0 created, 19244 skipped, 381 failed | Variants: 0 created, 0 failed | Time: 1941.5s
2026-01-22 11:26:03,960 - INFO - Progress: Products: 0 created, 19268 skipped, 382 failed | Variants: 0 created, 0 failed | Time: 1944.9s
2026-01-22 11:26:06,349 - INFO - Progress: Products: 0 created, 19292 skipped, 383 failed | Variants: 0 created, 0 failed | Time: 1947.2s
2026-01-22 11:26:08,893 - INFO - Progress: Products: 0 created, 19316 skipped, 384 failed | Variants: 0 created, 0 failed | Time: 1949.8s
2026-01-22 11:26:11,249 - INFO - Progress: Products: 0 created, 19340 skipped, 385 failed | Variants: 0 created, 0 failed | Time: 1952.1s
2026-01-22 11:26:13,554 - INFO - Progress: Products: 0 created, 19365 skipped, 385 failed | Variants: 0 created, 0 failed | Time: 1954.5s
2026-01-22 11:26:15,945 - INFO - Progress: Products: 0 created, 19390 skipped, 385 failed | Variants: 0 created, 0 failed | Time: 1956.8s
2026-01-22 11:26:18,264 - INFO - Progress: Products: 0 created, 19415 skipped, 385 failed | Variants: 0 created, 0 failed | Time: 1959.2s
2026-01-22 11:26:20,586 - INFO - Progress: Products: 0 created, 19439 skipped, 386 failed | Variants: 0 created, 0 failed | Time: 1961.5s
2026-01-22 11:26:22,813 - INFO - Progress: Products: 0 created, 19464 skipped, 386 failed | Variants: 0 created, 0 failed | Time: 1963.7s
2026-01-22 11:26:25,020 - INFO - Progress: Products: 0 created, 19489 skipped, 386 failed | Variants: 0 created, 0 failed | Time: 1965.9s
2026-01-22 11:26:27,223 - INFO - Progress: Products: 0 created, 19514 skipped, 386 failed | Variants: 0 created, 0 failed | Time: 1968.1s
2026-01-22 11:26:29,460 - INFO - Progress: Products: 0 created, 19539 skipped, 386 failed | Variants: 0 created, 0 failed | Time: 1970.4s
2026-01-22 11:26:31,607 - INFO - Progress: Products: 0 created, 19563 skipped, 387 failed | Variants: 0 created, 0 failed | Time: 1972.5s
2026-01-22 11:26:33,824 - INFO - Progress: Products: 0 created, 19588 skipped, 387 failed | Variants: 0 created, 0 failed | Time: 1974.7s
2026-01-22 11:26:36,080 - INFO - Progress: Products: 0 created, 19613 skipped, 387 failed | Variants: 0 created, 0 failed | Time: 1977.0s
2026-01-22 11:26:38,515 - INFO - Progress: Products: 0 created, 19638 skipped, 387 failed | Variants: 0 created, 0 failed | Time: 1979.4s
2026-01-22 11:26:40,693 - INFO - Progress: Products: 0 created, 19662 skipped, 388 failed | Variants: 0 created, 0 failed | Time: 1981.6s
2026-01-22 11:26:42,932 - INFO - Progress: Products: 0 created, 19686 skipped, 389 failed | Variants: 0 created, 0 failed | Time: 1983.8s
2026-01-22 11:26:45,183 - INFO - Progress: Products: 0 created, 19711 skipped, 389 failed | Variants: 0 created, 0 failed | Time: 1986.1s
2026-01-22 11:26:47,481 - INFO - Progress: Products: 0 created, 19735 skipped, 390 failed | Variants: 0 created, 0 failed | Time: 1988.4s
2026-01-22 11:26:49,708 - INFO - Progress: Products: 0 created, 19758 skipped, 392 failed | Variants: 0 created, 0 failed | Time: 1990.6s
2026-01-22 11:26:51,947 - INFO - Progress: Products: 0 created, 19783 skipped, 392 failed | Variants: 0 created, 0 failed | Time: 1992.8s
2026-01-22 11:26:54,162 - INFO - Progress: Products: 0 created, 19807 skipped, 393 failed | Variants: 0 created, 0 failed | Time: 1995.1s
2026-01-22 11:26:56,366 - INFO - Progress: Products: 0 created, 19832 skipped, 393 failed | Variants: 0 created, 0 failed | Time: 1997.3s
2026-01-22 11:26:58,583 - INFO - Progress: Products: 0 created, 19857 skipped, 393 failed | Variants: 0 created, 0 failed | Time: 1999.5s
2026-01-22 11:27:01,114 - INFO - Progress: Products: 0 created, 19881 skipped, 394 failed | Variants: 0 created, 0 failed | Time: 2002.0s
2026-01-22 11:27:04,092 - INFO - Progress: Products: 0 created, 19906 skipped, 394 failed | Variants: 0 created, 0 failed | Time: 2005.0s
2026-01-22 11:27:06,387 - INFO - Progress: Products: 0 created, 19931 skipped, 394 failed | Variants: 0 created, 0 failed | Time: 2007.3s
2026-01-22 11:27:08,862 - INFO - Progress: Products: 0 created, 19956 skipped, 394 failed | Variants: 0 created, 0 failed | Time: 2009.8s
2026-01-22 11:27:11,165 - INFO - Progress: Products: 0 created, 19979 skipped, 396 failed | Variants: 0 created, 0 failed | Time: 2012.1s
2026-01-22 11:27:13,413 - INFO - Progress: Products: 0 created, 20004 skipped, 396 failed | Variants: 0 created, 0 failed | Time: 2014.3s
2026-01-22 11:27:15,732 - INFO - Progress: Products: 0 created, 20029 skipped, 396 failed | Variants: 0 created, 0 failed | Time: 2016.6s
2026-01-22 11:27:18,040 - INFO - Progress: Products: 0 created, 20053 skipped, 397 failed | Variants: 0 created, 0 failed | Time: 2018.9s
2026-01-22 11:27:20,399 - INFO - Progress: Products: 0 created, 20077 skipped, 398 failed | Variants: 0 created, 0 failed | Time: 2021.3s
2026-01-22 11:27:22,711 - INFO - Progress: Products: 0 created, 20102 skipped, 398 failed | Variants: 0 created, 0 failed | Time: 2023.6s
2026-01-22 11:27:25,000 - INFO - Progress: Products: 0 created, 20126 skipped, 399 failed | Variants: 0 created, 0 failed | Time: 2025.9s
2026-01-22 11:27:27,259 - INFO - Progress: Products: 0 created, 20150 skipped, 400 failed | Variants: 0 created, 0 failed | Time: 2028.2s
2026-01-22 11:27:29,601 - INFO - Progress: Products: 0 created, 20174 skipped, 401 failed | Variants: 0 created, 0 failed | Time: 2030.5s
2026-01-22 11:27:31,878 - INFO - Progress: Products: 0 created, 20199 skipped, 401 failed | Variants: 0 created, 0 failed | Time: 2032.8s
2026-01-22 11:27:34,166 - INFO - Progress: Products: 0 created, 20224 skipped, 401 failed | Variants: 0 created, 0 failed | Time: 2035.1s
2026-01-22 11:27:36,427 - INFO - Progress: Products: 0 created, 20249 skipped, 401 failed | Variants: 0 created, 0 failed | Time: 2037.3s
2026-01-22 11:27:38,986 - INFO - Progress: Products: 0 created, 20274 skipped, 401 failed | Variants: 0 created, 0 failed | Time: 2039.9s
2026-01-22 11:27:41,348 - INFO - Progress: Products: 0 created, 20298 skipped, 402 failed | Variants: 0 created, 0 failed | Time: 2042.2s
2026-01-22 11:27:43,588 - INFO - Progress: Products: 0 created, 20322 skipped, 403 failed | Variants: 0 created, 0 failed | Time: 2044.5s
2026-01-22 11:27:45,862 - INFO - Progress: Products: 0 created, 20346 skipped, 404 failed | Variants: 0 created, 0 failed | Time: 2046.8s
2026-01-22 11:27:48,133 - INFO - Progress: Products: 0 created, 20371 skipped, 404 failed | Variants: 0 created, 0 failed | Time: 2049.0s
2026-01-22 11:27:50,463 - INFO - Progress: Products: 0 created, 20395 skipped, 405 failed | Variants: 0 created, 0 failed | Time: 2051.4s
2026-01-22 11:27:52,696 - INFO - Progress: Products: 0 created, 20420 skipped, 405 failed | Variants: 0 created, 0 failed | Time: 2053.6s
2026-01-22 11:27:55,022 - INFO - Progress: Products: 0 created, 20445 skipped, 405 failed | Variants: 0 created, 0 failed | Time: 2055.9s
2026-01-22 11:27:57,350 - INFO - Progress: Products: 0 created, 20470 skipped, 405 failed | Variants: 0 created, 0 failed | Time: 2058.2s
2026-01-22 11:27:59,661 - INFO - Progress: Products: 0 created, 20493 skipped, 407 failed | Variants: 0 created, 0 failed | Time: 2060.6s
2026-01-22 11:28:03,091 - INFO - Progress: Products: 0 created, 20517 skipped, 408 failed | Variants: 0 created, 0 failed | Time: 2064.0s
2026-01-22 11:28:05,721 - INFO - Progress: Products: 0 created, 20541 skipped, 409 failed | Variants: 0 created, 0 failed | Time: 2066.6s
2026-01-22 11:28:08,220 - INFO - Progress: Products: 0 created, 20566 skipped, 409 failed | Variants: 0 created, 0 failed | Time: 2069.1s
2026-01-22 11:28:10,488 - INFO - Progress: Products: 0 created, 20591 skipped, 409 failed | Variants: 0 created, 0 failed | Time: 2071.4s
2026-01-22 11:28:12,797 - INFO - Progress: Products: 0 created, 20615 skipped, 410 failed | Variants: 0 created, 0 failed | Time: 2073.7s
2026-01-22 11:28:15,092 - INFO - Progress: Products: 0 created, 20639 skipped, 411 failed | Variants: 0 created, 0 failed | Time: 2076.0s
2026-01-22 11:28:17,457 - INFO - Progress: Products: 0 created, 20663 skipped, 412 failed | Variants: 0 created, 0 failed | Time: 2078.4s
2026-01-22 11:28:19,744 - INFO - Progress: Products: 0 created, 20688 skipped, 412 failed | Variants: 0 created, 0 failed | Time: 2080.6s
2026-01-22 11:28:22,040 - INFO - Progress: Products: 0 created, 20713 skipped, 412 failed | Variants: 0 created, 0 failed | Time: 2082.9s
2026-01-22 11:28:24,264 - INFO - Progress: Products: 0 created, 20738 skipped, 412 failed | Variants: 0 created, 0 failed | Time: 2085.2s
2026-01-22 11:28:26,523 - INFO - Progress: Products: 0 created, 20762 skipped, 413 failed | Variants: 0 created, 0 failed | Time: 2087.4s
2026-01-22 11:28:28,735 - INFO - Progress: Products: 0 created, 20787 skipped, 413 failed | Variants: 0 created, 0 failed | Time: 2089.6s
2026-01-22 11:28:31,007 - INFO - Progress: Products: 0 created, 20812 skipped, 413 failed | Variants: 0 created, 0 failed | Time: 2091.9s
2026-01-22 11:28:33,298 - INFO - Progress: Products: 0 created, 20837 skipped, 413 failed | Variants: 0 created, 0 failed | Time: 2094.2s
2026-01-22 11:28:35,647 - INFO - Progress: Products: 0 created, 20862 skipped, 413 failed | Variants: 0 created, 0 failed | Time: 2096.5s
2026-01-22 11:28:38,155 - INFO - Progress: Products: 0 created, 20887 skipped, 413 failed | Variants: 0 created, 0 failed | Time: 2099.1s
2026-01-22 11:28:40,467 - INFO - Progress: Products: 0 created, 20912 skipped, 413 failed | Variants: 0 created, 0 failed | Time: 2101.4s
2026-01-22 11:28:42,812 - INFO - Progress: Products: 0 created, 20937 skipped, 413 failed | Variants: 0 created, 0 failed | Time: 2103.7s
2026-01-22 11:28:45,262 - INFO - Progress: Products: 0 created, 20962 skipped, 413 failed | Variants: 0 created, 0 failed | Time: 2106.2s
2026-01-22 11:28:47,566 - INFO - Progress: Products: 0 created, 20986 skipped, 414 failed | Variants: 0 created, 0 failed | Time: 2108.5s
2026-01-22 11:28:49,886 - INFO - Progress: Products: 0 created, 21011 skipped, 414 failed | Variants: 0 created, 0 failed | Time: 2110.8s
2026-01-22 11:28:52,165 - INFO - Progress: Products: 0 created, 21035 skipped, 415 failed | Variants: 0 created, 0 failed | Time: 2113.1s
2026-01-22 11:28:54,454 - INFO - Progress: Products: 0 created, 21059 skipped, 416 failed | Variants: 0 created, 0 failed | Time: 2115.4s
2026-01-22 11:28:56,699 - INFO - Progress: Products: 0 created, 21082 skipped, 418 failed | Variants: 0 created, 0 failed | Time: 2117.6s
2026-01-22 11:28:59,058 - INFO - Progress: Products: 0 created, 21107 skipped, 418 failed | Variants: 0 created, 0 failed | Time: 2120.0s
2026-01-22 11:29:01,742 - INFO - Progress: Products: 0 created, 21132 skipped, 418 failed | Variants: 0 created, 0 failed | Time: 2122.6s
2026-01-22 11:29:09,142 - INFO - Progress: Products: 0 created, 21156 skipped, 419 failed | Variants: 0 created, 0 failed | Time: 2130.0s
2026-01-22 11:29:14,221 - INFO - Progress: Products: 0 created, 21181 skipped, 419 failed | Variants: 0 created, 0 failed | Time: 2135.1s
2026-01-22 11:29:19,240 - INFO - Progress: Products: 0 created, 21206 skipped, 419 failed | Variants: 0 created, 0 failed | Time: 2140.1s
2026-01-22 11:29:24,133 - INFO - Progress: Products: 0 created, 21229 skipped, 421 failed | Variants: 0 created, 0 failed | Time: 2145.0s
2026-01-22 11:29:29,020 - INFO - Progress: Products: 0 created, 21253 skipped, 422 failed | Variants: 0 created, 0 failed | Time: 2149.9s
2026-01-22 11:29:32,538 - INFO - Progress: Products: 0 created, 21277 skipped, 423 failed | Variants: 0 created, 0 failed | Time: 2153.4s
2026-01-22 11:29:34,885 - INFO - Progress: Products: 0 created, 21301 skipped, 424 failed | Variants: 0 created, 0 failed | Time: 2155.8s
2026-01-22 11:29:37,195 - INFO - Progress: Products: 0 created, 21326 skipped, 424 failed | Variants: 0 created, 0 failed | Time: 2158.1s
2026-01-22 11:29:39,763 - INFO - Progress: Products: 0 created, 21351 skipped, 424 failed | Variants: 0 created, 0 failed | Time: 2160.7s
2026-01-22 11:29:41,971 - INFO - Progress: Products: 0 created, 21376 skipped, 424 failed | Variants: 0 created, 0 failed | Time: 2162.9s
2026-01-22 11:29:44,198 - INFO - Progress: Products: 0 created, 21399 skipped, 426 failed | Variants: 0 created, 0 failed | Time: 2165.1s
2026-01-22 11:29:46,464 - INFO - Progress: Products: 0 created, 21422 skipped, 428 failed | Variants: 0 created, 0 failed | Time: 2167.4s
2026-01-22 11:29:48,764 - INFO - Progress: Products: 0 created, 21447 skipped, 428 failed | Variants: 0 created, 0 failed | Time: 2169.7s
2026-01-22 11:29:51,377 - INFO - Progress: Products: 0 created, 21471 skipped, 429 failed | Variants: 0 created, 0 failed | Time: 2172.3s
2026-01-22 11:29:53,665 - INFO - Progress: Products: 0 created, 21496 skipped, 429 failed | Variants: 0 created, 0 failed | Time: 2174.6s
2026-01-22 11:29:55,904 - INFO - Progress: Products: 0 created, 21520 skipped, 430 failed | Variants: 0 created, 0 failed | Time: 2176.8s
2026-01-22 11:29:58,134 - INFO - Progress: Products: 0 created, 21545 skipped, 430 failed | Variants: 0 created, 0 failed | Time: 2179.0s
2026-01-22 11:30:00,717 - INFO - Progress: Products: 0 created, 21570 skipped, 430 failed | Variants: 0 created, 0 failed | Time: 2181.6s
2026-01-22 11:30:04,781 - INFO - Progress: Products: 0 created, 21595 skipped, 430 failed | Variants: 0 created, 0 failed | Time: 2185.7s
2026-01-22 11:30:07,336 - INFO - Progress: Products: 0 created, 21619 skipped, 431 failed | Variants: 0 created, 0 failed | Time: 2188.2s
2026-01-22 11:30:09,902 - INFO - Progress: Products: 0 created, 21643 skipped, 432 failed | Variants: 0 created, 0 failed | Time: 2190.8s
2026-01-22 11:30:12,214 - INFO - Progress: Products: 0 created, 21667 skipped, 433 failed | Variants: 0 created, 0 failed | Time: 2193.1s
2026-01-22 11:30:14,547 - INFO - Progress: Products: 0 created, 21691 skipped, 434 failed | Variants: 0 created, 0 failed | Time: 2195.4s
2026-01-22 11:30:16,867 - INFO - Progress: Products: 0 created, 21716 skipped, 434 failed | Variants: 0 created, 0 failed | Time: 2197.8s
2026-01-22 11:30:19,177 - INFO - Progress: Products: 0 created, 21739 skipped, 436 failed | Variants: 0 created, 0 failed | Time: 2200.1s
2026-01-22 11:30:21,437 - INFO - Progress: Products: 0 created, 21764 skipped, 436 failed | Variants: 0 created, 0 failed | Time: 2202.3s
2026-01-22 11:30:23,710 - INFO - Progress: Products: 0 created, 21789 skipped, 436 failed | Variants: 0 created, 0 failed | Time: 2204.6s
2026-01-22 11:30:25,993 - INFO - Progress: Products: 0 created, 21812 skipped, 438 failed | Variants: 0 created, 0 failed | Time: 2206.9s
2026-01-22 11:30:28,300 - INFO - Progress: Products: 0 created, 21837 skipped, 438 failed | Variants: 0 created, 0 failed | Time: 2209.2s
2026-01-22 11:30:30,587 - INFO - Progress: Products: 0 created, 21862 skipped, 438 failed | Variants: 0 created, 0 failed | Time: 2211.5s
2026-01-22 11:30:32,886 - INFO - Progress: Products: 0 created, 21887 skipped, 438 failed | Variants: 0 created, 0 failed | Time: 2213.8s
2026-01-22 11:30:35,172 - INFO - Progress: Products: 0 created, 21912 skipped, 438 failed | Variants: 0 created, 0 failed | Time: 2216.1s
2026-01-22 11:30:37,466 - INFO - Progress: Products: 0 created, 21937 skipped, 438 failed | Variants: 0 created, 0 failed | Time: 2218.4s
2026-01-22 11:30:39,914 - INFO - Progress: Products: 0 created, 21961 skipped, 439 failed | Variants: 0 created, 0 failed | Time: 2220.8s
2026-01-22 11:30:42,226 - INFO - Progress: Products: 0 created, 21986 skipped, 439 failed | Variants: 0 created, 0 failed | Time: 2223.1s
2026-01-22 11:30:44,466 - INFO - Progress: Products: 0 created, 22010 skipped, 440 failed | Variants: 0 created, 0 failed | Time: 2225.4s
2026-01-22 11:30:46,738 - INFO - Progress: Products: 0 created, 22035 skipped, 440 failed | Variants: 0 created, 0 failed | Time: 2227.6s
2026-01-22 11:30:48,995 - INFO - Progress: Products: 0 created, 22060 skipped, 440 failed | Variants: 0 created, 0 failed | Time: 2229.9s
2026-01-22 11:30:51,349 - INFO - Progress: Products: 0 created, 22084 skipped, 441 failed | Variants: 0 created, 0 failed | Time: 2232.2s
2026-01-22 11:30:53,635 - INFO - Progress: Products: 0 created, 22109 skipped, 441 failed | Variants: 0 created, 0 failed | Time: 2234.5s
2026-01-22 11:30:55,955 - INFO - Progress: Products: 0 created, 22134 skipped, 441 failed | Variants: 0 created, 0 failed | Time: 2236.9s
2026-01-22 11:30:58,191 - INFO - Progress: Products: 0 created, 22158 skipped, 442 failed | Variants: 0 created, 0 failed | Time: 2239.1s
2026-01-22 11:31:00,695 - INFO - Progress: Products: 0 created, 22183 skipped, 442 failed | Variants: 0 created, 0 failed | Time: 2241.6s
2026-01-22 11:31:03,792 - INFO - Progress: Products: 0 created, 22208 skipped, 442 failed | Variants: 0 created, 0 failed | Time: 2244.7s
2026-01-22 11:31:06,275 - INFO - Progress: Products: 0 created, 22232 skipped, 443 failed | Variants: 0 created, 0 failed | Time: 2247.2s
2026-01-22 11:31:08,923 - INFO - Progress: Products: 0 created, 22257 skipped, 443 failed | Variants: 0 created, 0 failed | Time: 2249.8s
2026-01-22 11:31:11,408 - INFO - Progress: Products: 0 created, 22282 skipped, 443 failed | Variants: 0 created, 0 failed | Time: 2252.3s
2026-01-22 11:31:13,792 - INFO - Progress: Products: 0 created, 22306 skipped, 444 failed | Variants: 0 created, 0 failed | Time: 2254.7s
2026-01-22 11:31:16,313 - INFO - Progress: Products: 0 created, 22330 skipped, 445 failed | Variants: 0 created, 0 failed | Time: 2257.2s
2026-01-22 11:31:18,657 - INFO - Progress: Products: 0 created, 22354 skipped, 446 failed | Variants: 0 created, 0 failed | Time: 2259.6s
2026-01-22 11:31:20,963 - INFO - Progress: Products: 0 created, 22377 skipped, 448 failed | Variants: 0 created, 0 failed | Time: 2261.9s
2026-01-22 11:31:23,299 - INFO - Progress: Products: 0 created, 22402 skipped, 448 failed | Variants: 0 created, 0 failed | Time: 2264.2s
2026-01-22 11:31:25,621 - INFO - Progress: Products: 0 created, 22425 skipped, 450 failed | Variants: 0 created, 0 failed | Time: 2266.5s
2026-01-22 11:31:27,901 - INFO - Progress: Products: 0 created, 22450 skipped, 450 failed | Variants: 0 created, 0 failed | Time: 2268.8s
2026-01-22 11:31:30,219 - INFO - Progress: Products: 0 created, 22474 skipped, 451 failed | Variants: 0 created, 0 failed | Time: 2271.1s
2026-01-22 11:31:32,462 - INFO - Progress: Products: 0 created, 22499 skipped, 451 failed | Variants: 0 created, 0 failed | Time: 2273.4s
2026-01-22 11:31:34,769 - INFO - Progress: Products: 0 created, 22524 skipped, 451 failed | Variants: 0 created, 0 failed | Time: 2275.7s
2026-01-22 11:31:37,073 - INFO - Progress: Products: 0 created, 22549 skipped, 451 failed | Variants: 0 created, 0 failed | Time: 2278.0s
2026-01-22 11:31:39,568 - INFO - Progress: Products: 0 created, 22574 skipped, 451 failed | Variants: 0 created, 0 failed | Time: 2280.5s
2026-01-22 11:31:41,855 - INFO - Progress: Products: 0 created, 22599 skipped, 451 failed | Variants: 0 created, 0 failed | Time: 2282.8s
2026-01-22 11:31:44,068 - INFO - Progress: Products: 0 created, 22624 skipped, 451 failed | Variants: 0 created, 0 failed | Time: 2285.0s
2026-01-22 11:31:46,352 - INFO - Progress: Products: 0 created, 22648 skipped, 452 failed | Variants: 0 created, 0 failed | Time: 2287.3s
2026-01-22 11:31:48,600 - INFO - Progress: Products: 0 created, 22673 skipped, 452 failed | Variants: 0 created, 0 failed | Time: 2289.5s
2026-01-22 11:31:50,881 - INFO - Progress: Products: 0 created, 22697 skipped, 453 failed | Variants: 0 created, 0 failed | Time: 2291.8s
2026-01-22 11:31:53,122 - INFO - Progress: Products: 0 created, 22722 skipped, 453 failed | Variants: 0 created, 0 failed | Time: 2294.0s
2026-01-22 11:31:55,450 - INFO - Progress: Products: 0 created, 22747 skipped, 453 failed | Variants: 0 created, 0 failed | Time: 2296.3s
2026-01-22 11:31:57,722 - INFO - Progress: Products: 0 created, 22771 skipped, 454 failed | Variants: 0 created, 0 failed | Time: 2298.6s
2026-01-22 11:31:59,999 - INFO - Progress: Products: 0 created, 22796 skipped, 454 failed | Variants: 0 created, 0 failed | Time: 2300.9s
2026-01-22 11:32:02,957 - INFO - Progress: Products: 0 created, 22821 skipped, 454 failed | Variants: 0 created, 0 failed | Time: 2303.9s
2026-01-22 11:32:05,333 - INFO - Progress: Products: 0 created, 22845 skipped, 455 failed | Variants: 0 created, 0 failed | Time: 2306.2s
2026-01-22 11:32:07,566 - INFO - Progress: Products: 0 created, 22870 skipped, 455 failed | Variants: 0 created, 0 failed | Time: 2308.5s

Batch 707/3783 (cards 17651-17675)

Batch 708/3783 (cards 17676-17700)

Batch 709/3783 (cards 17701-17725)

Batch 710/3783 (cards 17726-17750)

Batch 711/3783 (cards 17751-17775)

Batch 712/3783 (cards 17776-17800)

Batch 713/3783 (cards 17801-17825)

Batch 714/3783 (cards 17826-17850)

Batch 715/3783 (cards 17851-17875)

Batch 716/3783 (cards 17876-17900)

Batch 717/3783 (cards 17901-17925)

Batch 718/3783 (cards 17926-17950)

Batch 719/3783 (cards 17951-17975)

Batch 720/3783 (cards 17976-18000)

Batch 721/3783 (cards 18001-18025)

Batch 722/3783 (cards 18026-18050)

Batch 723/3783 (cards 18051-18075)

Batch 724/3783 (cards 18076-18100)

Batch 725/3783 (cards 18101-18125)

Batch 726/3783 (cards 18126-18150)

Batch 727/3783 (cards 18151-18175)

Batch 728/3783 (cards 18176-18200)

Batch 729/3783 (cards 18201-18225)

Batch 730/3783 (cards 18226-18250)

Batch 731/3783 (cards 18251-18275)

Batch 732/3783 (cards 18276-18300)

Batch 733/3783 (cards 18301-18325)

Batch 734/3783 (cards 18326-18350)

Batch 735/3783 (cards 18351-18375)

Batch 736/3783 (cards 18376-18400)

Batch 737/3783 (cards 18401-18425)

Batch 738/3783 (cards 18426-18450)

Batch 739/3783 (cards 18451-18475)

Batch 740/3783 (cards 18476-18500)

Batch 741/3783 (cards 18501-18525)

Batch 742/3783 (cards 18526-18550)

Batch 743/3783 (cards 18551-18575)

Batch 744/3783 (cards 18576-18600)

Batch 745/3783 (cards 18601-18625)

Batch 746/3783 (cards 18626-18650)

Batch 747/3783 (cards 18651-18675)

Batch 748/3783 (cards 18676-18700)

Batch 749/3783 (cards 18701-18725)

Batch 750/3783 (cards 18726-18750)

Batch 751/3783 (cards 18751-18775)

Batch 752/3783 (cards 18776-18800)

Batch 753/3783 (cards 18801-18825)

Batch 754/3783 (cards 18826-18850)

Batch 755/3783 (cards 18851-18875)

Batch 756/3783 (cards 18876-18900)

Batch 757/3783 (cards 18901-18925)

Batch 758/3783 (cards 18926-18950)

Batch 759/3783 (cards 18951-18975)

Batch 760/3783 (cards 18976-19000)

Batch 761/3783 (cards 19001-19025)

Batch 762/3783 (cards 19026-19050)

Batch 763/3783 (cards 19051-19075)

Batch 764/3783 (cards 19076-19100)

Batch 765/3783 (cards 19101-19125)

Batch 766/3783 (cards 19126-19150)

Batch 767/3783 (cards 19151-19175)

Batch 768/3783 (cards 19176-19200)

Batch 769/3783 (cards 19201-19225)

Batch 770/3783 (cards 19226-19250)

Batch 771/3783 (cards 19251-19275)

Batch 772/3783 (cards 19276-19300)

Batch 773/3783 (cards 19301-19325)

Batch 774/3783 (cards 19326-19350)

Batch 775/3783 (cards 19351-19375)

Batch 776/3783 (cards 19376-19400)

Batch 777/3783 (cards 19401-19425)

Batch 778/3783 (cards 19426-19450)

Batch 779/3783 (cards 19451-19475)

Batch 780/3783 (cards 19476-19500)

Batch 781/3783 (cards 19501-19525)

Batch 782/3783 (cards 19526-19550)

Batch 783/3783 (cards 19551-19575)

Batch 784/3783 (cards 19576-19600)

Batch 785/3783 (cards 19601-19625)

Batch 786/3783 (cards 19626-19650)

Batch 787/3783 (cards 19651-19675)

Batch 788/3783 (cards 19676-19700)

Batch 789/3783 (cards 19701-19725)

Batch 790/3783 (cards 19726-19750)

Batch 791/3783 (cards 19751-19775)

Batch 792/3783 (cards 19776-19800)

Batch 793/3783 (cards 19801-19825)

Batch 794/3783 (cards 19826-19850)

Batch 795/3783 (cards 19851-19875)

Batch 796/3783 (cards 19876-19900)

Batch 797/3783 (cards 19901-19925)

Batch 798/3783 (cards 19926-19950)

Batch 799/3783 (cards 19951-19975)

Batch 800/3783 (cards 19976-20000)

Batch 801/3783 (cards 20001-20025)

Batch 802/3783 (cards 20026-20050)

Batch 803/3783 (cards 20051-20075)

Batch 804/3783 (cards 20076-20100)

Batch 805/3783 (cards 20101-20125)

Batch 806/3783 (cards 20126-20150)

Batch 807/3783 (cards 20151-20175)

Batch 808/3783 (cards 20176-20200)

Batch 809/3783 (cards 20201-20225)

Batch 810/3783 (cards 20226-20250)

Batch 811/3783 (cards 20251-20275)

Batch 812/3783 (cards 20276-20300)

Batch 813/3783 (cards 20301-20325)

Batch 814/3783 (cards 20326-20350)

Batch 815/3783 (cards 20351-20375)

Batch 816/3783 (cards 20376-20400)

Batch 817/3783 (cards 20401-20425)

Batch 818/3783 (cards 20426-20450)

Batch 819/3783 (cards 20451-20475)

Batch 820/3783 (cards 20476-20500)

Batch 821/3783 (cards 20501-20525)

Batch 822/3783 (cards 20526-20550)

Batch 823/3783 (cards 20551-20575)

Batch 824/3783 (cards 20576-20600)

Batch 825/3783 (cards 20601-20625)

Batch 826/3783 (cards 20626-20650)

Batch 827/3783 (cards 20651-20675)

Batch 828/3783 (cards 20676-20700)

Batch 829/3783 (cards 20701-20725)

Batch 830/3783 (cards 20726-20750)

Batch 831/3783 (cards 20751-20775)

Batch 832/3783 (cards 20776-20800)

Batch 833/3783 (cards 20801-20825)

Batch 834/3783 (cards 20826-20850)

Batch 835/3783 (cards 20851-20875)

Batch 836/3783 (cards 20876-20900)

Batch 837/3783 (cards 20901-20925)

Batch 838/3783 (cards 20926-20950)

Batch 839/3783 (cards 20951-20975)

Batch 840/3783 (cards 20976-21000)

Batch 841/3783 (cards 21001-21025)

Batch 842/3783 (cards 21026-21050)

Batch 843/3783 (cards 21051-21075)

Batch 844/3783 (cards 21076-21100)

Batch 845/3783 (cards 21101-21125)

Batch 846/3783 (cards 21126-21150)

Batch 847/3783 (cards 21151-21175)

Batch 848/3783 (cards 21176-21200)

Batch 849/3783 (cards 21201-21225)

Batch 850/3783 (cards 21226-21250)

Batch 851/3783 (cards 21251-21275)

Batch 852/3783 (cards 21276-21300)

Batch 853/3783 (cards 21301-21325)

Batch 854/3783 (cards 21326-21350)

Batch 855/3783 (cards 21351-21375)

Batch 856/3783 (cards 21376-21400)

Batch 857/3783 (cards 21401-21425)

Batch 858/3783 (cards 21426-21450)

Batch 859/3783 (cards 21451-21475)

Batch 860/3783 (cards 21476-21500)

Batch 861/3783 (cards 21501-21525)

Batch 862/3783 (cards 21526-21550)

Batch 863/3783 (cards 21551-21575)

Batch 864/3783 (cards 21576-21600)

Batch 865/3783 (cards 21601-21625)

Batch 866/3783 (cards 21626-21650)

Batch 867/3783 (cards 21651-21675)

Batch 868/3783 (cards 21676-21700)

Batch 869/3783 (cards 21701-21725)

Batch 870/3783 (cards 21726-21750)

Batch 871/3783 (cards 21751-21775)

Batch 872/3783 (cards 21776-21800)

Batch 873/3783 (cards 21801-21825)

Batch 874/3783 (cards 21826-21850)

Batch 875/3783 (cards 21851-21875)

Batch 876/3783 (cards 21876-21900)

Batch 877/3783 (cards 21901-21925)

Batch 878/3783 (cards 21926-21950)

Batch 879/3783 (cards 21951-21975)

Batch 880/3783 (cards 21976-22000)

Batch 881/3783 (cards 22001-22025)

Batch 882/3783 (cards 22026-22050)

Batch 883/3783 (cards 22051-22075)

Batch 884/3783 (cards 22076-22100)

Batch 885/3783 (cards 22101-22125)

Batch 886/3783 (cards 22126-22150)

Batch 887/3783 (cards 22151-22175)

Batch 888/3783 (cards 22176-22200)

Batch 889/3783 (cards 22201-22225)

Batch 890/3783 (cards 22226-22250)

Batch 891/3783 (cards 22251-22275)

Batch 892/3783 (cards 22276-22300)

Batch 893/3783 (cards 22301-22325)

Batch 894/3783 (cards 22326-22350)

Batch 895/3783 (cards 22351-22375)

Batch 896/3783 (cards 22376-22400)

Batch 897/3783 (cards 22401-22425)

Batch 898/3783 (cards 22426-22450)

Batch 899/3783 (cards 22451-22475)

Batch 900/3783 (cards 22476-22500)

Batch 901/3783 (cards 22501-22525)

Batch 902/3783 (cards 22526-22550)

Batch 903/3783 (cards 22551-22575)

Batch 904/3783 (cards 22576-22600)

Batch 905/3783 (cards 22601-22625)

Batch 906/3783 (cards 22626-22650)

Batch 907/3783 (cards 22651-22675)

Batch 908/3783 (cards 22676-22700)

Batch 909/3783 (cards 22701-22725)

Batch 910/3783 (cards 22726-22750)

Batch 911/3783 (cards 22751-22775)

Batch 912/3783 (cards 22776-22800)

Batch 913/3783 (cards 22801-22825)

Batch 914/3783 (cards 22826-22850)

Batch 915/3783 (cards 22851-22875)

Batch 916/3783 (cards 22876-22900)

Batch 917/3783 (cards 22901-22925)

Batch 918/3783 (cards 22926-22950)

Batch 919/3783 (cards 22951-22975)

Batch 920/3783 (cards 22976-23000)

Batch 921/3783 (cards 23001-23025)

Batch 922/3783 (cards 23026-23050)

Batch 923/3783 (cards 23051-23075)

Batch 924/3783 (cards 23076-23100)

Batch 925/3783 (cards 23101-23125)

Batch 926/3783 (cards 23126-23150)

Batch 927/3783 (cards 23151-23175)

Batch 928/3783 (cards 23176-23200)

Batch 929/3783 (cards 23201-23225)

Batch 930/3783 (cards 23226-23250)

Batch 931/3783 (cards 23251-23275)

Batch 932/3783 (cards 23276-23300)

Batch 933/3783 (cards 23301-23325)
2026-01-22 11:32:10,121 - INFO - Progress: Products: 0 created, 22895 skipped, 455 failed | Variants: 0 created, 0 failed | Time: 2311.0s
2026-01-22 11:32:12,353 - INFO - Progress: Products: 0 created, 22919 skipped, 456 failed | Variants: 0 created, 0 failed | Time: 2313.3s
2026-01-22 11:32:14,607 - INFO - Progress: Products: 0 created, 22943 skipped, 457 failed | Variants: 0 created, 0 failed | Time: 2315.5s
2026-01-22 11:32:16,885 - INFO - Progress: Products: 0 created, 22966 skipped, 459 failed | Variants: 0 created, 0 failed | Time: 2317.8s
2026-01-22 11:32:19,152 - INFO - Progress: Products: 0 created, 22991 skipped, 459 failed | Variants: 0 created, 0 failed | Time: 2320.1s
2026-01-22 11:32:21,429 - INFO - Progress: Products: 0 created, 23016 skipped, 459 failed | Variants: 0 created, 0 failed | Time: 2322.3s
2026-01-22 11:32:23,611 - INFO - Progress: Products: 0 created, 23041 skipped, 459 failed | Variants: 0 created, 0 failed | Time: 2324.5s
2026-01-22 11:32:25,859 - INFO - Progress: Products: 0 created, 23065 skipped, 460 failed | Variants: 0 created, 0 failed | Time: 2326.8s
2026-01-22 11:32:28,042 - INFO - Progress: Products: 0 created, 23090 skipped, 460 failed | Variants: 0 created, 0 failed | Time: 2328.9s
2026-01-22 11:32:30,323 - INFO - Progress: Products: 0 created, 23115 skipped, 460 failed | Variants: 0 created, 0 failed | Time: 2331.2s
2026-01-22 11:32:32,580 - INFO - Progress: Products: 0 created, 23139 skipped, 461 failed | Variants: 0 created, 0 failed | Time: 2333.5s
2026-01-22 11:32:34,798 - INFO - Progress: Products: 0 created, 23163 skipped, 462 failed | Variants: 0 created, 0 failed | Time: 2335.7s
2026-01-22 11:32:37,019 - INFO - Progress: Products: 0 created, 23187 skipped, 463 failed | Variants: 0 created, 0 failed | Time: 2337.9s
2026-01-22 11:32:39,461 - INFO - Progress: Products: 0 created, 23212 skipped, 463 failed | Variants: 0 created, 0 failed | Time: 2340.4s
2026-01-22 11:32:41,686 - INFO - Progress: Products: 0 created, 23237 skipped, 463 failed | Variants: 0 created, 0 failed | Time: 2342.6s
2026-01-22 11:32:43,955 - INFO - Progress: Products: 0 created, 23261 skipped, 464 failed | Variants: 0 created, 0 failed | Time: 2344.9s
2026-01-22 11:32:46,220 - INFO - Progress: Products: 0 created, 23286 skipped, 464 failed | Variants: 0 created, 0 failed | Time: 2347.1s
2026-01-22 11:32:48,473 - INFO - Progress: Products: 0 created, 23310 skipped, 465 failed | Variants: 0 created, 0 failed | Time: 2349.4s
2026-01-22 11:32:50,761 - INFO - Progress: Products: 0 created, 23334 skipped, 466 failed | Variants: 0 created, 0 failed | Time: 2351.7s
2026-01-22 11:32:53,094 - INFO - Progress: Products: 0 created, 23359 skipped, 466 failed | Variants: 0 created, 0 failed | Time: 2354.0s
2026-01-22 11:32:55,353 - INFO - Progress: Products: 0 created, 23383 skipped, 467 failed | Variants: 0 created, 0 failed | Time: 2356.3s
2026-01-22 11:32:57,562 - INFO - Progress: Products: 0 created, 23408 skipped, 467 failed | Variants: 0 created, 0 failed | Time: 2358.5s
2026-01-22 11:32:59,849 - INFO - Progress: Products: 0 created, 23433 skipped, 467 failed | Variants: 0 created, 0 failed | Time: 2360.7s
2026-01-22 11:33:02,971 - INFO - Progress: Products: 0 created, 23457 skipped, 468 failed | Variants: 0 created, 0 failed | Time: 2363.9s
2026-01-22 11:33:05,522 - INFO - Progress: Products: 0 created, 23482 skipped, 468 failed | Variants: 0 created, 0 failed | Time: 2366.4s
2026-01-22 11:33:07,956 - INFO - Progress: Products: 0 created, 23506 skipped, 469 failed | Variants: 0 created, 0 failed | Time: 2368.9s
2026-01-22 11:33:10,267 - INFO - Progress: Products: 0 created, 23531 skipped, 469 failed | Variants: 0 created, 0 failed | Time: 2371.2s
2026-01-22 11:33:12,486 - INFO - Progress: Products: 0 created, 23554 skipped, 471 failed | Variants: 0 created, 0 failed | Time: 2373.4s
2026-01-22 11:33:14,769 - INFO - Progress: Products: 0 created, 23578 skipped, 472 failed | Variants: 0 created, 0 failed | Time: 2375.7s
2026-01-22 11:33:17,119 - INFO - Progress: Products: 0 created, 23602 skipped, 473 failed | Variants: 0 created, 0 failed | Time: 2378.0s
2026-01-22 11:33:19,351 - INFO - Progress: Products: 0 created, 23627 skipped, 473 failed | Variants: 0 created, 0 failed | Time: 2380.2s
2026-01-22 11:33:21,618 - INFO - Progress: Products: 0 created, 23652 skipped, 473 failed | Variants: 0 created, 0 failed | Time: 2382.5s
2026-01-22 11:33:23,809 - INFO - Progress: Products: 0 created, 23676 skipped, 474 failed | Variants: 0 created, 0 failed | Time: 2384.7s
2026-01-22 11:33:26,123 - INFO - Progress: Products: 0 created, 23700 skipped, 475 failed | Variants: 0 created, 0 failed | Time: 2387.0s
2026-01-22 11:33:28,363 - INFO - Progress: Products: 0 created, 23724 skipped, 476 failed | Variants: 0 created, 0 failed | Time: 2389.3s
2026-01-22 11:33:30,597 - INFO - Progress: Products: 0 created, 23749 skipped, 476 failed | Variants: 0 created, 0 failed | Time: 2391.5s
2026-01-22 11:33:32,889 - INFO - Progress: Products: 0 created, 23774 skipped, 476 failed | Variants: 0 created, 0 failed | Time: 2393.8s
2026-01-22 11:33:35,155 - INFO - Progress: Products: 0 created, 23797 skipped, 478 failed | Variants: 0 created, 0 failed | Time: 2396.1s
2026-01-22 11:33:37,396 - INFO - Progress: Products: 0 created, 23822 skipped, 478 failed | Variants: 0 created, 0 failed | Time: 2398.3s
2026-01-22 11:33:39,858 - INFO - Progress: Products: 0 created, 23846 skipped, 479 failed | Variants: 0 created, 0 failed | Time: 2400.8s
2026-01-22 11:33:42,134 - INFO - Progress: Products: 0 created, 23870 skipped, 480 failed | Variants: 0 created, 0 failed | Time: 2403.0s
2026-01-22 11:33:44,380 - INFO - Progress: Products: 0 created, 23894 skipped, 481 failed | Variants: 0 created, 0 failed | Time: 2405.3s
2026-01-22 11:33:46,902 - INFO - Progress: Products: 0 created, 23919 skipped, 481 failed | Variants: 0 created, 0 failed | Time: 2407.8s
2026-01-22 11:33:49,161 - INFO - Progress: Products: 0 created, 23944 skipped, 481 failed | Variants: 0 created, 0 failed | Time: 2410.1s
2026-01-22 11:33:51,381 - INFO - Progress: Products: 0 created, 23969 skipped, 481 failed | Variants: 0 created, 0 failed | Time: 2412.3s
2026-01-22 11:33:53,610 - INFO - Progress: Products: 0 created, 23994 skipped, 481 failed | Variants: 0 created, 0 failed | Time: 2414.5s
2026-01-22 11:33:55,887 - INFO - Progress: Products: 0 created, 24017 skipped, 483 failed | Variants: 0 created, 0 failed | Time: 2416.8s
2026-01-22 11:33:58,161 - INFO - Progress: Products: 0 created, 24042 skipped, 483 failed | Variants: 0 created, 0 failed | Time: 2419.1s
2026-01-22 11:34:00,466 - INFO - Progress: Products: 0 created, 24065 skipped, 485 failed | Variants: 0 created, 0 failed | Time: 2421.4s
2026-01-22 11:34:03,599 - INFO - Progress: Products: 0 created, 24090 skipped, 485 failed | Variants: 0 created, 0 failed | Time: 2424.5s
2026-01-22 11:34:05,910 - INFO - Progress: Products: 0 created, 24114 skipped, 486 failed | Variants: 0 created, 0 failed | Time: 2426.8s
2026-01-22 11:34:08,401 - INFO - Progress: Products: 0 created, 24139 skipped, 486 failed | Variants: 0 created, 0 failed | Time: 2429.3s
2026-01-22 11:34:10,658 - INFO - Progress: Products: 0 created, 24163 skipped, 487 failed | Variants: 0 created, 0 failed | Time: 2431.6s
2026-01-22 11:34:12,860 - INFO - Progress: Products: 0 created, 24188 skipped, 487 failed | Variants: 0 created, 0 failed | Time: 2433.8s
2026-01-22 11:34:15,159 - INFO - Progress: Products: 0 created, 24213 skipped, 487 failed | Variants: 0 created, 0 failed | Time: 2436.1s
2026-01-22 11:34:17,373 - INFO - Progress: Products: 0 created, 24238 skipped, 487 failed | Variants: 0 created, 0 failed | Time: 2438.3s
2026-01-22 11:34:19,631 - INFO - Progress: Products: 0 created, 24261 skipped, 489 failed | Variants: 0 created, 0 failed | Time: 2440.5s
2026-01-22 11:34:21,794 - INFO - Progress: Products: 0 created, 24285 skipped, 490 failed | Variants: 0 created, 0 failed | Time: 2442.7s
2026-01-22 11:34:24,013 - INFO - Progress: Products: 0 created, 24310 skipped, 490 failed | Variants: 0 created, 0 failed | Time: 2444.9s
2026-01-22 11:34:26,169 - INFO - Progress: Products: 0 created, 24335 skipped, 490 failed | Variants: 0 created, 0 failed | Time: 2447.1s
2026-01-22 11:34:28,359 - INFO - Progress: Products: 0 created, 24360 skipped, 490 failed | Variants: 0 created, 0 failed | Time: 2449.3s
2026-01-22 11:34:30,586 - INFO - Progress: Products: 0 created, 24385 skipped, 490 failed | Variants: 0 created, 0 failed | Time: 2451.5s
2026-01-22 11:34:32,895 - INFO - Progress: Products: 0 created, 24409 skipped, 491 failed | Variants: 0 created, 0 failed | Time: 2453.8s
2026-01-22 11:34:35,109 - INFO - Progress: Products: 0 created, 24433 skipped, 492 failed | Variants: 0 created, 0 failed | Time: 2456.0s
2026-01-22 11:34:37,301 - INFO - Progress: Products: 0 created, 24458 skipped, 492 failed | Variants: 0 created, 0 failed | Time: 2458.2s
2026-01-22 11:34:39,698 - INFO - Progress: Products: 0 created, 24482 skipped, 493 failed | Variants: 0 created, 0 failed | Time: 2460.6s
2026-01-22 11:34:41,947 - INFO - Progress: Products: 0 created, 24507 skipped, 493 failed | Variants: 0 created, 0 failed | Time: 2462.8s
2026-01-22 11:34:44,251 - INFO - Progress: Products: 0 created, 24530 skipped, 495 failed | Variants: 0 created, 0 failed | Time: 2465.1s
2026-01-22 11:34:46,579 - INFO - Progress: Products: 0 created, 24555 skipped, 495 failed | Variants: 0 created, 0 failed | Time: 2467.5s
2026-01-22 11:34:48,901 - INFO - Progress: Products: 0 created, 24579 skipped, 496 failed | Variants: 0 created, 0 failed | Time: 2469.8s
2026-01-22 11:34:51,240 - INFO - Progress: Products: 0 created, 24603 skipped, 497 failed | Variants: 0 created, 0 failed | Time: 2472.1s
2026-01-22 11:34:53,493 - INFO - Progress: Products: 0 created, 24626 skipped, 499 failed | Variants: 0 created, 0 failed | Time: 2474.4s
2026-01-22 11:34:55,731 - INFO - Progress: Products: 0 created, 24651 skipped, 499 failed | Variants: 0 created, 0 failed | Time: 2476.6s
2026-01-22 11:34:57,993 - INFO - Progress: Products: 0 created, 24676 skipped, 499 failed | Variants: 0 created, 0 failed | Time: 2478.9s
2026-01-22 11:35:00,483 - INFO - Progress: Products: 0 created, 24700 skipped, 500 failed | Variants: 0 created, 0 failed | Time: 2481.4s
2026-01-22 11:35:03,706 - INFO - Progress: Products: 0 created, 24724 skipped, 501 failed | Variants: 0 created, 0 failed | Time: 2484.6s
2026-01-22 11:35:06,168 - INFO - Progress: Products: 0 created, 24749 skipped, 501 failed | Variants: 0 created, 0 failed | Time: 2487.1s
2026-01-22 11:35:08,720 - INFO - Progress: Products: 0 created, 24772 skipped, 503 failed | Variants: 0 created, 0 failed | Time: 2489.6s
2026-01-22 11:35:11,061 - INFO - Progress: Products: 0 created, 24797 skipped, 503 failed | Variants: 0 created, 0 failed | Time: 2492.0s
2026-01-22 11:35:13,299 - INFO - Progress: Products: 0 created, 24822 skipped, 503 failed | Variants: 0 created, 0 failed | Time: 2494.2s
2026-01-22 11:35:15,549 - INFO - Progress: Products: 0 created, 24847 skipped, 503 failed | Variants: 0 created, 0 failed | Time: 2496.4s
2026-01-22 11:35:17,843 - INFO - Progress: Products: 0 created, 24872 skipped, 503 failed | Variants: 0 created, 0 failed | Time: 2498.7s
2026-01-22 11:35:20,195 - INFO - Progress: Products: 0 created, 24897 skipped, 503 failed | Variants: 0 created, 0 failed | Time: 2501.1s
2026-01-22 11:35:22,523 - INFO - Progress: Products: 0 created, 24921 skipped, 504 failed | Variants: 0 created, 0 failed | Time: 2503.4s
2026-01-22 11:35:24,789 - INFO - Progress: Products: 0 created, 24942 skipped, 508 failed | Variants: 0 created, 0 failed | Time: 2505.7s
2026-01-22 11:35:27,121 - INFO - Progress: Products: 0 created, 24967 skipped, 508 failed | Variants: 0 created, 0 failed | Time: 2508.0s
2026-01-22 11:35:29,385 - INFO - Progress: Products: 0 created, 24992 skipped, 508 failed | Variants: 0 created, 0 failed | Time: 2510.3s
2026-01-22 11:35:31,699 - INFO - Progress: Products: 0 created, 25016 skipped, 509 failed | Variants: 0 created, 0 failed | Time: 2512.6s
2026-01-22 11:35:33,993 - INFO - Progress: Products: 0 created, 25040 skipped, 510 failed | Variants: 0 created, 0 failed | Time: 2514.9s
2026-01-22 11:35:36,297 - INFO - Progress: Products: 0 created, 25064 skipped, 511 failed | Variants: 0 created, 0 failed | Time: 2517.2s
2026-01-22 11:35:38,771 - INFO - Progress: Products: 0 created, 25089 skipped, 511 failed | Variants: 0 created, 0 failed | Time: 2519.7s
2026-01-22 11:35:41,010 - INFO - Progress: Products: 0 created, 25113 skipped, 512 failed | Variants: 0 created, 0 failed | Time: 2521.9s
2026-01-22 11:35:43,243 - INFO - Progress: Products: 0 created, 25138 skipped, 512 failed | Variants: 0 created, 0 failed | Time: 2524.1s
2026-01-22 11:35:45,460 - INFO - Progress: Products: 0 created, 25163 skipped, 512 failed | Variants: 0 created, 0 failed | Time: 2526.4s
2026-01-22 11:35:47,730 - INFO - Progress: Products: 0 created, 25188 skipped, 512 failed | Variants: 0 created, 0 failed | Time: 2528.6s
2026-01-22 11:35:49,969 - INFO - Progress: Products: 0 created, 25212 skipped, 513 failed | Variants: 0 created, 0 failed | Time: 2530.9s
2026-01-22 11:35:52,214 - INFO - Progress: Products: 0 created, 25237 skipped, 513 failed | Variants: 0 created, 0 failed | Time: 2533.1s
2026-01-22 11:35:54,467 - INFO - Progress: Products: 0 created, 25261 skipped, 514 failed | Variants: 0 created, 0 failed | Time: 2535.4s
2026-01-22 11:35:56,712 - INFO - Progress: Products: 0 created, 25286 skipped, 514 failed | Variants: 0 created, 0 failed | Time: 2537.6s
2026-01-22 11:35:58,989 - INFO - Progress: Products: 0 created, 25311 skipped, 514 failed | Variants: 0 created, 0 failed | Time: 2539.9s
2026-01-22 11:36:01,695 - INFO - Progress: Products: 0 created, 25334 skipped, 516 failed | Variants: 0 created, 0 failed | Time: 2542.6s
2026-01-22 11:36:05,162 - INFO - Progress: Products: 0 created, 25358 skipped, 517 failed | Variants: 0 created, 0 failed | Time: 2546.1s
2026-01-22 11:36:07,542 - INFO - Progress: Products: 0 created, 25382 skipped, 518 failed | Variants: 0 created, 0 failed | Time: 2548.4s
2026-01-22 11:36:10,046 - INFO - Progress: Products: 0 created, 25407 skipped, 518 failed | Variants: 0 created, 0 failed | Time: 2550.9s
2026-01-22 11:36:12,339 - INFO - Progress: Products: 0 created, 25431 skipped, 519 failed | Variants: 0 created, 0 failed | Time: 2553.2s
2026-01-22 11:36:14,601 - INFO - Progress: Products: 0 created, 25456 skipped, 519 failed | Variants: 0 created, 0 failed | Time: 2555.5s
2026-01-22 11:36:16,862 - INFO - Progress: Products: 0 created, 25481 skipped, 519 failed | Variants: 0 created, 0 failed | Time: 2557.8s
2026-01-22 11:36:19,243 - INFO - Progress: Products: 0 created, 25506 skipped, 519 failed | Variants: 0 created, 0 failed | Time: 2560.1s
2026-01-22 11:36:21,477 - INFO - Progress: Products: 0 created, 25530 skipped, 520 failed | Variants: 0 created, 0 failed | Time: 2562.4s
2026-01-22 11:36:23,764 - INFO - Progress: Products: 0 created, 25555 skipped, 520 failed | Variants: 0 created, 0 failed | Time: 2564.7s
2026-01-22 11:36:26,099 - INFO - Progress: Products: 0 created, 25579 skipped, 521 failed | Variants: 0 created, 0 failed | Time: 2567.0s
2026-01-22 11:36:28,360 - INFO - Progress: Products: 0 created, 25603 skipped, 522 failed | Variants: 0 created, 0 failed | Time: 2569.3s
2026-01-22 11:36:30,596 - INFO - Progress: Products: 0 created, 25628 skipped, 522 failed | Variants: 0 created, 0 failed | Time: 2571.5s
2026-01-22 11:36:32,834 - INFO - Progress: Products: 0 created, 25651 skipped, 524 failed | Variants: 0 created, 0 failed | Time: 2573.7s
2026-01-22 11:36:35,069 - INFO - Progress: Products: 0 created, 25675 skipped, 525 failed | Variants: 0 created, 0 failed | Time: 2576.0s
2026-01-22 11:36:37,352 - INFO - Progress: Products: 0 created, 25700 skipped, 525 failed | Variants: 0 created, 0 failed | Time: 2578.3s
2026-01-22 11:36:39,811 - INFO - Progress: Products: 0 created, 25725 skipped, 525 failed | Variants: 0 created, 0 failed | Time: 2580.7s
2026-01-22 11:36:42,045 - INFO - Progress: Products: 0 created, 25750 skipped, 525 failed | Variants: 0 created, 0 failed | Time: 2582.9s
2026-01-22 11:36:44,294 - INFO - Progress: Products: 0 created, 25775 skipped, 525 failed | Variants: 0 created, 0 failed | Time: 2585.2s
2026-01-22 11:36:46,568 - INFO - Progress: Products: 0 created, 25800 skipped, 525 failed | Variants: 0 created, 0 failed | Time: 2587.5s
2026-01-22 11:36:48,847 - INFO - Progress: Products: 0 created, 25825 skipped, 525 failed | Variants: 0 created, 0 failed | Time: 2589.7s
2026-01-22 11:36:51,173 - INFO - Progress: Products: 0 created, 25850 skipped, 525 failed | Variants: 0 created, 0 failed | Time: 2592.1s
2026-01-22 11:36:53,424 - INFO - Progress: Products: 0 created, 25874 skipped, 526 failed | Variants: 0 created, 0 failed | Time: 2594.3s
2026-01-22 11:36:55,654 - INFO - Progress: Products: 0 created, 25899 skipped, 526 failed | Variants: 0 created, 0 failed | Time: 2596.6s
2026-01-22 11:36:57,969 - INFO - Progress: Products: 0 created, 25924 skipped, 526 failed | Variants: 0 created, 0 failed | Time: 2598.9s
2026-01-22 11:37:00,396 - INFO - Progress: Products: 0 created, 25949 skipped, 526 failed | Variants: 0 created, 0 failed | Time: 2601.3s
2026-01-22 11:37:03,501 - INFO - Progress: Products: 0 created, 25974 skipped, 526 failed | Variants: 0 created, 0 failed | Time: 2604.4s
2026-01-22 11:37:05,955 - INFO - Progress: Products: 0 created, 25999 skipped, 526 failed | Variants: 0 created, 0 failed | Time: 2606.9s
2026-01-22 11:37:08,489 - INFO - Progress: Products: 0 created, 26024 skipped, 526 failed | Variants: 0 created, 0 failed | Time: 2609.4s
2026-01-22 11:37:10,926 - INFO - Progress: Products: 0 created, 26049 skipped, 526 failed | Variants: 0 created, 0 failed | Time: 2611.8s
2026-01-22 11:37:13,168 - INFO - Progress: Products: 0 created, 26074 skipped, 526 failed | Variants: 0 created, 0 failed | Time: 2614.1s
2026-01-22 11:37:15,460 - INFO - Progress: Products: 0 created, 26099 skipped, 526 failed | Variants: 0 created, 0 failed | Time: 2616.4s
2026-01-22 11:37:17,773 - INFO - Progress: Products: 0 created, 26124 skipped, 526 failed | Variants: 0 created, 0 failed | Time: 2618.7s
2026-01-22 11:37:20,090 - INFO - Progress: Products: 0 created, 26149 skipped, 526 failed | Variants: 0 created, 0 failed | Time: 2621.0s
2026-01-22 11:37:22,362 - INFO - Progress: Products: 0 created, 26173 skipped, 527 failed | Variants: 0 created, 0 failed | Time: 2623.3s
2026-01-22 11:37:24,621 - INFO - Progress: Products: 0 created, 26197 skipped, 528 failed | Variants: 0 created, 0 failed | Time: 2625.5s
2026-01-22 11:37:26,941 - INFO - Progress: Products: 0 created, 26222 skipped, 528 failed | Variants: 0 created, 0 failed | Time: 2627.8s
2026-01-22 11:37:29,261 - INFO - Progress: Products: 0 created, 26245 skipped, 530 failed | Variants: 0 created, 0 failed | Time: 2630.2s
2026-01-22 11:37:31,570 - INFO - Progress: Products: 0 created, 26270 skipped, 530 failed | Variants: 0 created, 0 failed | Time: 2632.5s
2026-01-22 11:37:33,860 - INFO - Progress: Products: 0 created, 26295 skipped, 530 failed | Variants: 0 created, 0 failed | Time: 2634.8s
2026-01-22 11:37:36,172 - INFO - Progress: Products: 0 created, 26320 skipped, 530 failed | Variants: 0 created, 0 failed | Time: 2637.1s
2026-01-22 11:37:38,747 - INFO - Progress: Products: 0 created, 26344 skipped, 531 failed | Variants: 0 created, 0 failed | Time: 2639.6s
2026-01-22 11:37:40,995 - INFO - Progress: Products: 0 created, 26369 skipped, 531 failed | Variants: 0 created, 0 failed | Time: 2641.9s
2026-01-22 11:37:43,266 - INFO - Progress: Products: 0 created, 26391 skipped, 534 failed | Variants: 0 created, 0 failed | Time: 2644.2s
2026-01-22 11:37:45,504 - INFO - Progress: Products: 0 created, 26415 skipped, 535 failed | Variants: 0 created, 0 failed | Time: 2646.4s
2026-01-22 11:37:47,803 - INFO - Progress: Products: 0 created, 26439 skipped, 536 failed | Variants: 0 created, 0 failed | Time: 2648.7s
2026-01-22 11:37:50,195 - INFO - Progress: Products: 0 created, 26464 skipped, 536 failed | Variants: 0 created, 0 failed | Time: 2651.1s
2026-01-22 11:37:52,483 - INFO - Progress: Products: 0 created, 26489 skipped, 536 failed | Variants: 0 created, 0 failed | Time: 2653.4s
2026-01-22 11:37:54,745 - INFO - Progress: Products: 0 created, 26514 skipped, 536 failed | Variants: 0 created, 0 failed | Time: 2655.6s
2026-01-22 11:37:57,026 - INFO - Progress: Products: 0 created, 26539 skipped, 536 failed | Variants: 0 created, 0 failed | Time: 2657.9s
2026-01-22 11:37:59,293 - INFO - Progress: Products: 0 created, 26563 skipped, 537 failed | Variants: 0 created, 0 failed | Time: 2660.2s
2026-01-22 11:38:01,994 - INFO - Progress: Products: 0 created, 26588 skipped, 537 failed | Variants: 0 created, 0 failed | Time: 2662.9s
2026-01-22 11:38:04,921 - INFO - Progress: Products: 0 created, 26613 skipped, 537 failed | Variants: 0 created, 0 failed | Time: 2665.8s
2026-01-22 11:38:07,271 - INFO - Progress: Products: 0 created, 26637 skipped, 538 failed | Variants: 0 created, 0 failed | Time: 2668.2s
2026-01-22 11:38:09,831 - INFO - Progress: Products: 0 created, 26661 skipped, 539 failed | Variants: 0 created, 0 failed | Time: 2670.7s
2026-01-22 11:38:12,239 - INFO - Progress: Products: 0 created, 26686 skipped, 539 failed | Variants: 0 created, 0 failed | Time: 2673.1s
2026-01-22 11:38:14,604 - INFO - Progress: Products: 0 created, 26710 skipped, 540 failed | Variants: 0 created, 0 failed | Time: 2675.5s
2026-01-22 11:38:16,936 - INFO - Progress: Products: 0 created, 26734 skipped, 541 failed | Variants: 0 created, 0 failed | Time: 2677.8s
2026-01-22 11:38:19,196 - INFO - Progress: Products: 0 created, 26759 skipped, 541 failed | Variants: 0 created, 0 failed | Time: 2680.1s
2026-01-22 11:38:21,485 - INFO - Progress: Products: 0 created, 26783 skipped, 542 failed | Variants: 0 created, 0 failed | Time: 2682.4s
2026-01-22 11:38:23,760 - INFO - Progress: Products: 0 created, 26808 skipped, 542 failed | Variants: 0 created, 0 failed | Time: 2684.7s
2026-01-22 11:38:26,018 - INFO - Progress: Products: 0 created, 26833 skipped, 542 failed | Variants: 0 created, 0 failed | Time: 2686.9s
2026-01-22 11:38:28,327 - INFO - Progress: Products: 0 created, 26857 skipped, 543 failed | Variants: 0 created, 0 failed | Time: 2689.2s
2026-01-22 11:38:30,699 - INFO - Progress: Products: 0 created, 26882 skipped, 543 failed | Variants: 0 created, 0 failed | Time: 2691.6s
2026-01-22 11:38:33,005 - INFO - Progress: Products: 0 created, 26907 skipped, 543 failed | Variants: 0 created, 0 failed | Time: 2693.9s
2026-01-22 11:38:35,320 - INFO - Progress: Products: 0 created, 26931 skipped, 544 failed | Variants: 0 created, 0 failed | Time: 2696.2s
2026-01-22 11:38:37,580 - INFO - Progress: Products: 0 created, 26956 skipped, 544 failed | Variants: 0 created, 0 failed | Time: 2698.5s
2026-01-22 11:38:40,144 - INFO - Progress: Products: 0 created, 26978 skipped, 547 failed | Variants: 0 created, 0 failed | Time: 2701.0s
2026-01-22 11:38:42,395 - INFO - Progress: Products: 0 created, 27003 skipped, 547 failed | Variants: 0 created, 0 failed | Time: 2703.3s
2026-01-22 11:38:44,594 - INFO - Progress: Products: 0 created, 27028 skipped, 547 failed | Variants: 0 created, 0 failed | Time: 2705.5s
2026-01-22 11:38:48,214 - INFO - Progress: Products: 0 created, 27053 skipped, 547 failed | Variants: 0 created, 0 failed | Time: 2709.1s
2026-01-22 11:38:50,490 - INFO - Progress: Products: 0 created, 27078 skipped, 547 failed | Variants: 0 created, 0 failed | Time: 2711.4s
2026-01-22 11:38:52,753 - INFO - Progress: Products: 0 created, 27102 skipped, 548 failed | Variants: 0 created, 0 failed | Time: 2713.7s
2026-01-22 11:38:54,972 - INFO - Progress: Products: 0 created, 27127 skipped, 548 failed | Variants: 0 created, 0 failed | Time: 2715.9s
2026-01-22 11:38:57,190 - INFO - Progress: Products: 0 created, 27151 skipped, 549 failed | Variants: 0 created, 0 failed | Time: 2718.1s
2026-01-22 11:38:59,445 - INFO - Progress: Products: 0 created, 27174 skipped, 551 failed | Variants: 0 created, 0 failed | Time: 2720.3s
2026-01-22 11:39:02,429 - INFO - Progress: Products: 0 created, 27196 skipped, 554 failed | Variants: 0 created, 0 failed | Time: 2723.3s
2026-01-22 11:39:05,617 - INFO - Progress: Products: 0 created, 27220 skipped, 555 failed | Variants: 0 created, 0 failed | Time: 2726.5s
2026-01-22 11:39:08,884 - INFO - Progress: Products: 0 created, 27244 skipped, 556 failed | Variants: 0 created, 0 failed | Time: 2729.8s
2026-01-22 11:39:11,233 - INFO - Progress: Products: 0 created, 27269 skipped, 556 failed | Variants: 0 created, 0 failed | Time: 2732.1s
2026-01-22 11:39:13,623 - INFO - Progress: Products: 0 created, 27294 skipped, 556 failed | Variants: 0 created, 0 failed | Time: 2734.5s
2026-01-22 11:39:15,951 - INFO - Progress: Products: 0 created, 27319 skipped, 556 failed | Variants: 0 created, 0 failed | Time: 2736.9s
2026-01-22 11:39:18,228 - INFO - Progress: Products: 0 created, 27344 skipped, 556 failed | Variants: 0 created, 0 failed | Time: 2739.1s
2026-01-22 11:39:20,420 - INFO - Progress: Products: 0 created, 27369 skipped, 556 failed | Variants: 0 created, 0 failed | Time: 2741.3s
2026-01-22 11:39:22,648 - INFO - Progress: Products: 0 created, 27394 skipped, 556 failed | Variants: 0 created, 0 failed | Time: 2743.5s
2026-01-22 11:39:25,032 - INFO - Progress: Products: 0 created, 27419 skipped, 556 failed | Variants: 0 created, 0 failed | Time: 2745.9s
2026-01-22 11:39:27,261 - INFO - Progress: Products: 0 created, 27444 skipped, 556 failed | Variants: 0 created, 0 failed | Time: 2748.2s
2026-01-22 11:39:29,564 - INFO - Progress: Products: 0 created, 27469 skipped, 556 failed | Variants: 0 created, 0 failed | Time: 2750.5s
2026-01-22 11:39:31,838 - INFO - Progress: Products: 0 created, 27494 skipped, 556 failed | Variants: 0 created, 0 failed | Time: 2752.7s
2026-01-22 11:39:34,050 - INFO - Progress: Products: 0 created, 27518 skipped, 557 failed | Variants: 0 created, 0 failed | Time: 2754.9s
2026-01-22 11:39:36,254 - INFO - Progress: Products: 0 created, 27541 skipped, 559 failed | Variants: 0 created, 0 failed | Time: 2757.2s
2026-01-22 11:39:38,671 - INFO - Progress: Products: 0 created, 27566 skipped, 559 failed | Variants: 0 created, 0 failed | Time: 2759.6s
2026-01-22 11:39:40,952 - INFO - Progress: Products: 0 created, 27591 skipped, 559 failed | Variants: 0 created, 0 failed | Time: 2761.9s
2026-01-22 11:39:43,146 - INFO - Progress: Products: 0 created, 27616 skipped, 559 failed | Variants: 0 created, 0 failed | Time: 2764.0s
2026-01-22 11:39:45,436 - INFO - Progress: Products: 0 created, 27640 skipped, 560 failed | Variants: 0 created, 0 failed | Time: 2766.3s
2026-01-22 11:39:47,702 - INFO - Progress: Products: 0 created, 27665 skipped, 560 failed | Variants: 0 created, 0 failed | Time: 2768.6s
2026-01-22 11:39:50,042 - INFO - Progress: Products: 0 created, 27689 skipped, 561 failed | Variants: 0 created, 0 failed | Time: 2770.9s
2026-01-22 11:39:52,296 - INFO - Progress: Products: 0 created, 27713 skipped, 562 failed | Variants: 0 created, 0 failed | Time: 2773.2s
2026-01-22 11:39:54,478 - INFO - Progress: Products: 0 created, 27738 skipped, 562 failed | Variants: 0 created, 0 failed | Time: 2775.4s
2026-01-22 11:39:56,761 - INFO - Progress: Products: 0 created, 27760 skipped, 565 failed | Variants: 0 created, 0 failed | Time: 2777.7s
2026-01-22 11:39:59,050 - INFO - Progress: Products: 0 created, 27785 skipped, 565 failed | Variants: 0 created, 0 failed | Time: 2779.9s
2026-01-22 11:40:01,879 - INFO - Progress: Products: 0 created, 27809 skipped, 566 failed | Variants: 0 created, 0 failed | Time: 2782.8s
2026-01-22 11:40:04,938 - INFO - Progress: Products: 0 created, 27834 skipped, 566 failed | Variants: 0 created, 0 failed | Time: 2785.8s
2026-01-22 11:40:07,282 - INFO - Progress: Products: 0 created, 27859 skipped, 566 failed | Variants: 0 created, 0 failed | Time: 2788.2s
2026-01-22 11:40:09,959 - INFO - Progress: Products: 0 created, 27884 skipped, 566 failed | Variants: 0 created, 0 failed | Time: 2790.9s
2026-01-22 11:40:12,238 - INFO - Progress: Products: 0 created, 27909 skipped, 566 failed | Variants: 0 created, 0 failed | Time: 2793.1s
2026-01-22 11:40:14,466 - INFO - Progress: Products: 0 created, 27934 skipped, 566 failed | Variants: 0 created, 0 failed | Time: 2795.4s
2026-01-22 11:40:16,760 - INFO - Progress: Products: 0 created, 27959 skipped, 566 failed | Variants: 0 created, 0 failed | Time: 2797.7s
2026-01-22 11:40:18,998 - INFO - Progress: Products: 0 created, 27984 skipped, 566 failed | Variants: 0 created, 0 failed | Time: 2799.9s
2026-01-22 11:40:21,271 - INFO - Progress: Products: 0 created, 28009 skipped, 566 failed | Variants: 0 created, 0 failed | Time: 2802.2s
2026-01-22 11:40:23,521 - INFO - Progress: Products: 0 created, 28034 skipped, 566 failed | Variants: 0 created, 0 failed | Time: 2804.4s
2026-01-22 11:40:25,790 - INFO - Progress: Products: 0 created, 28059 skipped, 566 failed | Variants: 0 created, 0 failed | Time: 2806.7s
2026-01-22 11:40:28,142 - INFO - Progress: Products: 0 created, 28083 skipped, 567 failed | Variants: 0 created, 0 failed | Time: 2809.0s
2026-01-22 11:40:30,482 - INFO - Progress: Products: 0 created, 28108 skipped, 567 failed | Variants: 0 created, 0 failed | Time: 2811.4s
2026-01-22 11:40:32,775 - INFO - Progress: Products: 0 created, 28133 skipped, 567 failed | Variants: 0 created, 0 failed | Time: 2813.7s
2026-01-22 11:40:35,054 - INFO - Progress: Products: 0 created, 28157 skipped, 568 failed | Variants: 0 created, 0 failed | Time: 2816.0s
2026-01-22 11:40:37,487 - INFO - Progress: Products: 0 created, 28180 skipped, 570 failed | Variants: 0 created, 0 failed | Time: 2818.4s
2026-01-22 11:40:40,125 - INFO - Progress: Products: 0 created, 28202 skipped, 573 failed | Variants: 0 created, 0 failed | Time: 2821.0s
2026-01-22 11:40:42,382 - INFO - Progress: Products: 0 created, 28227 skipped, 573 failed | Variants: 0 created, 0 failed | Time: 2823.3s
2026-01-22 11:40:44,651 - INFO - Progress: Products: 0 created, 28252 skipped, 573 failed | Variants: 0 created, 0 failed | Time: 2825.5s
2026-01-22 11:40:46,933 - INFO - Progress: Products: 0 created, 28276 skipped, 574 failed | Variants: 0 created, 0 failed | Time: 2827.8s
2026-01-22 11:40:49,160 - INFO - Progress: Products: 0 created, 28301 skipped, 574 failed | Variants: 0 created, 0 failed | Time: 2830.1s
2026-01-22 11:40:51,422 - INFO - Progress: Products: 0 created, 28326 skipped, 574 failed | Variants: 0 created, 0 failed | Time: 2832.3s

Batch 934/3783 (cards 23326-23350)

Batch 935/3783 (cards 23351-23375)

Batch 936/3783 (cards 23376-23400)

Batch 937/3783 (cards 23401-23425)

Batch 938/3783 (cards 23426-23450)

Batch 939/3783 (cards 23451-23475)

Batch 940/3783 (cards 23476-23500)

Batch 941/3783 (cards 23501-23525)

Batch 942/3783 (cards 23526-23550)

Batch 943/3783 (cards 23551-23575)

Batch 944/3783 (cards 23576-23600)

Batch 945/3783 (cards 23601-23625)

Batch 946/3783 (cards 23626-23650)

Batch 947/3783 (cards 23651-23675)

Batch 948/3783 (cards 23676-23700)

Batch 949/3783 (cards 23701-23725)

Batch 950/3783 (cards 23726-23750)

Batch 951/3783 (cards 23751-23775)

Batch 952/3783 (cards 23776-23800)

Batch 953/3783 (cards 23801-23825)

Batch 954/3783 (cards 23826-23850)

Batch 955/3783 (cards 23851-23875)

Batch 956/3783 (cards 23876-23900)

Batch 957/3783 (cards 23901-23925)

Batch 958/3783 (cards 23926-23950)

Batch 959/3783 (cards 23951-23975)

Batch 960/3783 (cards 23976-24000)

Batch 961/3783 (cards 24001-24025)

Batch 962/3783 (cards 24026-24050)

Batch 963/3783 (cards 24051-24075)

Batch 964/3783 (cards 24076-24100)

Batch 965/3783 (cards 24101-24125)

Batch 966/3783 (cards 24126-24150)

Batch 967/3783 (cards 24151-24175)

Batch 968/3783 (cards 24176-24200)

Batch 969/3783 (cards 24201-24225)

Batch 970/3783 (cards 24226-24250)

Batch 971/3783 (cards 24251-24275)

Batch 972/3783 (cards 24276-24300)

Batch 973/3783 (cards 24301-24325)

Batch 974/3783 (cards 24326-24350)

Batch 975/3783 (cards 24351-24375)

Batch 976/3783 (cards 24376-24400)

Batch 977/3783 (cards 24401-24425)

Batch 978/3783 (cards 24426-24450)

Batch 979/3783 (cards 24451-24475)

Batch 980/3783 (cards 24476-24500)

Batch 981/3783 (cards 24501-24525)

Batch 982/3783 (cards 24526-24550)

Batch 983/3783 (cards 24551-24575)

Batch 984/3783 (cards 24576-24600)

Batch 985/3783 (cards 24601-24625)

Batch 986/3783 (cards 24626-24650)

Batch 987/3783 (cards 24651-24675)

Batch 988/3783 (cards 24676-24700)

Batch 989/3783 (cards 24701-24725)

Batch 990/3783 (cards 24726-24750)

Batch 991/3783 (cards 24751-24775)

Batch 992/3783 (cards 24776-24800)

Batch 993/3783 (cards 24801-24825)

Batch 994/3783 (cards 24826-24850)

Batch 995/3783 (cards 24851-24875)

Batch 996/3783 (cards 24876-24900)

Batch 997/3783 (cards 24901-24925)

Batch 998/3783 (cards 24926-24950)

Batch 999/3783 (cards 24951-24975)

Batch 1000/3783 (cards 24976-25000)

Batch 1001/3783 (cards 25001-25025)

Batch 1002/3783 (cards 25026-25050)

Batch 1003/3783 (cards 25051-25075)

Batch 1004/3783 (cards 25076-25100)

Batch 1005/3783 (cards 25101-25125)

Batch 1006/3783 (cards 25126-25150)

Batch 1007/3783 (cards 25151-25175)

Batch 1008/3783 (cards 25176-25200)

Batch 1009/3783 (cards 25201-25225)

Batch 1010/3783 (cards 25226-25250)

Batch 1011/3783 (cards 25251-25275)

Batch 1012/3783 (cards 25276-25300)

Batch 1013/3783 (cards 25301-25325)

Batch 1014/3783 (cards 25326-25350)

Batch 1015/3783 (cards 25351-25375)

Batch 1016/3783 (cards 25376-25400)

Batch 1017/3783 (cards 25401-25425)

Batch 1018/3783 (cards 25426-25450)

Batch 1019/3783 (cards 25451-25475)

Batch 1020/3783 (cards 25476-25500)

Batch 1021/3783 (cards 25501-25525)

Batch 1022/3783 (cards 25526-25550)

Batch 1023/3783 (cards 25551-25575)

Batch 1024/3783 (cards 25576-25600)

Batch 1025/3783 (cards 25601-25625)

Batch 1026/3783 (cards 25626-25650)

Batch 1027/3783 (cards 25651-25675)

Batch 1028/3783 (cards 25676-25700)

Batch 1029/3783 (cards 25701-25725)

Batch 1030/3783 (cards 25726-25750)

Batch 1031/3783 (cards 25751-25775)

Batch 1032/3783 (cards 25776-25800)

Batch 1033/3783 (cards 25801-25825)

Batch 1034/3783 (cards 25826-25850)

Batch 1035/3783 (cards 25851-25875)

Batch 1036/3783 (cards 25876-25900)

Batch 1037/3783 (cards 25901-25925)

Batch 1038/3783 (cards 25926-25950)

Batch 1039/3783 (cards 25951-25975)

Batch 1040/3783 (cards 25976-26000)

Batch 1041/3783 (cards 26001-26025)

Batch 1042/3783 (cards 26026-26050)

Batch 1043/3783 (cards 26051-26075)

Batch 1044/3783 (cards 26076-26100)

Batch 1045/3783 (cards 26101-26125)

Batch 1046/3783 (cards 26126-26150)

Batch 1047/3783 (cards 26151-26175)

Batch 1048/3783 (cards 26176-26200)

Batch 1049/3783 (cards 26201-26225)

Batch 1050/3783 (cards 26226-26250)

Batch 1051/3783 (cards 26251-26275)

Batch 1052/3783 (cards 26276-26300)

Batch 1053/3783 (cards 26301-26325)

Batch 1054/3783 (cards 26326-26350)

Batch 1055/3783 (cards 26351-26375)

Batch 1056/3783 (cards 26376-26400)

Batch 1057/3783 (cards 26401-26425)

Batch 1058/3783 (cards 26426-26450)

Batch 1059/3783 (cards 26451-26475)

Batch 1060/3783 (cards 26476-26500)

Batch 1061/3783 (cards 26501-26525)

Batch 1062/3783 (cards 26526-26550)

Batch 1063/3783 (cards 26551-26575)

Batch 1064/3783 (cards 26576-26600)

Batch 1065/3783 (cards 26601-26625)

Batch 1066/3783 (cards 26626-26650)

Batch 1067/3783 (cards 26651-26675)

Batch 1068/3783 (cards 26676-26700)

Batch 1069/3783 (cards 26701-26725)

Batch 1070/3783 (cards 26726-26750)

Batch 1071/3783 (cards 26751-26775)

Batch 1072/3783 (cards 26776-26800)

Batch 1073/3783 (cards 26801-26825)

Batch 1074/3783 (cards 26826-26850)

Batch 1075/3783 (cards 26851-26875)

Batch 1076/3783 (cards 26876-26900)

Batch 1077/3783 (cards 26901-26925)

Batch 1078/3783 (cards 26926-26950)

Batch 1079/3783 (cards 26951-26975)

Batch 1080/3783 (cards 26976-27000)

Batch 1081/3783 (cards 27001-27025)

Batch 1082/3783 (cards 27026-27050)

Batch 1083/3783 (cards 27051-27075)

Batch 1084/3783 (cards 27076-27100)

Batch 1085/3783 (cards 27101-27125)

Batch 1086/3783 (cards 27126-27150)

Batch 1087/3783 (cards 27151-27175)

Batch 1088/3783 (cards 27176-27200)

Batch 1089/3783 (cards 27201-27225)

Batch 1090/3783 (cards 27226-27250)

Batch 1091/3783 (cards 27251-27275)

Batch 1092/3783 (cards 27276-27300)

Batch 1093/3783 (cards 27301-27325)

Batch 1094/3783 (cards 27326-27350)

Batch 1095/3783 (cards 27351-27375)

Batch 1096/3783 (cards 27376-27400)

Batch 1097/3783 (cards 27401-27425)

Batch 1098/3783 (cards 27426-27450)

Batch 1099/3783 (cards 27451-27475)

Batch 1100/3783 (cards 27476-27500)

Batch 1101/3783 (cards 27501-27525)

Batch 1102/3783 (cards 27526-27550)

Batch 1103/3783 (cards 27551-27575)

Batch 1104/3783 (cards 27576-27600)

Batch 1105/3783 (cards 27601-27625)

Batch 1106/3783 (cards 27626-27650)

Batch 1107/3783 (cards 27651-27675)

Batch 1108/3783 (cards 27676-27700)

Batch 1109/3783 (cards 27701-27725)

Batch 1110/3783 (cards 27726-27750)

Batch 1111/3783 (cards 27751-27775)

Batch 1112/3783 (cards 27776-27800)

Batch 1113/3783 (cards 27801-27825)

Batch 1114/3783 (cards 27826-27850)

Batch 1115/3783 (cards 27851-27875)

Batch 1116/3783 (cards 27876-27900)

Batch 1117/3783 (cards 27901-27925)

Batch 1118/3783 (cards 27926-27950)

Batch 1119/3783 (cards 27951-27975)

Batch 1120/3783 (cards 27976-28000)

Batch 1121/3783 (cards 28001-28025)

Batch 1122/3783 (cards 28026-28050)

Batch 1123/3783 (cards 28051-28075)

Batch 1124/3783 (cards 28076-28100)

Batch 1125/3783 (cards 28101-28125)

Batch 1126/3783 (cards 28126-28150)

Batch 1127/3783 (cards 28151-28175)

Batch 1128/3783 (cards 28176-28200)

Batch 1129/3783 (cards 28201-28225)

Batch 1130/3783 (cards 28226-28250)

Batch 1131/3783 (cards 28251-28275)

Batch 1132/3783 (cards 28276-28300)

Batch 1133/3783 (cards 28301-28325)

Batch 1134/3783 (cards 28326-28350)

Batch 1135/3783 (cards 28351-28375)

Batch 1136/3783 (cards 28376-28400)

Batch 1137/3783 (cards 28401-28425)

Batch 1138/3783 (cards 28426-28450)

Batch 1139/3783 (cards 28451-28475)

Batch 1140/3783 (cards 28476-28500)

Batch 1141/3783 (cards 28501-28525)

Batch 1142/3783 (cards 28526-28550)

Batch 1143/3783 (cards 28551-28575)

Batch 1144/3783 (cards 28576-28600)

Batch 1145/3783 (cards 28601-28625)

Batch 1146/3783 (cards 28626-28650)

Batch 1147/3783 (cards 28651-28675)

Batch 1148/3783 (cards 28676-28700)

Batch 1149/3783 (cards 28701-28725)

Batch 1150/3783 (cards 28726-28750)

Batch 1151/3783 (cards 28751-28775)

Batch 1152/3783 (cards 28776-28800)

Batch 1153/3783 (cards 28801-28825)

Batch 1154/3783 (cards 28826-28850)

Batch 1155/3783 (cards 28851-28875)

Batch 1156/3783 (cards 28876-28900)
2026-01-22 11:40:54,007 - INFO - Progress: Products: 0 created, 28350 skipped, 575 failed | Variants: 0 created, 0 failed | Time: 2834.9s
2026-01-22 11:40:56,481 - INFO - Progress: Products: 0 created, 28375 skipped, 575 failed | Variants: 0 created, 0 failed | Time: 2837.4s
2026-01-22 11:40:58,860 - INFO - Progress: Products: 0 created, 28400 skipped, 575 failed | Variants: 0 created, 0 failed | Time: 2839.8s
2026-01-22 11:41:01,257 - INFO - Progress: Products: 0 created, 28422 skipped, 578 failed | Variants: 0 created, 0 failed | Time: 2842.2s
2026-01-22 11:41:04,374 - INFO - Progress: Products: 0 created, 28446 skipped, 579 failed | Variants: 0 created, 0 failed | Time: 2845.3s
2026-01-22 11:41:06,679 - INFO - Progress: Products: 0 created, 28470 skipped, 580 failed | Variants: 0 created, 0 failed | Time: 2847.6s
2026-01-22 11:41:09,557 - INFO - Progress: Products: 0 created, 28495 skipped, 580 failed | Variants: 0 created, 0 failed | Time: 2850.5s
2026-01-22 11:41:12,203 - INFO - Progress: Products: 0 created, 28520 skipped, 580 failed | Variants: 0 created, 0 failed | Time: 2853.1s
2026-01-22 11:41:14,479 - INFO - Progress: Products: 0 created, 28541 skipped, 584 failed | Variants: 0 created, 0 failed | Time: 2855.4s
2026-01-22 11:41:16,834 - INFO - Progress: Products: 0 created, 28566 skipped, 584 failed | Variants: 0 created, 0 failed | Time: 2857.7s
2026-01-22 11:41:19,165 - INFO - Progress: Products: 0 created, 28590 skipped, 585 failed | Variants: 0 created, 0 failed | Time: 2860.1s
2026-01-22 11:41:21,449 - INFO - Progress: Products: 0 created, 28615 skipped, 585 failed | Variants: 0 created, 0 failed | Time: 2862.3s
2026-01-22 11:41:23,733 - INFO - Progress: Products: 0 created, 28640 skipped, 585 failed | Variants: 0 created, 0 failed | Time: 2864.6s
2026-01-22 11:41:25,948 - INFO - Progress: Products: 0 created, 28665 skipped, 585 failed | Variants: 0 created, 0 failed | Time: 2866.8s
2026-01-22 11:41:28,255 - INFO - Progress: Products: 0 created, 28690 skipped, 585 failed | Variants: 0 created, 0 failed | Time: 2869.2s
2026-01-22 11:41:30,535 - INFO - Progress: Products: 0 created, 28713 skipped, 587 failed | Variants: 0 created, 0 failed | Time: 2871.4s
2026-01-22 11:41:32,821 - INFO - Progress: Products: 0 created, 28738 skipped, 587 failed | Variants: 0 created, 0 failed | Time: 2873.7s
2026-01-22 11:41:35,107 - INFO - Progress: Products: 0 created, 28763 skipped, 587 failed | Variants: 0 created, 0 failed | Time: 2876.0s
2026-01-22 11:41:37,358 - INFO - Progress: Products: 0 created, 28788 skipped, 587 failed | Variants: 0 created, 0 failed | Time: 2878.3s
2026-01-22 11:41:39,858 - INFO - Progress: Products: 0 created, 28813 skipped, 587 failed | Variants: 0 created, 0 failed | Time: 2880.8s
2026-01-22 11:41:42,115 - INFO - Progress: Products: 0 created, 28837 skipped, 588 failed | Variants: 0 created, 0 failed | Time: 2883.0s
2026-01-22 11:41:44,373 - INFO - Progress: Products: 0 created, 28862 skipped, 588 failed | Variants: 0 created, 0 failed | Time: 2885.3s
2026-01-22 11:41:46,607 - INFO - Progress: Products: 0 created, 28887 skipped, 588 failed | Variants: 0 created, 0 failed | Time: 2887.5s
2026-01-22 11:41:48,860 - INFO - Progress: Products: 0 created, 28912 skipped, 588 failed | Variants: 0 created, 0 failed | Time: 2889.8s
2026-01-22 11:41:51,101 - INFO - Progress: Products: 0 created, 28937 skipped, 588 failed | Variants: 0 created, 0 failed | Time: 2892.0s
2026-01-22 11:41:53,346 - INFO - Progress: Products: 0 created, 28962 skipped, 588 failed | Variants: 0 created, 0 failed | Time: 2894.2s
2026-01-22 11:41:55,594 - INFO - Progress: Products: 0 created, 28987 skipped, 588 failed | Variants: 0 created, 0 failed | Time: 2896.5s
2026-01-22 11:41:57,882 - INFO - Progress: Products: 0 created, 29012 skipped, 588 failed | Variants: 0 created, 0 failed | Time: 2898.8s
2026-01-22 11:42:00,416 - INFO - Progress: Products: 0 created, 29037 skipped, 588 failed | Variants: 0 created, 0 failed | Time: 2901.3s
2026-01-22 11:42:03,722 - INFO - Progress: Products: 0 created, 29061 skipped, 589 failed | Variants: 0 created, 0 failed | Time: 2904.6s
2026-01-22 11:42:06,108 - INFO - Progress: Products: 0 created, 29086 skipped, 589 failed | Variants: 0 created, 0 failed | Time: 2907.0s
2026-01-22 11:42:08,581 - INFO - Progress: Products: 0 created, 29111 skipped, 589 failed | Variants: 0 created, 0 failed | Time: 2909.5s
2026-01-22 11:42:10,898 - INFO - Progress: Products: 0 created, 29136 skipped, 589 failed | Variants: 0 created, 0 failed | Time: 2911.8s
2026-01-22 11:42:13,186 - INFO - Progress: Products: 0 created, 29160 skipped, 590 failed | Variants: 0 created, 0 failed | Time: 2914.1s
2026-01-22 11:42:15,487 - INFO - Progress: Products: 0 created, 29184 skipped, 591 failed | Variants: 0 created, 0 failed | Time: 2916.4s
2026-01-22 11:42:17,796 - INFO - Progress: Products: 0 created, 29209 skipped, 591 failed | Variants: 0 created, 0 failed | Time: 2918.7s
2026-01-22 11:42:20,093 - INFO - Progress: Products: 0 created, 29234 skipped, 591 failed | Variants: 0 created, 0 failed | Time: 2921.0s
2026-01-22 11:42:22,400 - INFO - Progress: Products: 0 created, 29259 skipped, 591 failed | Variants: 0 created, 0 failed | Time: 2923.3s
2026-01-22 11:42:24,655 - INFO - Progress: Products: 0 created, 29283 skipped, 592 failed | Variants: 0 created, 0 failed | Time: 2925.6s
2026-01-22 11:42:26,898 - INFO - Progress: Products: 0 created, 29306 skipped, 594 failed | Variants: 0 created, 0 failed | Time: 2927.8s
2026-01-22 11:42:29,118 - INFO - Progress: Products: 0 created, 29331 skipped, 594 failed | Variants: 0 created, 0 failed | Time: 2930.0s
2026-01-22 11:42:31,364 - INFO - Progress: Products: 0 created, 29354 skipped, 596 failed | Variants: 0 created, 0 failed | Time: 2932.3s
2026-01-22 11:42:33,587 - INFO - Progress: Products: 0 created, 29378 skipped, 597 failed | Variants: 0 created, 0 failed | Time: 2934.5s
2026-01-22 11:42:35,880 - INFO - Progress: Products: 0 created, 29403 skipped, 597 failed | Variants: 0 created, 0 failed | Time: 2936.8s
2026-01-22 11:42:38,341 - INFO - Progress: Products: 0 created, 29427 skipped, 598 failed | Variants: 0 created, 0 failed | Time: 2939.2s
2026-01-22 11:42:40,644 - INFO - Progress: Products: 0 created, 29452 skipped, 598 failed | Variants: 0 created, 0 failed | Time: 2941.5s
2026-01-22 11:42:42,866 - INFO - Progress: Products: 0 created, 29477 skipped, 598 failed | Variants: 0 created, 0 failed | Time: 2943.8s
2026-01-22 11:42:45,244 - INFO - Progress: Products: 0 created, 29500 skipped, 600 failed | Variants: 0 created, 0 failed | Time: 2946.1s
2026-01-22 11:42:47,592 - INFO - Progress: Products: 0 created, 29525 skipped, 600 failed | Variants: 0 created, 0 failed | Time: 2948.5s
2026-01-22 11:42:49,923 - INFO - Progress: Products: 0 created, 29548 skipped, 602 failed | Variants: 0 created, 0 failed | Time: 2950.8s
2026-01-22 11:42:52,299 - INFO - Progress: Products: 0 created, 29573 skipped, 602 failed | Variants: 0 created, 0 failed | Time: 2953.2s
2026-01-22 11:42:54,577 - INFO - Progress: Products: 0 created, 29598 skipped, 602 failed | Variants: 0 created, 0 failed | Time: 2955.5s
2026-01-22 11:42:56,911 - INFO - Progress: Products: 0 created, 29623 skipped, 602 failed | Variants: 0 created, 0 failed | Time: 2957.8s
2026-01-22 11:42:59,163 - INFO - Progress: Products: 0 created, 29647 skipped, 603 failed | Variants: 0 created, 0 failed | Time: 2960.1s
2026-01-22 11:43:01,672 - INFO - Progress: Products: 0 created, 29672 skipped, 603 failed | Variants: 0 created, 0 failed | Time: 2962.6s
2026-01-22 11:43:04,558 - INFO - Progress: Products: 0 created, 29696 skipped, 604 failed | Variants: 0 created, 0 failed | Time: 2965.5s
2026-01-22 11:43:06,900 - INFO - Progress: Products: 0 created, 29720 skipped, 605 failed | Variants: 0 created, 0 failed | Time: 2967.8s
2026-01-22 11:43:09,498 - INFO - Progress: Products: 0 created, 29744 skipped, 606 failed | Variants: 0 created, 0 failed | Time: 2970.4s
2026-01-22 11:43:11,694 - INFO - Progress: Products: 0 created, 29768 skipped, 607 failed | Variants: 0 created, 0 failed | Time: 2972.6s
2026-01-22 11:43:13,930 - INFO - Progress: Products: 0 created, 29793 skipped, 607 failed | Variants: 0 created, 0 failed | Time: 2974.8s
2026-01-22 11:43:16,211 - INFO - Progress: Products: 0 created, 29818 skipped, 607 failed | Variants: 0 created, 0 failed | Time: 2977.1s
2026-01-22 11:43:18,463 - INFO - Progress: Products: 0 created, 29842 skipped, 608 failed | Variants: 0 created, 0 failed | Time: 2979.4s
2026-01-22 11:43:20,663 - INFO - Progress: Products: 0 created, 29867 skipped, 608 failed | Variants: 0 created, 0 failed | Time: 2981.6s
2026-01-22 11:43:22,945 - INFO - Progress: Products: 0 created, 29891 skipped, 609 failed | Variants: 0 created, 0 failed | Time: 2983.8s
2026-01-22 11:43:25,176 - INFO - Progress: Products: 0 created, 29916 skipped, 609 failed | Variants: 0 created, 0 failed | Time: 2986.1s
2026-01-22 11:43:27,452 - INFO - Progress: Products: 0 created, 29940 skipped, 610 failed | Variants: 0 created, 0 failed | Time: 2988.4s
2026-01-22 11:43:29,748 - INFO - Progress: Products: 0 created, 29965 skipped, 610 failed | Variants: 0 created, 0 failed | Time: 2990.6s
2026-01-22 11:43:31,934 - INFO - Progress: Products: 0 created, 29990 skipped, 610 failed | Variants: 0 created, 0 failed | Time: 2992.8s
2026-01-22 11:43:34,101 - INFO - Progress: Products: 0 created, 30015 skipped, 610 failed | Variants: 0 created, 0 failed | Time: 2995.0s
2026-01-22 11:43:36,421 - INFO - Progress: Products: 0 created, 30039 skipped, 611 failed | Variants: 0 created, 0 failed | Time: 2997.3s
2026-01-22 11:43:38,857 - INFO - Progress: Products: 0 created, 30063 skipped, 612 failed | Variants: 0 created, 0 failed | Time: 2999.8s
2026-01-22 11:43:41,169 - INFO - Progress: Products: 0 created, 30088 skipped, 612 failed | Variants: 0 created, 0 failed | Time: 3002.1s
2026-01-22 11:43:43,481 - INFO - Progress: Products: 0 created, 30113 skipped, 612 failed | Variants: 0 created, 0 failed | Time: 3004.4s
2026-01-22 11:43:45,719 - INFO - Progress: Products: 0 created, 30138 skipped, 612 failed | Variants: 0 created, 0 failed | Time: 3006.6s
2026-01-22 11:43:48,269 - INFO - Progress: Products: 0 created, 30162 skipped, 613 failed | Variants: 0 created, 0 failed | Time: 3009.2s
2026-01-22 11:43:50,559 - INFO - Progress: Products: 0 created, 30186 skipped, 614 failed | Variants: 0 created, 0 failed | Time: 3011.5s
2026-01-22 11:43:52,775 - INFO - Progress: Products: 0 created, 30211 skipped, 614 failed | Variants: 0 created, 0 failed | Time: 3013.7s
2026-01-22 11:43:55,071 - INFO - Progress: Products: 0 created, 30236 skipped, 614 failed | Variants: 0 created, 0 failed | Time: 3016.0s
2026-01-22 11:43:57,397 - INFO - Progress: Products: 0 created, 30260 skipped, 615 failed | Variants: 0 created, 0 failed | Time: 3018.3s
2026-01-22 11:43:59,675 - INFO - Progress: Products: 0 created, 30284 skipped, 616 failed | Variants: 0 created, 0 failed | Time: 3020.6s
2026-01-22 11:44:02,629 - INFO - Progress: Products: 0 created, 30308 skipped, 617 failed | Variants: 0 created, 0 failed | Time: 3023.5s
2026-01-22 11:44:05,061 - INFO - Progress: Products: 0 created, 30333 skipped, 617 failed | Variants: 0 created, 0 failed | Time: 3026.0s
2026-01-22 11:44:07,386 - INFO - Progress: Products: 0 created, 30358 skipped, 617 failed | Variants: 0 created, 0 failed | Time: 3028.3s
2026-01-22 11:44:09,883 - INFO - Progress: Products: 0 created, 30383 skipped, 617 failed | Variants: 0 created, 0 failed | Time: 3030.8s
2026-01-22 11:44:12,162 - INFO - Progress: Products: 0 created, 30408 skipped, 617 failed | Variants: 0 created, 0 failed | Time: 3033.1s
2026-01-22 11:44:14,541 - INFO - Progress: Products: 0 created, 30432 skipped, 618 failed | Variants: 0 created, 0 failed | Time: 3035.4s
2026-01-22 11:44:16,774 - INFO - Progress: Products: 0 created, 30457 skipped, 618 failed | Variants: 0 created, 0 failed | Time: 3037.7s
2026-01-22 11:44:19,069 - INFO - Progress: Products: 0 created, 30482 skipped, 618 failed | Variants: 0 created, 0 failed | Time: 3040.0s
2026-01-22 11:44:21,434 - INFO - Progress: Products: 0 created, 30507 skipped, 618 failed | Variants: 0 created, 0 failed | Time: 3042.3s
2026-01-22 11:44:23,658 - INFO - Progress: Products: 0 created, 30531 skipped, 619 failed | Variants: 0 created, 0 failed | Time: 3044.6s
2026-01-22 11:44:26,057 - INFO - Progress: Products: 0 created, 30555 skipped, 620 failed | Variants: 0 created, 0 failed | Time: 3047.0s
2026-01-22 11:44:28,317 - INFO - Progress: Products: 0 created, 30579 skipped, 621 failed | Variants: 0 created, 0 failed | Time: 3049.2s
2026-01-22 11:44:30,586 - INFO - Progress: Products: 0 created, 30604 skipped, 621 failed | Variants: 0 created, 0 failed | Time: 3051.5s
2026-01-22 11:44:33,043 - INFO - Progress: Products: 0 created, 30629 skipped, 621 failed | Variants: 0 created, 0 failed | Time: 3053.9s
2026-01-22 11:44:35,338 - INFO - Progress: Products: 0 created, 30653 skipped, 622 failed | Variants: 0 created, 0 failed | Time: 3056.2s
2026-01-22 11:44:37,601 - INFO - Progress: Products: 0 created, 30678 skipped, 622 failed | Variants: 0 created, 0 failed | Time: 3058.5s
2026-01-22 11:44:40,107 - INFO - Progress: Products: 0 created, 30703 skipped, 622 failed | Variants: 0 created, 0 failed | Time: 3061.0s
2026-01-22 11:44:42,393 - INFO - Progress: Products: 0 created, 30728 skipped, 622 failed | Variants: 0 created, 0 failed | Time: 3063.3s
2026-01-22 11:44:44,791 - INFO - Progress: Products: 0 created, 30753 skipped, 622 failed | Variants: 0 created, 0 failed | Time: 3065.7s
2026-01-22 11:44:47,164 - INFO - Progress: Products: 0 created, 30778 skipped, 622 failed | Variants: 0 created, 0 failed | Time: 3068.1s
2026-01-22 11:44:49,465 - INFO - Progress: Products: 0 created, 30802 skipped, 623 failed | Variants: 0 created, 0 failed | Time: 3070.4s
2026-01-22 11:44:51,779 - INFO - Progress: Products: 0 created, 30826 skipped, 624 failed | Variants: 0 created, 0 failed | Time: 3072.7s
2026-01-22 11:44:53,989 - INFO - Progress: Products: 0 created, 30850 skipped, 625 failed | Variants: 0 created, 0 failed | Time: 3074.9s
2026-01-22 11:44:56,217 - INFO - Progress: Products: 0 created, 30874 skipped, 626 failed | Variants: 0 created, 0 failed | Time: 3077.1s
2026-01-22 11:44:58,485 - INFO - Progress: Products: 0 created, 30899 skipped, 626 failed | Variants: 0 created, 0 failed | Time: 3079.4s
2026-01-22 11:45:01,257 - INFO - Progress: Products: 0 created, 30924 skipped, 626 failed | Variants: 0 created, 0 failed | Time: 3082.2s
2026-01-22 11:45:04,836 - INFO - Progress: Products: 0 created, 30949 skipped, 626 failed | Variants: 0 created, 0 failed | Time: 3085.7s
2026-01-22 11:45:07,341 - INFO - Progress: Products: 0 created, 30974 skipped, 626 failed | Variants: 0 created, 0 failed | Time: 3088.2s
2026-01-22 11:45:09,973 - INFO - Progress: Products: 0 created, 30999 skipped, 626 failed | Variants: 0 created, 0 failed | Time: 3090.9s
2026-01-22 11:45:12,295 - INFO - Progress: Products: 0 created, 31024 skipped, 626 failed | Variants: 0 created, 0 failed | Time: 3093.2s
2026-01-22 11:45:14,588 - INFO - Progress: Products: 0 created, 31048 skipped, 627 failed | Variants: 0 created, 0 failed | Time: 3095.5s
2026-01-22 11:45:16,932 - INFO - Progress: Products: 0 created, 31073 skipped, 627 failed | Variants: 0 created, 0 failed | Time: 3097.8s
2026-01-22 11:45:19,198 - INFO - Progress: Products: 0 created, 31096 skipped, 629 failed | Variants: 0 created, 0 failed | Time: 3100.1s
2026-01-22 11:45:21,456 - INFO - Progress: Products: 0 created, 31121 skipped, 629 failed | Variants: 0 created, 0 failed | Time: 3102.4s
2026-01-22 11:45:23,709 - INFO - Progress: Products: 0 created, 31146 skipped, 629 failed | Variants: 0 created, 0 failed | Time: 3104.6s
2026-01-22 11:45:25,989 - INFO - Progress: Products: 0 created, 31171 skipped, 629 failed | Variants: 0 created, 0 failed | Time: 3106.9s
2026-01-22 11:45:28,283 - INFO - Progress: Products: 0 created, 31195 skipped, 630 failed | Variants: 0 created, 0 failed | Time: 3109.2s
2026-01-22 11:45:30,602 - INFO - Progress: Products: 0 created, 31220 skipped, 630 failed | Variants: 0 created, 0 failed | Time: 3111.5s
2026-01-22 11:45:32,860 - INFO - Progress: Products: 0 created, 31245 skipped, 630 failed | Variants: 0 created, 0 failed | Time: 3113.8s
2026-01-22 11:45:35,144 - INFO - Progress: Products: 0 created, 31270 skipped, 630 failed | Variants: 0 created, 0 failed | Time: 3116.0s
2026-01-22 11:45:37,391 - INFO - Progress: Products: 0 created, 31295 skipped, 630 failed | Variants: 0 created, 0 failed | Time: 3118.3s
2026-01-22 11:45:39,877 - INFO - Progress: Products: 0 created, 31320 skipped, 630 failed | Variants: 0 created, 0 failed | Time: 3120.8s
2026-01-22 11:45:42,158 - INFO - Progress: Products: 0 created, 31345 skipped, 630 failed | Variants: 0 created, 0 failed | Time: 3123.1s
2026-01-22 11:45:44,448 - INFO - Progress: Products: 0 created, 31369 skipped, 631 failed | Variants: 0 created, 0 failed | Time: 3125.3s
2026-01-22 11:45:46,769 - INFO - Progress: Products: 0 created, 31392 skipped, 633 failed | Variants: 0 created, 0 failed | Time: 3127.7s
2026-01-22 11:45:49,066 - INFO - Progress: Products: 0 created, 31416 skipped, 634 failed | Variants: 0 created, 0 failed | Time: 3130.0s
2026-01-22 11:45:51,375 - INFO - Progress: Products: 0 created, 31441 skipped, 634 failed | Variants: 0 created, 0 failed | Time: 3132.3s
2026-01-22 11:45:53,716 - INFO - Progress: Products: 0 created, 31466 skipped, 634 failed | Variants: 0 created, 0 failed | Time: 3134.6s
2026-01-22 11:45:55,961 - INFO - Progress: Products: 0 created, 31491 skipped, 634 failed | Variants: 0 created, 0 failed | Time: 3136.9s
2026-01-22 11:45:58,213 - INFO - Progress: Products: 0 created, 31516 skipped, 634 failed | Variants: 0 created, 0 failed | Time: 3139.1s
2026-01-22 11:46:00,565 - INFO - Progress: Products: 0 created, 31541 skipped, 634 failed | Variants: 0 created, 0 failed | Time: 3141.5s
2026-01-22 11:46:03,921 - INFO - Progress: Products: 0 created, 31566 skipped, 634 failed | Variants: 0 created, 0 failed | Time: 3144.8s
2026-01-22 11:46:06,368 - INFO - Progress: Products: 0 created, 31591 skipped, 634 failed | Variants: 0 created, 0 failed | Time: 3147.3s
2026-01-22 11:46:08,967 - INFO - Progress: Products: 0 created, 31616 skipped, 634 failed | Variants: 0 created, 0 failed | Time: 3149.9s
2026-01-22 11:46:11,339 - INFO - Progress: Products: 0 created, 31641 skipped, 634 failed | Variants: 0 created, 0 failed | Time: 3152.2s
2026-01-22 11:46:13,644 - INFO - Progress: Products: 0 created, 31666 skipped, 634 failed | Variants: 0 created, 0 failed | Time: 3154.5s
2026-01-22 11:46:15,934 - INFO - Progress: Products: 0 created, 31691 skipped, 634 failed | Variants: 0 created, 0 failed | Time: 3156.8s
2026-01-22 11:46:18,212 - INFO - Progress: Products: 0 created, 31716 skipped, 634 failed | Variants: 0 created, 0 failed | Time: 3159.1s
2026-01-22 11:46:20,579 - INFO - Progress: Products: 0 created, 31740 skipped, 635 failed | Variants: 0 created, 0 failed | Time: 3161.5s
2026-01-22 11:46:22,844 - INFO - Progress: Products: 0 created, 31763 skipped, 637 failed | Variants: 0 created, 0 failed | Time: 3163.7s
2026-01-22 11:46:25,109 - INFO - Progress: Products: 0 created, 31788 skipped, 637 failed | Variants: 0 created, 0 failed | Time: 3166.0s
2026-01-22 11:46:27,431 - INFO - Progress: Products: 0 created, 31813 skipped, 637 failed | Variants: 0 created, 0 failed | Time: 3168.3s
2026-01-22 11:46:29,720 - INFO - Progress: Products: 0 created, 31838 skipped, 637 failed | Variants: 0 created, 0 failed | Time: 3170.6s
2026-01-22 11:46:31,956 - INFO - Progress: Products: 0 created, 31862 skipped, 638 failed | Variants: 0 created, 0 failed | Time: 3172.9s
2026-01-22 11:46:34,235 - INFO - Progress: Products: 0 created, 31887 skipped, 638 failed | Variants: 0 created, 0 failed | Time: 3175.1s
2026-01-22 11:46:36,543 - INFO - Progress: Products: 0 created, 31912 skipped, 638 failed | Variants: 0 created, 0 failed | Time: 3177.4s
2026-01-22 11:46:39,047 - INFO - Progress: Products: 0 created, 31935 skipped, 640 failed | Variants: 0 created, 0 failed | Time: 3179.9s
2026-01-22 11:46:41,367 - INFO - Progress: Products: 0 created, 31960 skipped, 640 failed | Variants: 0 created, 0 failed | Time: 3182.3s
2026-01-22 11:46:43,697 - INFO - Progress: Products: 0 created, 31984 skipped, 641 failed | Variants: 0 created, 0 failed | Time: 3184.6s
2026-01-22 11:46:46,057 - INFO - Progress: Products: 0 created, 32008 skipped, 642 failed | Variants: 0 created, 0 failed | Time: 3187.0s
2026-01-22 11:46:48,345 - INFO - Progress: Products: 0 created, 32033 skipped, 642 failed | Variants: 0 created, 0 failed | Time: 3189.2s
2026-01-22 11:46:50,650 - INFO - Progress: Products: 0 created, 32057 skipped, 643 failed | Variants: 0 created, 0 failed | Time: 3191.5s
2026-01-22 11:46:52,922 - INFO - Progress: Products: 0 created, 32082 skipped, 643 failed | Variants: 0 created, 0 failed | Time: 3193.8s
2026-01-22 11:46:55,103 - INFO - Progress: Products: 0 created, 32106 skipped, 644 failed | Variants: 0 created, 0 failed | Time: 3196.0s
2026-01-22 11:46:57,405 - INFO - Progress: Products: 0 created, 32130 skipped, 645 failed | Variants: 0 created, 0 failed | Time: 3198.3s
2026-01-22 11:46:59,705 - INFO - Progress: Products: 0 created, 32153 skipped, 647 failed | Variants: 0 created, 0 failed | Time: 3200.6s
2026-01-22 11:47:02,814 - INFO - Progress: Products: 0 created, 32177 skipped, 648 failed | Variants: 0 created, 0 failed | Time: 3203.7s
2026-01-22 11:47:05,685 - INFO - Progress: Products: 0 created, 32202 skipped, 648 failed | Variants: 0 created, 0 failed | Time: 3206.6s
2026-01-22 11:47:08,444 - INFO - Progress: Products: 0 created, 32226 skipped, 649 failed | Variants: 0 created, 0 failed | Time: 3209.3s
2026-01-22 11:47:13,831 - INFO - Progress: Products: 0 created, 32250 skipped, 650 failed | Variants: 0 created, 0 failed | Time: 3214.7s
2026-01-22 11:47:19,779 - INFO - Progress: Products: 0 created, 32274 skipped, 651 failed | Variants: 0 created, 0 failed | Time: 3220.7s
2026-01-22 11:47:23,249 - INFO - Progress: Products: 0 created, 32299 skipped, 651 failed | Variants: 0 created, 0 failed | Time: 3224.1s
2026-01-22 11:47:25,849 - INFO - Progress: Products: 0 created, 32324 skipped, 651 failed | Variants: 0 created, 0 failed | Time: 3226.7s
2026-01-22 11:47:28,746 - INFO - Progress: Products: 0 created, 32348 skipped, 652 failed | Variants: 0 created, 0 failed | Time: 3229.6s
2026-01-22 11:47:31,002 - INFO - Progress: Products: 0 created, 32372 skipped, 653 failed | Variants: 0 created, 0 failed | Time: 3231.9s
2026-01-22 11:47:32,387 - INFO - Progress: Products: 0 created, 32396 skipped, 654 failed | Variants: 0 created, 0 failed | Time: 3233.3s
2026-01-22 11:47:34,109 - INFO - Progress: Products: 0 created, 32420 skipped, 655 failed | Variants: 0 created, 0 failed | Time: 3235.0s
2026-01-22 11:47:35,434 - INFO - Progress: Products: 0 created, 32445 skipped, 655 failed | Variants: 0 created, 0 failed | Time: 3236.3s
2026-01-22 11:47:36,778 - INFO - Progress: Products: 0 created, 32470 skipped, 655 failed | Variants: 0 created, 0 failed | Time: 3237.7s
2026-01-22 11:47:38,822 - INFO - Progress: Products: 0 created, 32495 skipped, 655 failed | Variants: 0 created, 0 failed | Time: 3239.7s
2026-01-22 11:47:40,147 - INFO - Progress: Products: 0 created, 32519 skipped, 656 failed | Variants: 0 created, 0 failed | Time: 3241.0s
2026-01-22 11:47:41,926 - INFO - Progress: Products: 0 created, 32543 skipped, 657 failed | Variants: 0 created, 0 failed | Time: 3242.8s
2026-01-22 11:47:43,287 - INFO - Progress: Products: 0 created, 32567 skipped, 658 failed | Variants: 0 created, 0 failed | Time: 3244.2s
2026-01-22 11:47:44,598 - INFO - Progress: Products: 0 created, 32592 skipped, 658 failed | Variants: 0 created, 0 failed | Time: 3245.5s
2026-01-22 11:47:46,570 - INFO - Progress: Products: 0 created, 32617 skipped, 658 failed | Variants: 0 created, 0 failed | Time: 3247.5s
2026-01-22 11:47:47,893 - INFO - Progress: Products: 0 created, 32641 skipped, 659 failed | Variants: 0 created, 0 failed | Time: 3248.8s
2026-01-22 11:47:49,755 - INFO - Progress: Products: 0 created, 32665 skipped, 660 failed | Variants: 0 created, 0 failed | Time: 3250.7s
2026-01-22 11:47:51,157 - INFO - Progress: Products: 0 created, 32690 skipped, 660 failed | Variants: 0 created, 0 failed | Time: 3252.1s
2026-01-22 11:47:52,821 - INFO - Progress: Products: 0 created, 32714 skipped, 661 failed | Variants: 0 created, 0 failed | Time: 3253.7s
2026-01-22 11:47:55,295 - INFO - Progress: Products: 0 created, 32739 skipped, 661 failed | Variants: 0 created, 0 failed | Time: 3256.2s
2026-01-22 11:47:57,708 - INFO - Progress: Products: 0 created, 32763 skipped, 662 failed | Variants: 0 created, 0 failed | Time: 3258.6s
2026-01-22 11:48:00,426 - INFO - Progress: Products: 0 created, 32788 skipped, 662 failed | Variants: 0 created, 0 failed | Time: 3261.3s
2026-01-22 11:48:03,817 - INFO - Progress: Products: 0 created, 32812 skipped, 663 failed | Variants: 0 created, 0 failed | Time: 3264.7s
2026-01-22 11:48:06,489 - INFO - Progress: Products: 0 created, 32837 skipped, 663 failed | Variants: 0 created, 0 failed | Time: 3267.4s
2026-01-22 11:48:08,893 - INFO - Progress: Products: 0 created, 32862 skipped, 663 failed | Variants: 0 created, 0 failed | Time: 3269.8s
2026-01-22 11:48:11,519 - INFO - Progress: Products: 0 created, 32887 skipped, 663 failed | Variants: 0 created, 0 failed | Time: 3272.4s
2026-01-22 11:48:13,974 - INFO - Progress: Products: 0 created, 32911 skipped, 664 failed | Variants: 0 created, 0 failed | Time: 3274.9s
2026-01-22 11:48:16,408 - INFO - Progress: Products: 0 created, 32936 skipped, 664 failed | Variants: 0 created, 0 failed | Time: 3277.3s
2026-01-22 11:48:18,828 - INFO - Progress: Products: 0 created, 32960 skipped, 665 failed | Variants: 0 created, 0 failed | Time: 3279.7s
2026-01-22 11:48:21,397 - INFO - Progress: Products: 0 created, 32984 skipped, 666 failed | Variants: 0 created, 0 failed | Time: 3282.3s
2026-01-22 11:48:23,883 - INFO - Progress: Products: 0 created, 33007 skipped, 668 failed | Variants: 0 created, 0 failed | Time: 3284.8s
2026-01-22 11:48:27,151 - INFO - Progress: Products: 0 created, 33032 skipped, 668 failed | Variants: 0 created, 0 failed | Time: 3288.0s
2026-01-22 11:48:29,908 - INFO - Progress: Products: 0 created, 33057 skipped, 668 failed | Variants: 0 created, 0 failed | Time: 3290.8s
2026-01-22 11:48:32,394 - INFO - Progress: Products: 0 created, 33081 skipped, 669 failed | Variants: 0 created, 0 failed | Time: 3293.3s
2026-01-22 11:48:34,882 - INFO - Progress: Products: 0 created, 33105 skipped, 670 failed | Variants: 0 created, 0 failed | Time: 3295.8s
2026-01-22 11:48:37,388 - INFO - Progress: Products: 0 created, 33130 skipped, 670 failed | Variants: 0 created, 0 failed | Time: 3298.3s
2026-01-22 11:48:39,784 - INFO - Progress: Products: 0 created, 33155 skipped, 670 failed | Variants: 0 created, 0 failed | Time: 3300.7s
2026-01-22 11:48:42,601 - INFO - Progress: Products: 0 created, 33180 skipped, 670 failed | Variants: 0 created, 0 failed | Time: 3303.5s
2026-01-22 11:48:45,008 - INFO - Progress: Products: 0 created, 33203 skipped, 672 failed | Variants: 0 created, 0 failed | Time: 3305.9s
2026-01-22 11:48:47,424 - INFO - Progress: Products: 0 created, 33227 skipped, 673 failed | Variants: 0 created, 0 failed | Time: 3308.3s
2026-01-22 11:48:50,250 - INFO - Progress: Products: 0 created, 33251 skipped, 674 failed | Variants: 0 created, 0 failed | Time: 3311.1s
2026-01-22 11:48:52,719 - INFO - Progress: Products: 0 created, 33275 skipped, 675 failed | Variants: 0 created, 0 failed | Time: 3313.6s
2026-01-22 11:48:55,209 - INFO - Progress: Products: 0 created, 33300 skipped, 675 failed | Variants: 0 created, 0 failed | Time: 3316.1s
2026-01-22 11:48:57,713 - INFO - Progress: Products: 0 created, 33324 skipped, 676 failed | Variants: 0 created, 0 failed | Time: 3318.6s
2026-01-22 11:49:00,294 - INFO - Progress: Products: 0 created, 33348 skipped, 677 failed | Variants: 0 created, 0 failed | Time: 3321.2s
2026-01-22 11:49:03,390 - INFO - Progress: Products: 0 created, 33373 skipped, 677 failed | Variants: 0 created, 0 failed | Time: 3324.3s
2026-01-22 11:49:05,873 - INFO - Progress: Products: 0 created, 33398 skipped, 677 failed | Variants: 0 created, 0 failed | Time: 3326.8s
2026-01-22 11:49:08,295 - INFO - Progress: Products: 0 created, 33423 skipped, 677 failed | Variants: 0 created, 0 failed | Time: 3329.2s
2026-01-22 11:49:10,721 - INFO - Progress: Products: 0 created, 33446 skipped, 679 failed | Variants: 0 created, 0 failed | Time: 3331.6s
2026-01-22 11:49:13,313 - INFO - Progress: Products: 0 created, 33471 skipped, 679 failed | Variants: 0 created, 0 failed | Time: 3334.2s
2026-01-22 11:49:15,695 - INFO - Progress: Products: 0 created, 33495 skipped, 680 failed | Variants: 0 created, 0 failed | Time: 3336.6s
2026-01-22 11:49:18,100 - INFO - Progress: Products: 0 created, 33520 skipped, 680 failed | Variants: 0 created, 0 failed | Time: 3339.0s
2026-01-22 11:49:20,591 - INFO - Progress: Products: 0 created, 33545 skipped, 680 failed | Variants: 0 created, 0 failed | Time: 3341.5s
2026-01-22 11:49:23,074 - INFO - Progress: Products: 0 created, 33570 skipped, 680 failed | Variants: 0 created, 0 failed | Time: 3344.0s
2026-01-22 11:49:25,505 - INFO - Progress: Products: 0 created, 33595 skipped, 680 failed | Variants: 0 created, 0 failed | Time: 3346.4s
2026-01-22 11:49:27,925 - INFO - Progress: Products: 0 created, 33620 skipped, 680 failed | Variants: 0 created, 0 failed | Time: 3348.8s
2026-01-22 11:49:30,409 - INFO - Progress: Products: 0 created, 33643 skipped, 682 failed | Variants: 0 created, 0 failed | Time: 3351.3s
2026-01-22 11:49:32,934 - INFO - Progress: Products: 0 created, 33667 skipped, 683 failed | Variants: 0 created, 0 failed | Time: 3353.8s
2026-01-22 11:49:35,403 - INFO - Progress: Products: 0 created, 33691 skipped, 684 failed | Variants: 0 created, 0 failed | Time: 3356.3s
2026-01-22 11:49:37,873 - INFO - Progress: Products: 0 created, 33716 skipped, 684 failed | Variants: 0 created, 0 failed | Time: 3358.8s
2026-01-22 11:49:40,287 - INFO - Progress: Products: 0 created, 33740 skipped, 685 failed | Variants: 0 created, 0 failed | Time: 3361.2s

Batch 1157/3783 (cards 28901-28925)

Batch 1158/3783 (cards 28926-28950)

Batch 1159/3783 (cards 28951-28975)

Batch 1160/3783 (cards 28976-29000)

Batch 1161/3783 (cards 29001-29025)

Batch 1162/3783 (cards 29026-29050)

Batch 1163/3783 (cards 29051-29075)

Batch 1164/3783 (cards 29076-29100)

Batch 1165/3783 (cards 29101-29125)

Batch 1166/3783 (cards 29126-29150)

Batch 1167/3783 (cards 29151-29175)

Batch 1168/3783 (cards 29176-29200)

Batch 1169/3783 (cards 29201-29225)

Batch 1170/3783 (cards 29226-29250)

Batch 1171/3783 (cards 29251-29275)

Batch 1172/3783 (cards 29276-29300)

Batch 1173/3783 (cards 29301-29325)

Batch 1174/3783 (cards 29326-29350)

Batch 1175/3783 (cards 29351-29375)

Batch 1176/3783 (cards 29376-29400)

Batch 1177/3783 (cards 29401-29425)

Batch 1178/3783 (cards 29426-29450)

Batch 1179/3783 (cards 29451-29475)

Batch 1180/3783 (cards 29476-29500)

Batch 1181/3783 (cards 29501-29525)

Batch 1182/3783 (cards 29526-29550)

Batch 1183/3783 (cards 29551-29575)

Batch 1184/3783 (cards 29576-29600)

Batch 1185/3783 (cards 29601-29625)

Batch 1186/3783 (cards 29626-29650)

Batch 1187/3783 (cards 29651-29675)

Batch 1188/3783 (cards 29676-29700)

Batch 1189/3783 (cards 29701-29725)

Batch 1190/3783 (cards 29726-29750)

Batch 1191/3783 (cards 29751-29775)

Batch 1192/3783 (cards 29776-29800)

Batch 1193/3783 (cards 29801-29825)

Batch 1194/3783 (cards 29826-29850)

Batch 1195/3783 (cards 29851-29875)

Batch 1196/3783 (cards 29876-29900)

Batch 1197/3783 (cards 29901-29925)

Batch 1198/3783 (cards 29926-29950)

Batch 1199/3783 (cards 29951-29975)

Batch 1200/3783 (cards 29976-30000)

Batch 1201/3783 (cards 30001-30025)

Batch 1202/3783 (cards 30026-30050)

Batch 1203/3783 (cards 30051-30075)

Batch 1204/3783 (cards 30076-30100)

Batch 1205/3783 (cards 30101-30125)

Batch 1206/3783 (cards 30126-30150)

Batch 1207/3783 (cards 30151-30175)

Batch 1208/3783 (cards 30176-30200)

Batch 1209/3783 (cards 30201-30225)

Batch 1210/3783 (cards 30226-30250)

Batch 1211/3783 (cards 30251-30275)

Batch 1212/3783 (cards 30276-30300)

Batch 1213/3783 (cards 30301-30325)

Batch 1214/3783 (cards 30326-30350)

Batch 1215/3783 (cards 30351-30375)

Batch 1216/3783 (cards 30376-30400)

Batch 1217/3783 (cards 30401-30425)

Batch 1218/3783 (cards 30426-30450)

Batch 1219/3783 (cards 30451-30475)

Batch 1220/3783 (cards 30476-30500)

Batch 1221/3783 (cards 30501-30525)

Batch 1222/3783 (cards 30526-30550)

Batch 1223/3783 (cards 30551-30575)

Batch 1224/3783 (cards 30576-30600)

Batch 1225/3783 (cards 30601-30625)

Batch 1226/3783 (cards 30626-30650)

Batch 1227/3783 (cards 30651-30675)

Batch 1228/3783 (cards 30676-30700)

Batch 1229/3783 (cards 30701-30725)

Batch 1230/3783 (cards 30726-30750)

Batch 1231/3783 (cards 30751-30775)

Batch 1232/3783 (cards 30776-30800)

Batch 1233/3783 (cards 30801-30825)

Batch 1234/3783 (cards 30826-30850)

Batch 1235/3783 (cards 30851-30875)

Batch 1236/3783 (cards 30876-30900)

Batch 1237/3783 (cards 30901-30925)

Batch 1238/3783 (cards 30926-30950)

Batch 1239/3783 (cards 30951-30975)

Batch 1240/3783 (cards 30976-31000)

Batch 1241/3783 (cards 31001-31025)

Batch 1242/3783 (cards 31026-31050)

Batch 1243/3783 (cards 31051-31075)

Batch 1244/3783 (cards 31076-31100)

Batch 1245/3783 (cards 31101-31125)

Batch 1246/3783 (cards 31126-31150)

Batch 1247/3783 (cards 31151-31175)

Batch 1248/3783 (cards 31176-31200)

Batch 1249/3783 (cards 31201-31225)

Batch 1250/3783 (cards 31226-31250)

Batch 1251/3783 (cards 31251-31275)

Batch 1252/3783 (cards 31276-31300)

Batch 1253/3783 (cards 31301-31325)

Batch 1254/3783 (cards 31326-31350)

Batch 1255/3783 (cards 31351-31375)

Batch 1256/3783 (cards 31376-31400)

Batch 1257/3783 (cards 31401-31425)

Batch 1258/3783 (cards 31426-31450)

Batch 1259/3783 (cards 31451-31475)

Batch 1260/3783 (cards 31476-31500)

Batch 1261/3783 (cards 31501-31525)

Batch 1262/3783 (cards 31526-31550)

Batch 1263/3783 (cards 31551-31575)

Batch 1264/3783 (cards 31576-31600)

Batch 1265/3783 (cards 31601-31625)

Batch 1266/3783 (cards 31626-31650)

Batch 1267/3783 (cards 31651-31675)

Batch 1268/3783 (cards 31676-31700)

Batch 1269/3783 (cards 31701-31725)

Batch 1270/3783 (cards 31726-31750)

Batch 1271/3783 (cards 31751-31775)

Batch 1272/3783 (cards 31776-31800)

Batch 1273/3783 (cards 31801-31825)

Batch 1274/3783 (cards 31826-31850)

Batch 1275/3783 (cards 31851-31875)

Batch 1276/3783 (cards 31876-31900)

Batch 1277/3783 (cards 31901-31925)

Batch 1278/3783 (cards 31926-31950)

Batch 1279/3783 (cards 31951-31975)

Batch 1280/3783 (cards 31976-32000)

Batch 1281/3783 (cards 32001-32025)

Batch 1282/3783 (cards 32026-32050)

Batch 1283/3783 (cards 32051-32075)

Batch 1284/3783 (cards 32076-32100)

Batch 1285/3783 (cards 32101-32125)

Batch 1286/3783 (cards 32126-32150)

Batch 1287/3783 (cards 32151-32175)

Batch 1288/3783 (cards 32176-32200)

Batch 1289/3783 (cards 32201-32225)

Batch 1290/3783 (cards 32226-32250)

Batch 1291/3783 (cards 32251-32275)

Batch 1292/3783 (cards 32276-32300)

Batch 1293/3783 (cards 32301-32325)

Batch 1294/3783 (cards 32326-32350)

Batch 1295/3783 (cards 32351-32375)

Batch 1296/3783 (cards 32376-32400)

Batch 1297/3783 (cards 32401-32425)

Batch 1298/3783 (cards 32426-32450)

Batch 1299/3783 (cards 32451-32475)

Batch 1300/3783 (cards 32476-32500)

Batch 1301/3783 (cards 32501-32525)

Batch 1302/3783 (cards 32526-32550)

Batch 1303/3783 (cards 32551-32575)

Batch 1304/3783 (cards 32576-32600)

Batch 1305/3783 (cards 32601-32625)

Batch 1306/3783 (cards 32626-32650)

Batch 1307/3783 (cards 32651-32675)

Batch 1308/3783 (cards 32676-32700)

Batch 1309/3783 (cards 32701-32725)

Batch 1310/3783 (cards 32726-32750)

Batch 1311/3783 (cards 32751-32775)

Batch 1312/3783 (cards 32776-32800)

Batch 1313/3783 (cards 32801-32825)

Batch 1314/3783 (cards 32826-32850)

Batch 1315/3783 (cards 32851-32875)

Batch 1316/3783 (cards 32876-32900)

Batch 1317/3783 (cards 32901-32925)

Batch 1318/3783 (cards 32926-32950)

Batch 1319/3783 (cards 32951-32975)

Batch 1320/3783 (cards 32976-33000)

Batch 1321/3783 (cards 33001-33025)

Batch 1322/3783 (cards 33026-33050)

Batch 1323/3783 (cards 33051-33075)

Batch 1324/3783 (cards 33076-33100)

Batch 1325/3783 (cards 33101-33125)

Batch 1326/3783 (cards 33126-33150)

Batch 1327/3783 (cards 33151-33175)

Batch 1328/3783 (cards 33176-33200)

Batch 1329/3783 (cards 33201-33225)

Batch 1330/3783 (cards 33226-33250)

Batch 1331/3783 (cards 33251-33275)

Batch 1332/3783 (cards 33276-33300)

Batch 1333/3783 (cards 33301-33325)

Batch 1334/3783 (cards 33326-33350)

Batch 1335/3783 (cards 33351-33375)

Batch 1336/3783 (cards 33376-33400)

Batch 1337/3783 (cards 33401-33425)

Batch 1338/3783 (cards 33426-33450)

Batch 1339/3783 (cards 33451-33475)

Batch 1340/3783 (cards 33476-33500)

Batch 1341/3783 (cards 33501-33525)

Batch 1342/3783 (cards 33526-33550)

Batch 1343/3783 (cards 33551-33575)

Batch 1344/3783 (cards 33576-33600)

Batch 1345/3783 (cards 33601-33625)

Batch 1346/3783 (cards 33626-33650)

Batch 1347/3783 (cards 33651-33675)

Batch 1348/3783 (cards 33676-33700)

Batch 1349/3783 (cards 33701-33725)

Batch 1350/3783 (cards 33726-33750)

Batch 1351/3783 (cards 33751-33775)

Batch 1352/3783 (cards 33776-33800)

Batch 1353/3783 (cards 33801-33825)

Batch 1354/3783 (cards 33826-33850)

Batch 1355/3783 (cards 33851-33875)

Batch 1356/3783 (cards 33876-33900)

Batch 1357/3783 (cards 33901-33925)

Batch 1358/3783 (cards 33926-33950)

Batch 1359/3783 (cards 33951-33975)

Batch 1360/3783 (cards 33976-34000)

Batch 1361/3783 (cards 34001-34025)

Batch 1362/3783 (cards 34026-34050)

Batch 1363/3783 (cards 34051-34075)

Batch 1364/3783 (cards 34076-34100)

Batch 1365/3783 (cards 34101-34125)

Batch 1366/3783 (cards 34126-34150)

Batch 1367/3783 (cards 34151-34175)

Batch 1368/3783 (cards 34176-34200)

Batch 1369/3783 (cards 34201-34225)

Batch 1370/3783 (cards 34226-34250)

Batch 1371/3783 (cards 34251-34275)

Batch 1372/3783 (cards 34276-34300)

Batch 1373/3783 (cards 34301-34325)

Batch 1374/3783 (cards 34326-34350)

Batch 1375/3783 (cards 34351-34375)

Batch 1376/3783 (cards 34376-34400)

Batch 1377/3783 (cards 34401-34425)
2026-01-22 11:49:43,230 - INFO - Progress: Products: 0 created, 33764 skipped, 686 failed | Variants: 0 created, 0 failed | Time: 3364.1s
2026-01-22 11:49:45,620 - INFO - Progress: Products: 0 created, 33789 skipped, 686 failed | Variants: 0 created, 0 failed | Time: 3366.5s
2026-01-22 11:49:48,004 - INFO - Progress: Products: 0 created, 33814 skipped, 686 failed | Variants: 0 created, 0 failed | Time: 3368.9s
2026-01-22 11:49:50,427 - INFO - Progress: Products: 0 created, 33838 skipped, 687 failed | Variants: 0 created, 0 failed | Time: 3371.3s
2026-01-22 11:49:52,792 - INFO - Progress: Products: 0 created, 33863 skipped, 687 failed | Variants: 0 created, 0 failed | Time: 3373.7s
2026-01-22 11:49:55,304 - INFO - Progress: Products: 0 created, 33887 skipped, 688 failed | Variants: 0 created, 0 failed | Time: 3376.2s
2026-01-22 11:49:57,712 - INFO - Progress: Products: 0 created, 33912 skipped, 688 failed | Variants: 0 created, 0 failed | Time: 3378.6s
2026-01-22 11:50:00,182 - INFO - Progress: Products: 0 created, 33936 skipped, 689 failed | Variants: 0 created, 0 failed | Time: 3381.1s
2026-01-22 11:50:03,714 - INFO - Progress: Products: 0 created, 33961 skipped, 689 failed | Variants: 0 created, 0 failed | Time: 3384.6s
2026-01-22 11:50:06,335 - INFO - Progress: Products: 0 created, 33986 skipped, 689 failed | Variants: 0 created, 0 failed | Time: 3387.2s
2026-01-22 11:50:09,118 - INFO - Progress: Products: 0 created, 34011 skipped, 689 failed | Variants: 0 created, 0 failed | Time: 3390.0s
2026-01-22 11:50:12,009 - INFO - Progress: Products: 0 created, 34036 skipped, 689 failed | Variants: 0 created, 0 failed | Time: 3392.9s
2026-01-22 11:50:14,485 - INFO - Progress: Products: 0 created, 34060 skipped, 690 failed | Variants: 0 created, 0 failed | Time: 3395.4s
2026-01-22 11:50:17,005 - INFO - Progress: Products: 0 created, 34084 skipped, 691 failed | Variants: 0 created, 0 failed | Time: 3397.9s
2026-01-22 11:50:19,420 - INFO - Progress: Products: 0 created, 34108 skipped, 692 failed | Variants: 0 created, 0 failed | Time: 3400.3s
2026-01-22 11:50:21,894 - INFO - Progress: Products: 0 created, 34132 skipped, 693 failed | Variants: 0 created, 0 failed | Time: 3402.8s
2026-01-22 11:50:24,493 - INFO - Progress: Products: 0 created, 34156 skipped, 694 failed | Variants: 0 created, 0 failed | Time: 3405.4s
2026-01-22 11:50:27,075 - INFO - Progress: Products: 0 created, 34181 skipped, 694 failed | Variants: 0 created, 0 failed | Time: 3408.0s
2026-01-22 11:50:29,610 - INFO - Progress: Products: 0 created, 34206 skipped, 694 failed | Variants: 0 created, 0 failed | Time: 3410.5s
2026-01-22 11:50:32,220 - INFO - Progress: Products: 0 created, 34229 skipped, 696 failed | Variants: 0 created, 0 failed | Time: 3413.1s
2026-01-22 11:50:34,776 - INFO - Progress: Products: 0 created, 34253 skipped, 697 failed | Variants: 0 created, 0 failed | Time: 3415.7s
2026-01-22 11:50:37,225 - INFO - Progress: Products: 0 created, 34276 skipped, 699 failed | Variants: 0 created, 0 failed | Time: 3418.1s
2026-01-22 11:50:39,707 - INFO - Progress: Products: 0 created, 34300 skipped, 700 failed | Variants: 0 created, 0 failed | Time: 3420.6s
2026-01-22 11:50:42,476 - INFO - Progress: Products: 0 created, 34324 skipped, 701 failed | Variants: 0 created, 0 failed | Time: 3423.4s
2026-01-22 11:50:44,982 - INFO - Progress: Products: 0 created, 34348 skipped, 702 failed | Variants: 0 created, 0 failed | Time: 3425.9s
2026-01-22 11:50:47,533 - INFO - Progress: Products: 0 created, 34373 skipped, 702 failed | Variants: 0 created, 0 failed | Time: 3428.4s
2026-01-22 11:50:49,987 - INFO - Progress: Products: 0 created, 34398 skipped, 702 failed | Variants: 0 created, 0 failed | Time: 3430.9s
2026-01-22 11:50:52,407 - INFO - Progress: Products: 0 created, 34423 skipped, 702 failed | Variants: 0 created, 0 failed | Time: 3433.3s
2026-01-22 11:50:54,903 - INFO - Progress: Products: 0 created, 34448 skipped, 702 failed | Variants: 0 created, 0 failed | Time: 3435.8s
2026-01-22 11:50:57,400 - INFO - Progress: Products: 0 created, 34472 skipped, 703 failed | Variants: 0 created, 0 failed | Time: 3438.3s
2026-01-22 11:50:59,825 - INFO - Progress: Products: 0 created, 34497 skipped, 703 failed | Variants: 0 created, 0 failed | Time: 3440.7s
2026-01-22 11:51:02,845 - INFO - Progress: Products: 0 created, 34522 skipped, 703 failed | Variants: 0 created, 0 failed | Time: 3443.7s
2026-01-22 11:51:05,524 - INFO - Progress: Products: 0 created, 34547 skipped, 703 failed | Variants: 0 created, 0 failed | Time: 3446.4s
2026-01-22 11:51:08,023 - INFO - Progress: Products: 0 created, 34572 skipped, 703 failed | Variants: 0 created, 0 failed | Time: 3448.9s
2026-01-22 11:51:10,491 - INFO - Progress: Products: 0 created, 34597 skipped, 703 failed | Variants: 0 created, 0 failed | Time: 3451.4s
2026-01-22 11:51:13,335 - INFO - Progress: Products: 0 created, 34622 skipped, 703 failed | Variants: 0 created, 0 failed | Time: 3454.2s
2026-01-22 11:51:15,729 - INFO - Progress: Products: 0 created, 34647 skipped, 703 failed | Variants: 0 created, 0 failed | Time: 3456.6s
2026-01-22 11:51:18,199 - INFO - Progress: Products: 0 created, 34672 skipped, 703 failed | Variants: 0 created, 0 failed | Time: 3459.1s
2026-01-22 11:51:20,630 - INFO - Progress: Products: 0 created, 34697 skipped, 703 failed | Variants: 0 created, 0 failed | Time: 3461.5s
2026-01-22 11:51:23,074 - INFO - Progress: Products: 0 created, 34722 skipped, 703 failed | Variants: 0 created, 0 failed | Time: 3464.0s
2026-01-22 11:51:25,431 - INFO - Progress: Products: 0 created, 34746 skipped, 704 failed | Variants: 0 created, 0 failed | Time: 3466.3s
2026-01-22 11:51:27,800 - INFO - Progress: Products: 0 created, 34771 skipped, 704 failed | Variants: 0 created, 0 failed | Time: 3468.7s
2026-01-22 11:51:30,206 - INFO - Progress: Products: 0 created, 34796 skipped, 704 failed | Variants: 0 created, 0 failed | Time: 3471.1s
2026-01-22 11:51:32,725 - INFO - Progress: Products: 0 created, 34821 skipped, 704 failed | Variants: 0 created, 0 failed | Time: 3473.6s
2026-01-22 11:51:35,267 - INFO - Progress: Products: 0 created, 34846 skipped, 704 failed | Variants: 0 created, 0 failed | Time: 3476.2s
2026-01-22 11:51:37,687 - INFO - Progress: Products: 0 created, 34871 skipped, 704 failed | Variants: 0 created, 0 failed | Time: 3478.6s
2026-01-22 11:51:40,096 - INFO - Progress: Products: 0 created, 34896 skipped, 704 failed | Variants: 0 created, 0 failed | Time: 3481.0s
2026-01-22 11:51:42,747 - INFO - Progress: Products: 0 created, 34920 skipped, 705 failed | Variants: 0 created, 0 failed | Time: 3483.6s
2026-01-22 11:51:45,313 - INFO - Progress: Products: 0 created, 34944 skipped, 706 failed | Variants: 0 created, 0 failed | Time: 3486.2s
2026-01-22 11:51:47,925 - INFO - Progress: Products: 0 created, 34968 skipped, 707 failed | Variants: 0 created, 0 failed | Time: 3488.8s
2026-01-22 11:51:50,421 - INFO - Progress: Products: 0 created, 34989 skipped, 711 failed | Variants: 0 created, 0 failed | Time: 3491.3s
2026-01-22 11:51:52,997 - INFO - Progress: Products: 0 created, 35012 skipped, 713 failed | Variants: 0 created, 0 failed | Time: 3493.9s
2026-01-22 11:51:55,432 - INFO - Progress: Products: 0 created, 35036 skipped, 714 failed | Variants: 0 created, 0 failed | Time: 3496.3s
2026-01-22 11:51:57,838 - INFO - Progress: Products: 0 created, 35060 skipped, 715 failed | Variants: 0 created, 0 failed | Time: 3498.7s
2026-01-22 11:52:00,455 - INFO - Progress: Products: 0 created, 35085 skipped, 715 failed | Variants: 0 created, 0 failed | Time: 3501.4s
2026-01-22 11:52:03,654 - INFO - Progress: Products: 0 created, 35110 skipped, 715 failed | Variants: 0 created, 0 failed | Time: 3504.6s
2026-01-22 11:52:06,429 - INFO - Progress: Products: 0 created, 35135 skipped, 715 failed | Variants: 0 created, 0 failed | Time: 3507.3s
2026-01-22 11:52:09,508 - INFO - Progress: Products: 0 created, 35160 skipped, 715 failed | Variants: 0 created, 0 failed | Time: 3510.4s
2026-01-22 11:52:12,244 - INFO - Progress: Products: 0 created, 35183 skipped, 717 failed | Variants: 0 created, 0 failed | Time: 3513.1s
2026-01-22 11:52:14,650 - INFO - Progress: Products: 0 created, 35208 skipped, 717 failed | Variants: 0 created, 0 failed | Time: 3515.5s
2026-01-22 11:52:17,098 - INFO - Progress: Products: 0 created, 35233 skipped, 717 failed | Variants: 0 created, 0 failed | Time: 3518.0s
2026-01-22 11:52:19,495 - INFO - Progress: Products: 0 created, 35258 skipped, 717 failed | Variants: 0 created, 0 failed | Time: 3520.4s
2026-01-22 11:52:21,882 - INFO - Progress: Products: 0 created, 35282 skipped, 718 failed | Variants: 0 created, 0 failed | Time: 3522.8s
2026-01-22 11:52:24,221 - INFO - Progress: Products: 0 created, 35306 skipped, 719 failed | Variants: 0 created, 0 failed | Time: 3525.1s
2026-01-22 11:52:26,589 - INFO - Progress: Products: 0 created, 35330 skipped, 720 failed | Variants: 0 created, 0 failed | Time: 3527.5s
2026-01-22 11:52:28,994 - INFO - Progress: Products: 0 created, 35354 skipped, 721 failed | Variants: 0 created, 0 failed | Time: 3529.9s
2026-01-22 11:52:31,446 - INFO - Progress: Products: 0 created, 35379 skipped, 721 failed | Variants: 0 created, 0 failed | Time: 3532.3s
2026-01-22 11:52:33,879 - INFO - Progress: Products: 0 created, 35404 skipped, 721 failed | Variants: 0 created, 0 failed | Time: 3534.8s
2026-01-22 11:52:36,391 - INFO - Progress: Products: 0 created, 35429 skipped, 721 failed | Variants: 0 created, 0 failed | Time: 3537.3s
2026-01-22 11:52:38,728 - INFO - Progress: Products: 0 created, 35454 skipped, 721 failed | Variants: 0 created, 0 failed | Time: 3539.6s
2026-01-22 11:52:41,484 - INFO - Progress: Products: 0 created, 35478 skipped, 722 failed | Variants: 0 created, 0 failed | Time: 3542.4s
2026-01-22 11:52:43,896 - INFO - Progress: Products: 0 created, 35503 skipped, 722 failed | Variants: 0 created, 0 failed | Time: 3544.8s
2026-01-22 11:52:46,429 - INFO - Progress: Products: 0 created, 35527 skipped, 723 failed | Variants: 0 created, 0 failed | Time: 3547.3s
2026-01-22 11:52:48,885 - INFO - Progress: Products: 0 created, 35550 skipped, 725 failed | Variants: 0 created, 0 failed | Time: 3549.8s
2026-01-22 11:52:51,403 - INFO - Progress: Products: 0 created, 35574 skipped, 726 failed | Variants: 0 created, 0 failed | Time: 3552.3s
2026-01-22 11:52:53,873 - INFO - Progress: Products: 0 created, 35598 skipped, 727 failed | Variants: 0 created, 0 failed | Time: 3554.8s
2026-01-22 11:52:56,289 - INFO - Progress: Products: 0 created, 35622 skipped, 728 failed | Variants: 0 created, 0 failed | Time: 3557.2s
2026-01-22 11:52:58,740 - INFO - Progress: Products: 0 created, 35645 skipped, 730 failed | Variants: 0 created, 0 failed | Time: 3559.6s
2026-01-22 11:53:01,386 - INFO - Progress: Products: 0 created, 35668 skipped, 732 failed | Variants: 0 created, 0 failed | Time: 3562.3s
2026-01-22 11:53:04,591 - INFO - Progress: Products: 0 created, 35693 skipped, 732 failed | Variants: 0 created, 0 failed | Time: 3565.5s
2026-01-22 11:53:07,041 - INFO - Progress: Products: 0 created, 35717 skipped, 733 failed | Variants: 0 created, 0 failed | Time: 3567.9s
2026-01-22 11:53:09,484 - INFO - Progress: Products: 0 created, 35742 skipped, 733 failed | Variants: 0 created, 0 failed | Time: 3570.4s
2026-01-22 11:53:12,143 - INFO - Progress: Products: 0 created, 35765 skipped, 735 failed | Variants: 0 created, 0 failed | Time: 3573.0s
2026-01-22 11:53:14,542 - INFO - Progress: Products: 0 created, 35790 skipped, 735 failed | Variants: 0 created, 0 failed | Time: 3575.4s
2026-01-22 11:53:16,986 - INFO - Progress: Products: 0 created, 35815 skipped, 735 failed | Variants: 0 created, 0 failed | Time: 3577.9s
2026-01-22 11:53:19,402 - INFO - Progress: Products: 0 created, 35840 skipped, 735 failed | Variants: 0 created, 0 failed | Time: 3580.3s
2026-01-22 11:53:21,800 - INFO - Progress: Products: 0 created, 35865 skipped, 735 failed | Variants: 0 created, 0 failed | Time: 3582.7s
2026-01-22 11:53:24,393 - INFO - Progress: Products: 0 created, 35890 skipped, 735 failed | Variants: 0 created, 0 failed | Time: 3585.3s
2026-01-22 11:53:26,897 - INFO - Progress: Products: 0 created, 35915 skipped, 735 failed | Variants: 0 created, 0 failed | Time: 3587.8s
2026-01-22 11:53:29,298 - INFO - Progress: Products: 0 created, 35940 skipped, 735 failed | Variants: 0 created, 0 failed | Time: 3590.2s
2026-01-22 11:53:31,675 - INFO - Progress: Products: 0 created, 35965 skipped, 735 failed | Variants: 0 created, 0 failed | Time: 3592.6s
2026-01-22 11:53:34,034 - INFO - Progress: Products: 0 created, 35988 skipped, 737 failed | Variants: 0 created, 0 failed | Time: 3594.9s
2026-01-22 11:53:36,405 - INFO - Progress: Products: 0 created, 36013 skipped, 737 failed | Variants: 0 created, 0 failed | Time: 3597.3s
2026-01-22 11:53:38,829 - INFO - Progress: Products: 0 created, 36038 skipped, 737 failed | Variants: 0 created, 0 failed | Time: 3599.7s
2026-01-22 11:53:41,529 - INFO - Progress: Products: 0 created, 36063 skipped, 737 failed | Variants: 0 created, 0 failed | Time: 3602.4s
2026-01-22 11:53:43,933 - INFO - Progress: Products: 0 created, 36088 skipped, 737 failed | Variants: 0 created, 0 failed | Time: 3604.8s
2026-01-22 11:53:46,326 - INFO - Progress: Products: 0 created, 36112 skipped, 738 failed | Variants: 0 created, 0 failed | Time: 3607.2s
2026-01-22 11:53:48,702 - INFO - Progress: Products: 0 created, 36137 skipped, 738 failed | Variants: 0 created, 0 failed | Time: 3609.6s
2026-01-22 11:53:51,424 - INFO - Progress: Products: 0 created, 36161 skipped, 739 failed | Variants: 0 created, 0 failed | Time: 3612.3s
2026-01-22 11:53:53,843 - INFO - Progress: Products: 0 created, 36185 skipped, 740 failed | Variants: 0 created, 0 failed | Time: 3614.7s
2026-01-22 11:53:56,414 - INFO - Progress: Products: 0 created, 36209 skipped, 741 failed | Variants: 0 created, 0 failed | Time: 3617.3s
2026-01-22 11:53:58,848 - INFO - Progress: Products: 0 created, 36234 skipped, 741 failed | Variants: 0 created, 0 failed | Time: 3619.7s
2026-01-22 11:54:01,741 - INFO - Progress: Products: 0 created, 36259 skipped, 741 failed | Variants: 0 created, 0 failed | Time: 3622.6s
2026-01-22 11:54:04,795 - INFO - Progress: Products: 0 created, 36283 skipped, 742 failed | Variants: 0 created, 0 failed | Time: 3625.7s
2026-01-22 11:54:07,318 - INFO - Progress: Products: 0 created, 36306 skipped, 744 failed | Variants: 0 created, 0 failed | Time: 3628.2s
2026-01-22 11:54:09,886 - INFO - Progress: Products: 0 created, 36330 skipped, 745 failed | Variants: 0 created, 0 failed | Time: 3630.8s
2026-01-22 11:54:12,813 - INFO - Progress: Products: 0 created, 36354 skipped, 746 failed | Variants: 0 created, 0 failed | Time: 3633.7s
2026-01-22 11:54:15,301 - INFO - Progress: Products: 0 created, 36379 skipped, 746 failed | Variants: 0 created, 0 failed | Time: 3636.2s
2026-01-22 11:54:17,708 - INFO - Progress: Products: 0 created, 36402 skipped, 748 failed | Variants: 0 created, 0 failed | Time: 3638.6s
2026-01-22 11:54:20,166 - INFO - Progress: Products: 0 created, 36426 skipped, 749 failed | Variants: 0 created, 0 failed | Time: 3641.1s
2026-01-22 11:54:22,550 - INFO - Progress: Products: 0 created, 36451 skipped, 749 failed | Variants: 0 created, 0 failed | Time: 3643.4s
2026-01-22 11:54:24,935 - INFO - Progress: Products: 0 created, 36475 skipped, 750 failed | Variants: 0 created, 0 failed | Time: 3645.8s
2026-01-22 11:54:27,398 - INFO - Progress: Products: 0 created, 36500 skipped, 750 failed | Variants: 0 created, 0 failed | Time: 3648.3s
2026-01-22 11:54:29,843 - INFO - Progress: Products: 0 created, 36524 skipped, 751 failed | Variants: 0 created, 0 failed | Time: 3650.7s
2026-01-22 11:54:32,298 - INFO - Progress: Products: 0 created, 36549 skipped, 751 failed | Variants: 0 created, 0 failed | Time: 3653.2s
2026-01-22 11:54:34,719 - INFO - Progress: Products: 0 created, 36574 skipped, 751 failed | Variants: 0 created, 0 failed | Time: 3655.6s
2026-01-22 11:54:37,210 - INFO - Progress: Products: 0 created, 36598 skipped, 752 failed | Variants: 0 created, 0 failed | Time: 3658.1s
2026-01-22 11:54:39,609 - INFO - Progress: Products: 0 created, 36622 skipped, 753 failed | Variants: 0 created, 0 failed | Time: 3660.5s
2026-01-22 11:54:42,307 - INFO - Progress: Products: 0 created, 36647 skipped, 753 failed | Variants: 0 created, 0 failed | Time: 3663.2s
2026-01-22 11:54:44,711 - INFO - Progress: Products: 0 created, 36671 skipped, 754 failed | Variants: 0 created, 0 failed | Time: 3665.6s
2026-01-22 11:54:47,293 - INFO - Progress: Products: 0 created, 36695 skipped, 755 failed | Variants: 0 created, 0 failed | Time: 3668.2s
2026-01-22 11:54:49,740 - INFO - Progress: Products: 0 created, 36719 skipped, 756 failed | Variants: 0 created, 0 failed | Time: 3670.6s
2026-01-22 11:54:52,267 - INFO - Progress: Products: 0 created, 36744 skipped, 756 failed | Variants: 0 created, 0 failed | Time: 3673.2s
2026-01-22 11:54:54,731 - INFO - Progress: Products: 0 created, 36769 skipped, 756 failed | Variants: 0 created, 0 failed | Time: 3675.6s
2026-01-22 11:54:57,230 - INFO - Progress: Products: 0 created, 36793 skipped, 757 failed | Variants: 0 created, 0 failed | Time: 3678.1s
2026-01-22 11:54:59,633 - INFO - Progress: Products: 0 created, 36818 skipped, 757 failed | Variants: 0 created, 0 failed | Time: 3680.5s
2026-01-22 11:55:03,082 - INFO - Progress: Products: 0 created, 36842 skipped, 758 failed | Variants: 0 created, 0 failed | Time: 3684.0s
2026-01-22 11:55:05,636 - INFO - Progress: Products: 0 created, 36867 skipped, 758 failed | Variants: 0 created, 0 failed | Time: 3686.5s
2026-01-22 11:55:08,135 - INFO - Progress: Products: 0 created, 36892 skipped, 758 failed | Variants: 0 created, 0 failed | Time: 3689.0s
2026-01-22 11:55:10,613 - INFO - Progress: Products: 0 created, 36916 skipped, 759 failed | Variants: 0 created, 0 failed | Time: 3691.5s
2026-01-22 11:55:13,424 - INFO - Progress: Products: 0 created, 36940 skipped, 760 failed | Variants: 0 created, 0 failed | Time: 3694.3s
2026-01-22 11:55:15,815 - INFO - Progress: Products: 0 created, 36965 skipped, 760 failed | Variants: 0 created, 0 failed | Time: 3696.7s
2026-01-22 11:55:18,325 - INFO - Progress: Products: 0 created, 36990 skipped, 760 failed | Variants: 0 created, 0 failed | Time: 3699.2s
2026-01-22 11:55:20,784 - INFO - Progress: Products: 0 created, 37015 skipped, 760 failed | Variants: 0 created, 0 failed | Time: 3701.7s
2026-01-22 11:55:23,275 - INFO - Progress: Products: 0 created, 37039 skipped, 761 failed | Variants: 0 created, 0 failed | Time: 3704.2s
2026-01-22 11:55:25,732 - INFO - Progress: Products: 0 created, 37064 skipped, 761 failed | Variants: 0 created, 0 failed | Time: 3706.6s
2026-01-22 11:55:28,130 - INFO - Progress: Products: 0 created, 37089 skipped, 761 failed | Variants: 0 created, 0 failed | Time: 3709.0s
2026-01-22 11:55:30,604 - INFO - Progress: Products: 0 created, 37113 skipped, 762 failed | Variants: 0 created, 0 failed | Time: 3711.5s
2026-01-22 11:55:33,082 - INFO - Progress: Products: 0 created, 37138 skipped, 762 failed | Variants: 0 created, 0 failed | Time: 3714.0s
2026-01-22 11:55:35,497 - INFO - Progress: Products: 0 created, 37161 skipped, 764 failed | Variants: 0 created, 0 failed | Time: 3716.4s
2026-01-22 11:55:37,938 - INFO - Progress: Products: 0 created, 37185 skipped, 765 failed | Variants: 0 created, 0 failed | Time: 3718.8s
2026-01-22 11:55:40,332 - INFO - Progress: Products: 0 created, 37209 skipped, 766 failed | Variants: 0 created, 0 failed | Time: 3721.2s
2026-01-22 11:55:43,144 - INFO - Progress: Products: 0 created, 37234 skipped, 766 failed | Variants: 0 created, 0 failed | Time: 3724.0s
2026-01-22 11:55:45,635 - INFO - Progress: Products: 0 created, 37258 skipped, 767 failed | Variants: 0 created, 0 failed | Time: 3726.5s
2026-01-22 11:55:48,132 - INFO - Progress: Products: 0 created, 37282 skipped, 768 failed | Variants: 0 created, 0 failed | Time: 3729.0s
2026-01-22 11:55:50,645 - INFO - Progress: Products: 0 created, 37306 skipped, 769 failed | Variants: 0 created, 0 failed | Time: 3731.5s
2026-01-22 11:55:53,040 - INFO - Progress: Products: 0 created, 37331 skipped, 769 failed | Variants: 0 created, 0 failed | Time: 3733.9s
2026-01-22 11:55:55,546 - INFO - Progress: Products: 0 created, 37356 skipped, 769 failed | Variants: 0 created, 0 failed | Time: 3736.4s
2026-01-22 11:55:57,951 - INFO - Progress: Products: 0 created, 37381 skipped, 769 failed | Variants: 0 created, 0 failed | Time: 3738.8s
2026-01-22 11:56:00,467 - INFO - Progress: Products: 0 created, 37406 skipped, 769 failed | Variants: 0 created, 0 failed | Time: 3741.4s
2026-01-22 11:56:03,755 - INFO - Progress: Products: 0 created, 37431 skipped, 769 failed | Variants: 0 created, 0 failed | Time: 3744.7s
2026-01-22 11:56:06,335 - INFO - Progress: Products: 0 created, 37455 skipped, 770 failed | Variants: 0 created, 0 failed | Time: 3747.2s
2026-01-22 11:56:08,751 - INFO - Progress: Products: 0 created, 37480 skipped, 770 failed | Variants: 0 created, 0 failed | Time: 3749.6s
2026-01-22 11:56:11,510 - INFO - Progress: Products: 0 created, 37505 skipped, 770 failed | Variants: 0 created, 0 failed | Time: 3752.4s
2026-01-22 11:56:13,980 - INFO - Progress: Products: 0 created, 37530 skipped, 770 failed | Variants: 0 created, 0 failed | Time: 3754.9s
2026-01-22 11:56:16,531 - INFO - Progress: Products: 0 created, 37555 skipped, 770 failed | Variants: 0 created, 0 failed | Time: 3757.4s
2026-01-22 11:56:18,973 - INFO - Progress: Products: 0 created, 37580 skipped, 770 failed | Variants: 0 created, 0 failed | Time: 3759.9s
2026-01-22 11:56:21,432 - INFO - Progress: Products: 0 created, 37603 skipped, 772 failed | Variants: 0 created, 0 failed | Time: 3762.3s
2026-01-22 11:56:23,897 - INFO - Progress: Products: 0 created, 37627 skipped, 773 failed | Variants: 0 created, 0 failed | Time: 3764.8s
2026-01-22 11:56:26,334 - INFO - Progress: Products: 0 created, 37652 skipped, 773 failed | Variants: 0 created, 0 failed | Time: 3767.2s
2026-01-22 11:56:28,706 - INFO - Progress: Products: 0 created, 37677 skipped, 773 failed | Variants: 0 created, 0 failed | Time: 3769.6s
2026-01-22 11:56:31,117 - INFO - Progress: Products: 0 created, 37701 skipped, 774 failed | Variants: 0 created, 0 failed | Time: 3772.0s
2026-01-22 11:56:33,511 - INFO - Progress: Products: 0 created, 37725 skipped, 775 failed | Variants: 0 created, 0 failed | Time: 3774.4s
2026-01-22 11:56:35,896 - INFO - Progress: Products: 0 created, 37749 skipped, 776 failed | Variants: 0 created, 0 failed | Time: 3776.8s
2026-01-22 11:56:38,275 - INFO - Progress: Products: 0 created, 37773 skipped, 777 failed | Variants: 0 created, 0 failed | Time: 3779.2s
2026-01-22 11:56:40,785 - INFO - Progress: Products: 0 created, 37797 skipped, 778 failed | Variants: 0 created, 0 failed | Time: 3781.7s
2026-01-22 11:56:43,518 - INFO - Progress: Products: 0 created, 37820 skipped, 780 failed | Variants: 0 created, 0 failed | Time: 3784.4s
2026-01-22 11:56:45,911 - INFO - Progress: Products: 0 created, 37843 skipped, 782 failed | Variants: 0 created, 0 failed | Time: 3786.8s
2026-01-22 11:56:48,281 - INFO - Progress: Products: 0 created, 37867 skipped, 783 failed | Variants: 0 created, 0 failed | Time: 3789.2s
2026-01-22 11:56:50,729 - INFO - Progress: Products: 0 created, 37891 skipped, 784 failed | Variants: 0 created, 0 failed | Time: 3791.6s
2026-01-22 11:56:53,110 - INFO - Progress: Products: 0 created, 37915 skipped, 785 failed | Variants: 0 created, 0 failed | Time: 3794.0s
2026-01-22 11:56:55,595 - INFO - Progress: Products: 0 created, 37939 skipped, 786 failed | Variants: 0 created, 0 failed | Time: 3796.5s
2026-01-22 11:56:58,009 - INFO - Progress: Products: 0 created, 37964 skipped, 786 failed | Variants: 0 created, 0 failed | Time: 3798.9s
2026-01-22 11:57:00,527 - INFO - Progress: Products: 0 created, 37988 skipped, 787 failed | Variants: 0 created, 0 failed | Time: 3801.4s
2026-01-22 11:57:03,444 - INFO - Progress: Products: 0 created, 38013 skipped, 787 failed | Variants: 0 created, 0 failed | Time: 3804.3s
2026-01-22 11:57:06,060 - INFO - Progress: Products: 0 created, 38038 skipped, 787 failed | Variants: 0 created, 0 failed | Time: 3807.0s
2026-01-22 11:57:08,598 - INFO - Progress: Products: 0 created, 38062 skipped, 788 failed | Variants: 0 created, 0 failed | Time: 3809.5s
2026-01-22 11:57:11,406 - INFO - Progress: Products: 0 created, 38087 skipped, 788 failed | Variants: 0 created, 0 failed | Time: 3812.3s
2026-01-22 11:57:14,516 - INFO - Progress: Products: 0 created, 38112 skipped, 788 failed | Variants: 0 created, 0 failed | Time: 3815.4s
2026-01-22 11:57:17,199 - INFO - Progress: Products: 0 created, 38136 skipped, 789 failed | Variants: 0 created, 0 failed | Time: 3818.1s
2026-01-22 11:57:19,710 - INFO - Progress: Products: 0 created, 38160 skipped, 790 failed | Variants: 0 created, 0 failed | Time: 3820.6s
2026-01-22 11:57:22,207 - INFO - Progress: Products: 0 created, 38184 skipped, 791 failed | Variants: 0 created, 0 failed | Time: 3823.1s
2026-01-22 11:57:24,688 - INFO - Progress: Products: 0 created, 38207 skipped, 793 failed | Variants: 0 created, 0 failed | Time: 3825.6s
2026-01-22 11:57:27,204 - INFO - Progress: Products: 0 created, 38232 skipped, 793 failed | Variants: 0 created, 0 failed | Time: 3828.1s
2026-01-22 11:57:29,708 - INFO - Progress: Products: 0 created, 38256 skipped, 794 failed | Variants: 0 created, 0 failed | Time: 3830.6s
2026-01-22 11:57:32,105 - INFO - Progress: Products: 0 created, 38280 skipped, 795 failed | Variants: 0 created, 0 failed | Time: 3833.0s
2026-01-22 11:57:34,603 - INFO - Progress: Products: 0 created, 38305 skipped, 795 failed | Variants: 0 created, 0 failed | Time: 3835.5s
2026-01-22 11:57:37,195 - INFO - Progress: Products: 0 created, 38330 skipped, 795 failed | Variants: 0 created, 0 failed | Time: 3838.1s
2026-01-22 11:57:39,707 - INFO - Progress: Products: 0 created, 38354 skipped, 796 failed | Variants: 0 created, 0 failed | Time: 3840.6s
2026-01-22 11:57:42,509 - INFO - Progress: Products: 0 created, 38378 skipped, 797 failed | Variants: 0 created, 0 failed | Time: 3843.4s
2026-01-22 11:57:45,019 - INFO - Progress: Products: 0 created, 38403 skipped, 797 failed | Variants: 0 created, 0 failed | Time: 3845.9s
2026-01-22 11:57:47,610 - INFO - Progress: Products: 0 created, 38427 skipped, 798 failed | Variants: 0 created, 0 failed | Time: 3848.5s
2026-01-22 11:57:50,081 - INFO - Progress: Products: 0 created, 38452 skipped, 798 failed | Variants: 0 created, 0 failed | Time: 3851.0s
2026-01-22 11:57:52,604 - INFO - Progress: Products: 0 created, 38476 skipped, 799 failed | Variants: 0 created, 0 failed | Time: 3853.5s
2026-01-22 11:57:55,105 - INFO - Progress: Products: 0 created, 38499 skipped, 801 failed | Variants: 0 created, 0 failed | Time: 3856.0s
2026-01-22 11:57:57,735 - INFO - Progress: Products: 0 created, 38524 skipped, 801 failed | Variants: 0 created, 0 failed | Time: 3858.6s
2026-01-22 11:58:00,293 - INFO - Progress: Products: 0 created, 38549 skipped, 801 failed | Variants: 0 created, 0 failed | Time: 3861.2s
2026-01-22 11:58:03,399 - INFO - Progress: Products: 0 created, 38572 skipped, 803 failed | Variants: 0 created, 0 failed | Time: 3864.3s
2026-01-22 11:58:06,024 - INFO - Progress: Products: 0 created, 38597 skipped, 803 failed | Variants: 0 created, 0 failed | Time: 3866.9s
2026-01-22 11:58:08,523 - INFO - Progress: Products: 0 created, 38621 skipped, 804 failed | Variants: 0 created, 0 failed | Time: 3869.4s
2026-01-22 11:58:10,888 - INFO - Progress: Products: 0 created, 38646 skipped, 804 failed | Variants: 0 created, 0 failed | Time: 3871.8s
2026-01-22 11:58:13,688 - INFO - Progress: Products: 0 created, 38670 skipped, 805 failed | Variants: 0 created, 0 failed | Time: 3874.6s
2026-01-22 11:58:16,091 - INFO - Progress: Products: 0 created, 38695 skipped, 805 failed | Variants: 0 created, 0 failed | Time: 3877.0s
2026-01-22 11:58:18,507 - INFO - Progress: Products: 0 created, 38719 skipped, 806 failed | Variants: 0 created, 0 failed | Time: 3879.4s
2026-01-22 11:58:20,820 - INFO - Progress: Products: 0 created, 38743 skipped, 807 failed | Variants: 0 created, 0 failed | Time: 3881.7s
2026-01-22 11:58:23,341 - INFO - Progress: Products: 0 created, 38767 skipped, 808 failed | Variants: 0 created, 0 failed | Time: 3884.2s
2026-01-22 11:58:25,813 - INFO - Progress: Products: 0 created, 38791 skipped, 809 failed | Variants: 0 created, 0 failed | Time: 3886.7s
2026-01-22 11:58:28,382 - INFO - Progress: Products: 0 created, 38816 skipped, 809 failed | Variants: 0 created, 0 failed | Time: 3889.3s
2026-01-22 11:58:30,936 - INFO - Progress: Products: 0 created, 38841 skipped, 809 failed | Variants: 0 created, 0 failed | Time: 3891.8s
2026-01-22 11:58:33,428 - INFO - Progress: Products: 0 created, 38866 skipped, 809 failed | Variants: 0 created, 0 failed | Time: 3894.3s
2026-01-22 11:58:35,812 - INFO - Progress: Products: 0 created, 38891 skipped, 809 failed | Variants: 0 created, 0 failed | Time: 3896.7s
2026-01-22 11:58:38,302 - INFO - Progress: Products: 0 created, 38916 skipped, 809 failed | Variants: 0 created, 0 failed | Time: 3899.2s
2026-01-22 11:58:40,700 - INFO - Progress: Products: 0 created, 38940 skipped, 810 failed | Variants: 0 created, 0 failed | Time: 3901.6s
2026-01-22 11:58:43,618 - INFO - Progress: Products: 0 created, 38965 skipped, 810 failed | Variants: 0 created, 0 failed | Time: 3904.5s
2026-01-22 11:58:46,102 - INFO - Progress: Products: 0 created, 38990 skipped, 810 failed | Variants: 0 created, 0 failed | Time: 3907.0s
2026-01-22 11:58:48,609 - INFO - Progress: Products: 0 created, 39015 skipped, 810 failed | Variants: 0 created, 0 failed | Time: 3909.5s
2026-01-22 11:58:51,327 - INFO - Progress: Products: 0 created, 39040 skipped, 810 failed | Variants: 0 created, 0 failed | Time: 3912.2s
2026-01-22 11:58:53,675 - INFO - Progress: Products: 0 created, 39064 skipped, 811 failed | Variants: 0 created, 0 failed | Time: 3914.6s
2026-01-22 11:58:56,060 - INFO - Progress: Products: 0 created, 39087 skipped, 813 failed | Variants: 0 created, 0 failed | Time: 3917.0s
2026-01-22 11:58:58,504 - INFO - Progress: Products: 0 created, 39112 skipped, 813 failed | Variants: 0 created, 0 failed | Time: 3919.4s
2026-01-22 11:59:01,009 - INFO - Progress: Products: 0 created, 39137 skipped, 813 failed | Variants: 0 created, 0 failed | Time: 3921.9s

Batch 1378/3783 (cards 34426-34450)

Batch 1379/3783 (cards 34451-34475)

Batch 1380/3783 (cards 34476-34500)

Batch 1381/3783 (cards 34501-34525)

Batch 1382/3783 (cards 34526-34550)

Batch 1383/3783 (cards 34551-34575)

Batch 1384/3783 (cards 34576-34600)

Batch 1385/3783 (cards 34601-34625)

Batch 1386/3783 (cards 34626-34650)

Batch 1387/3783 (cards 34651-34675)

Batch 1388/3783 (cards 34676-34700)

Batch 1389/3783 (cards 34701-34725)

Batch 1390/3783 (cards 34726-34750)

Batch 1391/3783 (cards 34751-34775)

Batch 1392/3783 (cards 34776-34800)

Batch 1393/3783 (cards 34801-34825)

Batch 1394/3783 (cards 34826-34850)

Batch 1395/3783 (cards 34851-34875)

Batch 1396/3783 (cards 34876-34900)

Batch 1397/3783 (cards 34901-34925)

Batch 1398/3783 (cards 34926-34950)

Batch 1399/3783 (cards 34951-34975)

Batch 1400/3783 (cards 34976-35000)

Batch 1401/3783 (cards 35001-35025)

Batch 1402/3783 (cards 35026-35050)

Batch 1403/3783 (cards 35051-35075)

Batch 1404/3783 (cards 35076-35100)

Batch 1405/3783 (cards 35101-35125)

Batch 1406/3783 (cards 35126-35150)

Batch 1407/3783 (cards 35151-35175)

Batch 1408/3783 (cards 35176-35200)

Batch 1409/3783 (cards 35201-35225)

Batch 1410/3783 (cards 35226-35250)

Batch 1411/3783 (cards 35251-35275)

Batch 1412/3783 (cards 35276-35300)

Batch 1413/3783 (cards 35301-35325)

Batch 1414/3783 (cards 35326-35350)

Batch 1415/3783 (cards 35351-35375)

Batch 1416/3783 (cards 35376-35400)

Batch 1417/3783 (cards 35401-35425)

Batch 1418/3783 (cards 35426-35450)

Batch 1419/3783 (cards 35451-35475)

Batch 1420/3783 (cards 35476-35500)

Batch 1421/3783 (cards 35501-35525)

Batch 1422/3783 (cards 35526-35550)

Batch 1423/3783 (cards 35551-35575)

Batch 1424/3783 (cards 35576-35600)

Batch 1425/3783 (cards 35601-35625)

Batch 1426/3783 (cards 35626-35650)

Batch 1427/3783 (cards 35651-35675)

Batch 1428/3783 (cards 35676-35700)

Batch 1429/3783 (cards 35701-35725)

Batch 1430/3783 (cards 35726-35750)

Batch 1431/3783 (cards 35751-35775)

Batch 1432/3783 (cards 35776-35800)

Batch 1433/3783 (cards 35801-35825)

Batch 1434/3783 (cards 35826-35850)

Batch 1435/3783 (cards 35851-35875)

Batch 1436/3783 (cards 35876-35900)

Batch 1437/3783 (cards 35901-35925)

Batch 1438/3783 (cards 35926-35950)

Batch 1439/3783 (cards 35951-35975)

Batch 1440/3783 (cards 35976-36000)

Batch 1441/3783 (cards 36001-36025)

Batch 1442/3783 (cards 36026-36050)

Batch 1443/3783 (cards 36051-36075)

Batch 1444/3783 (cards 36076-36100)

Batch 1445/3783 (cards 36101-36125)

Batch 1446/3783 (cards 36126-36150)

Batch 1447/3783 (cards 36151-36175)

Batch 1448/3783 (cards 36176-36200)

Batch 1449/3783 (cards 36201-36225)

Batch 1450/3783 (cards 36226-36250)

Batch 1451/3783 (cards 36251-36275)

Batch 1452/3783 (cards 36276-36300)

Batch 1453/3783 (cards 36301-36325)

Batch 1454/3783 (cards 36326-36350)

Batch 1455/3783 (cards 36351-36375)

Batch 1456/3783 (cards 36376-36400)

Batch 1457/3783 (cards 36401-36425)

Batch 1458/3783 (cards 36426-36450)

Batch 1459/3783 (cards 36451-36475)

Batch 1460/3783 (cards 36476-36500)

Batch 1461/3783 (cards 36501-36525)

Batch 1462/3783 (cards 36526-36550)

Batch 1463/3783 (cards 36551-36575)

Batch 1464/3783 (cards 36576-36600)

Batch 1465/3783 (cards 36601-36625)

Batch 1466/3783 (cards 36626-36650)

Batch 1467/3783 (cards 36651-36675)

Batch 1468/3783 (cards 36676-36700)

Batch 1469/3783 (cards 36701-36725)

Batch 1470/3783 (cards 36726-36750)

Batch 1471/3783 (cards 36751-36775)

Batch 1472/3783 (cards 36776-36800)

Batch 1473/3783 (cards 36801-36825)

Batch 1474/3783 (cards 36826-36850)

Batch 1475/3783 (cards 36851-36875)

Batch 1476/3783 (cards 36876-36900)

Batch 1477/3783 (cards 36901-36925)

Batch 1478/3783 (cards 36926-36950)

Batch 1479/3783 (cards 36951-36975)

Batch 1480/3783 (cards 36976-37000)

Batch 1481/3783 (cards 37001-37025)

Batch 1482/3783 (cards 37026-37050)

Batch 1483/3783 (cards 37051-37075)

Batch 1484/3783 (cards 37076-37100)

Batch 1485/3783 (cards 37101-37125)

Batch 1486/3783 (cards 37126-37150)

Batch 1487/3783 (cards 37151-37175)

Batch 1488/3783 (cards 37176-37200)

Batch 1489/3783 (cards 37201-37225)

Batch 1490/3783 (cards 37226-37250)

Batch 1491/3783 (cards 37251-37275)

Batch 1492/3783 (cards 37276-37300)

Batch 1493/3783 (cards 37301-37325)

Batch 1494/3783 (cards 37326-37350)

Batch 1495/3783 (cards 37351-37375)

Batch 1496/3783 (cards 37376-37400)

Batch 1497/3783 (cards 37401-37425)

Batch 1498/3783 (cards 37426-37450)

Batch 1499/3783 (cards 37451-37475)

Batch 1500/3783 (cards 37476-37500)

Batch 1501/3783 (cards 37501-37525)

Batch 1502/3783 (cards 37526-37550)

Batch 1503/3783 (cards 37551-37575)

Batch 1504/3783 (cards 37576-37600)

Batch 1505/3783 (cards 37601-37625)

Batch 1506/3783 (cards 37626-37650)

Batch 1507/3783 (cards 37651-37675)

Batch 1508/3783 (cards 37676-37700)

Batch 1509/3783 (cards 37701-37725)

Batch 1510/3783 (cards 37726-37750)

Batch 1511/3783 (cards 37751-37775)

Batch 1512/3783 (cards 37776-37800)

Batch 1513/3783 (cards 37801-37825)

Batch 1514/3783 (cards 37826-37850)

Batch 1515/3783 (cards 37851-37875)

Batch 1516/3783 (cards 37876-37900)

Batch 1517/3783 (cards 37901-37925)

Batch 1518/3783 (cards 37926-37950)

Batch 1519/3783 (cards 37951-37975)

Batch 1520/3783 (cards 37976-38000)

Batch 1521/3783 (cards 38001-38025)

Batch 1522/3783 (cards 38026-38050)

Batch 1523/3783 (cards 38051-38075)

Batch 1524/3783 (cards 38076-38100)

Batch 1525/3783 (cards 38101-38125)

Batch 1526/3783 (cards 38126-38150)

Batch 1527/3783 (cards 38151-38175)

Batch 1528/3783 (cards 38176-38200)

Batch 1529/3783 (cards 38201-38225)

Batch 1530/3783 (cards 38226-38250)

Batch 1531/3783 (cards 38251-38275)

Batch 1532/3783 (cards 38276-38300)

Batch 1533/3783 (cards 38301-38325)

Batch 1534/3783 (cards 38326-38350)

Batch 1535/3783 (cards 38351-38375)

Batch 1536/3783 (cards 38376-38400)

Batch 1537/3783 (cards 38401-38425)

Batch 1538/3783 (cards 38426-38450)

Batch 1539/3783 (cards 38451-38475)

Batch 1540/3783 (cards 38476-38500)

Batch 1541/3783 (cards 38501-38525)

Batch 1542/3783 (cards 38526-38550)

Batch 1543/3783 (cards 38551-38575)

Batch 1544/3783 (cards 38576-38600)

Batch 1545/3783 (cards 38601-38625)

Batch 1546/3783 (cards 38626-38650)

Batch 1547/3783 (cards 38651-38675)

Batch 1548/3783 (cards 38676-38700)

Batch 1549/3783 (cards 38701-38725)

Batch 1550/3783 (cards 38726-38750)

Batch 1551/3783 (cards 38751-38775)

Batch 1552/3783 (cards 38776-38800)

Batch 1553/3783 (cards 38801-38825)

Batch 1554/3783 (cards 38826-38850)

Batch 1555/3783 (cards 38851-38875)

Batch 1556/3783 (cards 38876-38900)

Batch 1557/3783 (cards 38901-38925)

Batch 1558/3783 (cards 38926-38950)

Batch 1559/3783 (cards 38951-38975)

Batch 1560/3783 (cards 38976-39000)

Batch 1561/3783 (cards 39001-39025)

Batch 1562/3783 (cards 39026-39050)

Batch 1563/3783 (cards 39051-39075)

Batch 1564/3783 (cards 39076-39100)

Batch 1565/3783 (cards 39101-39125)

Batch 1566/3783 (cards 39126-39150)

Batch 1567/3783 (cards 39151-39175)

Batch 1568/3783 (cards 39176-39200)

Batch 1569/3783 (cards 39201-39225)

Batch 1570/3783 (cards 39226-39250)

Batch 1571/3783 (cards 39251-39275)

Batch 1572/3783 (cards 39276-39300)

Batch 1573/3783 (cards 39301-39325)

Batch 1574/3783 (cards 39326-39350)

Batch 1575/3783 (cards 39351-39375)

Batch 1576/3783 (cards 39376-39400)

Batch 1577/3783 (cards 39401-39425)

Batch 1578/3783 (cards 39426-39450)

Batch 1579/3783 (cards 39451-39475)

Batch 1580/3783 (cards 39476-39500)

Batch 1581/3783 (cards 39501-39525)

Batch 1582/3783 (cards 39526-39550)

Batch 1583/3783 (cards 39551-39575)

Batch 1584/3783 (cards 39576-39600)

Batch 1585/3783 (cards 39601-39625)

Batch 1586/3783 (cards 39626-39650)

Batch 1587/3783 (cards 39651-39675)

Batch 1588/3783 (cards 39676-39700)

Batch 1589/3783 (cards 39701-39725)

Batch 1590/3783 (cards 39726-39750)

Batch 1591/3783 (cards 39751-39775)

Batch 1592/3783 (cards 39776-39800)

Batch 1593/3783 (cards 39801-39825)

Batch 1594/3783 (cards 39826-39850)

Batch 1595/3783 (cards 39851-39875)

Batch 1596/3783 (cards 39876-39900)

Batch 1597/3783 (cards 39901-39925)

Batch 1598/3783 (cards 39926-39950)
2026-01-22 11:59:04,018 - INFO - Progress: Products: 0 created, 39161 skipped, 814 failed | Variants: 0 created, 0 failed | Time: 3924.9s
2026-01-22 11:59:06,502 - INFO - Progress: Products: 0 created, 39186 skipped, 814 failed | Variants: 0 created, 0 failed | Time: 3927.4s
2026-01-22 11:59:08,911 - INFO - Progress: Products: 0 created, 39210 skipped, 815 failed | Variants: 0 created, 0 failed | Time: 3929.8s
2026-01-22 11:59:11,609 - INFO - Progress: Products: 0 created, 39234 skipped, 816 failed | Variants: 0 created, 0 failed | Time: 3932.5s
2026-01-22 11:59:13,993 - INFO - Progress: Products: 0 created, 39258 skipped, 817 failed | Variants: 0 created, 0 failed | Time: 3934.9s
2026-01-22 11:59:16,507 - INFO - Progress: Products: 0 created, 39283 skipped, 817 failed | Variants: 0 created, 0 failed | Time: 3937.4s
2026-01-22 11:59:18,902 - INFO - Progress: Products: 0 created, 39308 skipped, 817 failed | Variants: 0 created, 0 failed | Time: 3939.8s
2026-01-22 11:59:21,487 - INFO - Progress: Products: 0 created, 39333 skipped, 817 failed | Variants: 0 created, 0 failed | Time: 3942.4s
2026-01-22 11:59:23,981 - INFO - Progress: Products: 0 created, 39357 skipped, 818 failed | Variants: 0 created, 0 failed | Time: 3944.9s
2026-01-22 11:59:26,496 - INFO - Progress: Products: 0 created, 39380 skipped, 820 failed | Variants: 0 created, 0 failed | Time: 3947.4s
2026-01-22 11:59:28,895 - INFO - Progress: Products: 0 created, 39405 skipped, 820 failed | Variants: 0 created, 0 failed | Time: 3949.8s
2026-01-22 11:59:31,540 - INFO - Progress: Products: 0 created, 39430 skipped, 820 failed | Variants: 0 created, 0 failed | Time: 3952.4s
2026-01-22 11:59:34,206 - INFO - Progress: Products: 0 created, 39455 skipped, 820 failed | Variants: 0 created, 0 failed | Time: 3955.1s
2026-01-22 11:59:36,685 - INFO - Progress: Products: 0 created, 39478 skipped, 822 failed | Variants: 0 created, 0 failed | Time: 3957.6s
2026-01-22 11:59:39,116 - INFO - Progress: Products: 0 created, 39502 skipped, 823 failed | Variants: 0 created, 0 failed | Time: 3960.0s
2026-01-22 11:59:41,908 - INFO - Progress: Products: 0 created, 39527 skipped, 823 failed | Variants: 0 created, 0 failed | Time: 3962.8s
2026-01-22 11:59:44,325 - INFO - Progress: Products: 0 created, 39551 skipped, 824 failed | Variants: 0 created, 0 failed | Time: 3965.2s
2026-01-22 11:59:46,793 - INFO - Progress: Products: 0 created, 39575 skipped, 825 failed | Variants: 0 created, 0 failed | Time: 3967.7s
2026-01-22 11:59:49,185 - INFO - Progress: Products: 0 created, 39598 skipped, 827 failed | Variants: 0 created, 0 failed | Time: 3970.1s
2026-01-22 11:59:51,783 - INFO - Progress: Products: 0 created, 39623 skipped, 827 failed | Variants: 0 created, 0 failed | Time: 3972.7s
2026-01-22 11:59:54,183 - INFO - Progress: Products: 0 created, 39648 skipped, 827 failed | Variants: 0 created, 0 failed | Time: 3975.1s
2026-01-22 11:59:56,584 - INFO - Progress: Products: 0 created, 39673 skipped, 827 failed | Variants: 0 created, 0 failed | Time: 3977.5s
2026-01-22 11:59:58,995 - INFO - Progress: Products: 0 created, 39698 skipped, 827 failed | Variants: 0 created, 0 failed | Time: 3979.9s
2026-01-22 12:00:03,259 - INFO - Progress: Products: 0 created, 39723 skipped, 827 failed | Variants: 0 created, 0 failed | Time: 3984.2s
2026-01-22 12:00:06,975 - INFO - Progress: Products: 0 created, 39748 skipped, 827 failed | Variants: 0 created, 0 failed | Time: 3987.9s
2026-01-22 12:00:10,098 - INFO - Progress: Products: 0 created, 39773 skipped, 827 failed | Variants: 0 created, 0 failed | Time: 3991.0s
2026-01-22 12:00:12,799 - INFO - Progress: Products: 0 created, 39797 skipped, 828 failed | Variants: 0 created, 0 failed | Time: 3993.7s
2026-01-22 12:00:15,218 - INFO - Progress: Products: 0 created, 39821 skipped, 829 failed | Variants: 0 created, 0 failed | Time: 3996.1s
2026-01-22 12:00:17,704 - INFO - Progress: Products: 0 created, 39846 skipped, 829 failed | Variants: 0 created, 0 failed | Time: 3998.6s
2026-01-22 12:00:20,125 - INFO - Progress: Products: 0 created, 39871 skipped, 829 failed | Variants: 0 created, 0 failed | Time: 4001.0s
2026-01-22 12:00:22,494 - INFO - Progress: Products: 0 created, 39895 skipped, 830 failed | Variants: 0 created, 0 failed | Time: 4003.4s
2026-01-22 12:00:25,029 - INFO - Progress: Products: 0 created, 39920 skipped, 830 failed | Variants: 0 created, 0 failed | Time: 4005.9s
2026-01-22 12:00:27,591 - INFO - Progress: Products: 0 created, 39944 skipped, 831 failed | Variants: 0 created, 0 failed | Time: 4008.5s
2026-01-22 12:00:30,091 - INFO - Progress: Products: 0 created, 39969 skipped, 831 failed | Variants: 0 created, 0 failed | Time: 4011.0s
2026-01-22 12:00:32,597 - INFO - Progress: Products: 0 created, 39994 skipped, 831 failed | Variants: 0 created, 0 failed | Time: 4013.5s
2026-01-22 12:00:35,077 - INFO - Progress: Products: 0 created, 40018 skipped, 832 failed | Variants: 0 created, 0 failed | Time: 4016.0s
2026-01-22 12:00:37,495 - INFO - Progress: Products: 0 created, 40042 skipped, 833 failed | Variants: 0 created, 0 failed | Time: 4018.4s
2026-01-22 12:00:40,021 - INFO - Progress: Products: 0 created, 40067 skipped, 833 failed | Variants: 0 created, 0 failed | Time: 4020.9s
2026-01-22 12:00:42,975 - INFO - Progress: Products: 0 created, 40092 skipped, 833 failed | Variants: 0 created, 0 failed | Time: 4023.9s
2026-01-22 12:00:45,548 - INFO - Progress: Products: 0 created, 40116 skipped, 834 failed | Variants: 0 created, 0 failed | Time: 4026.4s
2026-01-22 12:00:48,091 - INFO - Progress: Products: 0 created, 40141 skipped, 834 failed | Variants: 0 created, 0 failed | Time: 4029.0s
2026-01-22 12:00:50,675 - INFO - Progress: Products: 0 created, 40166 skipped, 834 failed | Variants: 0 created, 0 failed | Time: 4031.6s
2026-01-22 12:00:53,309 - INFO - Progress: Products: 0 created, 40191 skipped, 834 failed | Variants: 0 created, 0 failed | Time: 4034.2s
2026-01-22 12:00:55,995 - INFO - Progress: Products: 0 created, 40215 skipped, 835 failed | Variants: 0 created, 0 failed | Time: 4036.9s
2026-01-22 12:00:58,652 - INFO - Progress: Products: 0 created, 40239 skipped, 836 failed | Variants: 0 created, 0 failed | Time: 4039.6s
2026-01-22 12:01:01,798 - INFO - Progress: Products: 0 created, 40262 skipped, 838 failed | Variants: 0 created, 0 failed | Time: 4042.7s
2026-01-22 12:01:05,102 - INFO - Progress: Products: 0 created, 40287 skipped, 838 failed | Variants: 0 created, 0 failed | Time: 4046.0s
2026-01-22 12:01:07,692 - INFO - Progress: Products: 0 created, 40312 skipped, 838 failed | Variants: 0 created, 0 failed | Time: 4048.6s
2026-01-22 12:01:10,721 - INFO - Progress: Products: 0 created, 40337 skipped, 838 failed | Variants: 0 created, 0 failed | Time: 4051.6s
2026-01-22 12:01:13,702 - INFO - Progress: Products: 0 created, 40362 skipped, 838 failed | Variants: 0 created, 0 failed | Time: 4054.6s
2026-01-22 12:01:16,196 - INFO - Progress: Products: 0 created, 40386 skipped, 839 failed | Variants: 0 created, 0 failed | Time: 4057.1s
2026-01-22 12:01:18,701 - INFO - Progress: Products: 0 created, 40410 skipped, 840 failed | Variants: 0 created, 0 failed | Time: 4059.6s
2026-01-22 12:01:21,225 - INFO - Progress: Products: 0 created, 40434 skipped, 841 failed | Variants: 0 created, 0 failed | Time: 4062.1s
2026-01-22 12:01:23,693 - INFO - Progress: Products: 0 created, 40459 skipped, 841 failed | Variants: 0 created, 0 failed | Time: 4064.6s
2026-01-22 12:01:26,174 - INFO - Progress: Products: 0 created, 40483 skipped, 842 failed | Variants: 0 created, 0 failed | Time: 4067.1s
2026-01-22 12:01:28,724 - INFO - Progress: Products: 0 created, 40507 skipped, 843 failed | Variants: 0 created, 0 failed | Time: 4069.6s
2026-01-22 12:01:31,186 - INFO - Progress: Products: 0 created, 40532 skipped, 843 failed | Variants: 0 created, 0 failed | Time: 4072.1s
2026-01-22 12:01:33,614 - INFO - Progress: Products: 0 created, 40557 skipped, 843 failed | Variants: 0 created, 0 failed | Time: 4074.5s
2026-01-22 12:01:36,227 - INFO - Progress: Products: 0 created, 40582 skipped, 843 failed | Variants: 0 created, 0 failed | Time: 4077.1s
2026-01-22 12:01:38,823 - INFO - Progress: Products: 0 created, 40607 skipped, 843 failed | Variants: 0 created, 0 failed | Time: 4079.7s
2026-01-22 12:01:41,729 - INFO - Progress: Products: 0 created, 40631 skipped, 844 failed | Variants: 0 created, 0 failed | Time: 4082.6s
2026-01-22 12:01:44,310 - INFO - Progress: Products: 0 created, 40656 skipped, 844 failed | Variants: 0 created, 0 failed | Time: 4085.2s
2026-01-22 12:01:46,850 - INFO - Progress: Products: 0 created, 40680 skipped, 845 failed | Variants: 0 created, 0 failed | Time: 4087.7s
2026-01-22 12:01:49,406 - INFO - Progress: Products: 0 created, 40704 skipped, 846 failed | Variants: 0 created, 0 failed | Time: 4090.3s
2026-01-22 12:01:51,920 - INFO - Progress: Products: 0 created, 40728 skipped, 847 failed | Variants: 0 created, 0 failed | Time: 4092.8s
2026-01-22 12:01:54,501 - INFO - Progress: Products: 0 created, 40753 skipped, 847 failed | Variants: 0 created, 0 failed | Time: 4095.4s
2026-01-22 12:01:57,006 - INFO - Progress: Products: 0 created, 40778 skipped, 847 failed | Variants: 0 created, 0 failed | Time: 4097.9s
2026-01-22 12:01:59,489 - INFO - Progress: Products: 0 created, 40803 skipped, 847 failed | Variants: 0 created, 0 failed | Time: 4100.4s
2026-01-22 12:02:02,375 - INFO - Progress: Products: 0 created, 40827 skipped, 848 failed | Variants: 0 created, 0 failed | Time: 4103.3s
2026-01-22 12:02:05,296 - INFO - Progress: Products: 0 created, 40852 skipped, 848 failed | Variants: 0 created, 0 failed | Time: 4106.2s
2026-01-22 12:02:07,886 - INFO - Progress: Products: 0 created, 40876 skipped, 849 failed | Variants: 0 created, 0 failed | Time: 4108.8s
2026-01-22 12:02:10,396 - INFO - Progress: Products: 0 created, 40901 skipped, 849 failed | Variants: 0 created, 0 failed | Time: 4111.3s
2026-01-22 12:02:13,203 - INFO - Progress: Products: 0 created, 40925 skipped, 850 failed | Variants: 0 created, 0 failed | Time: 4114.1s
2026-01-22 12:02:15,806 - INFO - Progress: Products: 0 created, 40949 skipped, 851 failed | Variants: 0 created, 0 failed | Time: 4116.7s
2026-01-22 12:02:18,419 - INFO - Progress: Products: 0 created, 40974 skipped, 851 failed | Variants: 0 created, 0 failed | Time: 4119.3s
2026-01-22 12:02:20,895 - INFO - Progress: Products: 0 created, 40998 skipped, 852 failed | Variants: 0 created, 0 failed | Time: 4121.8s
2026-01-22 12:02:23,488 - INFO - Progress: Products: 0 created, 41023 skipped, 852 failed | Variants: 0 created, 0 failed | Time: 4124.4s
2026-01-22 12:02:26,200 - INFO - Progress: Products: 0 created, 41047 skipped, 853 failed | Variants: 0 created, 0 failed | Time: 4127.1s
2026-01-22 12:02:28,817 - INFO - Progress: Products: 0 created, 41072 skipped, 853 failed | Variants: 0 created, 0 failed | Time: 4129.7s
2026-01-22 12:02:31,515 - INFO - Progress: Products: 0 created, 41097 skipped, 853 failed | Variants: 0 created, 0 failed | Time: 4132.4s
2026-01-22 12:02:34,202 - INFO - Progress: Products: 0 created, 41121 skipped, 854 failed | Variants: 0 created, 0 failed | Time: 4135.1s
2026-01-22 12:02:36,824 - INFO - Progress: Products: 0 created, 41145 skipped, 855 failed | Variants: 0 created, 0 failed | Time: 4137.7s
2026-01-22 12:02:39,397 - INFO - Progress: Products: 0 created, 41170 skipped, 855 failed | Variants: 0 created, 0 failed | Time: 4140.3s
2026-01-22 12:02:42,293 - INFO - Progress: Products: 0 created, 41195 skipped, 855 failed | Variants: 0 created, 0 failed | Time: 4143.2s
2026-01-22 12:02:44,792 - INFO - Progress: Products: 0 created, 41220 skipped, 855 failed | Variants: 0 created, 0 failed | Time: 4145.7s
2026-01-22 12:02:47,213 - INFO - Progress: Products: 0 created, 41245 skipped, 855 failed | Variants: 0 created, 0 failed | Time: 4148.1s
2026-01-22 12:02:49,615 - INFO - Progress: Products: 0 created, 41269 skipped, 856 failed | Variants: 0 created, 0 failed | Time: 4150.5s
2026-01-22 12:02:52,114 - INFO - Progress: Products: 0 created, 41294 skipped, 856 failed | Variants: 0 created, 0 failed | Time: 4153.0s
2026-01-22 12:02:54,610 - INFO - Progress: Products: 0 created, 41315 skipped, 860 failed | Variants: 0 created, 0 failed | Time: 4155.5s
2026-01-22 12:02:57,376 - INFO - Progress: Products: 0 created, 41340 skipped, 860 failed | Variants: 0 created, 0 failed | Time: 4158.3s
2026-01-22 12:03:01,690 - INFO - Progress: Products: 1 created, 41364 skipped, 860 failed | Variants: 5 created, 0 failed | Time: 4162.6s
2026-01-22 12:03:04,713 - INFO - Progress: Products: 1 created, 41388 skipped, 861 failed | Variants: 5 created, 0 failed | Time: 4165.6s
2026-01-22 12:03:07,390 - INFO - Progress: Products: 1 created, 41413 skipped, 861 failed | Variants: 5 created, 0 failed | Time: 4168.3s
2026-01-22 12:03:09,875 - INFO - Progress: Products: 1 created, 41438 skipped, 861 failed | Variants: 5 created, 0 failed | Time: 4170.8s
2026-01-22 12:03:12,505 - INFO - Progress: Products: 1 created, 41462 skipped, 862 failed | Variants: 5 created, 0 failed | Time: 4173.4s
2026-01-22 12:03:14,904 - INFO - Progress: Products: 1 created, 41486 skipped, 863 failed | Variants: 5 created, 0 failed | Time: 4175.8s
2026-01-22 12:03:17,399 - INFO - Progress: Products: 1 created, 41511 skipped, 863 failed | Variants: 5 created, 0 failed | Time: 4178.3s
2026-01-22 12:03:19,906 - INFO - Progress: Products: 1 created, 41533 skipped, 866 failed | Variants: 5 created, 0 failed | Time: 4180.8s
2026-01-22 12:03:22,406 - INFO - Progress: Products: 1 created, 41558 skipped, 866 failed | Variants: 5 created, 0 failed | Time: 4183.3s
2026-01-22 12:03:24,906 - INFO - Progress: Products: 1 created, 41582 skipped, 867 failed | Variants: 5 created, 0 failed | Time: 4185.8s
2026-01-22 12:03:27,407 - INFO - Progress: Products: 1 created, 41607 skipped, 867 failed | Variants: 5 created, 0 failed | Time: 4188.3s
2026-01-22 12:03:29,909 - INFO - Progress: Products: 1 created, 41632 skipped, 867 failed | Variants: 5 created, 0 failed | Time: 4190.8s
2026-01-22 12:03:32,539 - INFO - Progress: Products: 1 created, 41657 skipped, 867 failed | Variants: 5 created, 0 failed | Time: 4193.4s
2026-01-22 12:03:35,230 - INFO - Progress: Products: 1 created, 41682 skipped, 867 failed | Variants: 5 created, 0 failed | Time: 4196.1s
2026-01-22 12:03:37,886 - INFO - Progress: Products: 1 created, 41706 skipped, 868 failed | Variants: 5 created, 0 failed | Time: 4198.8s
2026-01-22 12:03:40,413 - INFO - Progress: Products: 1 created, 41730 skipped, 869 failed | Variants: 5 created, 0 failed | Time: 4201.3s
2026-01-22 12:03:43,419 - INFO - Progress: Products: 1 created, 41754 skipped, 870 failed | Variants: 5 created, 0 failed | Time: 4204.3s
2026-01-22 12:03:46,201 - INFO - Progress: Products: 1 created, 41779 skipped, 870 failed | Variants: 5 created, 0 failed | Time: 4207.1s
2026-01-22 12:03:48,717 - INFO - Progress: Products: 1 created, 41804 skipped, 870 failed | Variants: 5 created, 0 failed | Time: 4209.6s
2026-01-22 12:03:51,385 - INFO - Progress: Products: 1 created, 41829 skipped, 870 failed | Variants: 5 created, 0 failed | Time: 4212.3s
2026-01-22 12:03:54,334 - INFO - Progress: Products: 1 created, 41854 skipped, 870 failed | Variants: 5 created, 0 failed | Time: 4215.2s
2026-01-22 12:03:57,088 - INFO - Progress: Products: 1 created, 41879 skipped, 870 failed | Variants: 5 created, 0 failed | Time: 4218.0s
2026-01-22 12:03:59,587 - INFO - Progress: Products: 1 created, 41902 skipped, 872 failed | Variants: 5 created, 0 failed | Time: 4220.5s
2026-01-22 12:04:02,997 - INFO - Progress: Products: 1 created, 41927 skipped, 872 failed | Variants: 5 created, 0 failed | Time: 4223.9s
2026-01-22 12:04:05,914 - INFO - Progress: Products: 1 created, 41952 skipped, 872 failed | Variants: 5 created, 0 failed | Time: 4226.8s
2026-01-22 12:04:08,604 - INFO - Progress: Products: 1 created, 41977 skipped, 872 failed | Variants: 5 created, 0 failed | Time: 4229.5s
2026-01-22 12:04:11,293 - INFO - Progress: Products: 1 created, 42002 skipped, 872 failed | Variants: 5 created, 0 failed | Time: 4232.2s
2026-01-22 12:04:13,852 - INFO - Progress: Products: 1 created, 42027 skipped, 872 failed | Variants: 5 created, 0 failed | Time: 4234.8s
2026-01-22 12:04:16,293 - INFO - Progress: Products: 1 created, 42052 skipped, 872 failed | Variants: 5 created, 0 failed | Time: 4237.2s
2026-01-22 12:04:18,732 - INFO - Progress: Products: 1 created, 42076 skipped, 873 failed | Variants: 5 created, 0 failed | Time: 4239.6s
2026-01-22 12:04:21,221 - INFO - Progress: Products: 1 created, 42101 skipped, 873 failed | Variants: 5 created, 0 failed | Time: 4242.1s
2026-01-22 12:04:23,722 - INFO - Progress: Products: 1 created, 42125 skipped, 874 failed | Variants: 5 created, 0 failed | Time: 4244.6s
2026-01-22 12:04:26,232 - INFO - Progress: Products: 1 created, 42150 skipped, 874 failed | Variants: 5 created, 0 failed | Time: 4247.1s
2026-01-22 12:04:28,795 - INFO - Progress: Products: 1 created, 42174 skipped, 875 failed | Variants: 5 created, 0 failed | Time: 4249.7s
2026-01-22 12:04:31,292 - INFO - Progress: Products: 1 created, 42198 skipped, 876 failed | Variants: 5 created, 0 failed | Time: 4252.2s
2026-01-22 12:04:33,809 - INFO - Progress: Products: 1 created, 42223 skipped, 876 failed | Variants: 5 created, 0 failed | Time: 4254.7s
2026-01-22 12:04:36,390 - INFO - Progress: Products: 1 created, 42248 skipped, 876 failed | Variants: 5 created, 0 failed | Time: 4257.3s
2026-01-22 12:04:38,918 - INFO - Progress: Products: 1 created, 42272 skipped, 877 failed | Variants: 5 created, 0 failed | Time: 4259.8s
2026-01-22 12:04:41,831 - INFO - Progress: Products: 1 created, 42297 skipped, 877 failed | Variants: 5 created, 0 failed | Time: 4262.7s
2026-01-22 12:04:44,585 - INFO - Progress: Products: 1 created, 42321 skipped, 878 failed | Variants: 5 created, 0 failed | Time: 4265.5s
2026-01-22 12:04:47,333 - INFO - Progress: Products: 1 created, 42345 skipped, 879 failed | Variants: 5 created, 0 failed | Time: 4268.2s
2026-01-22 12:04:50,102 - INFO - Progress: Products: 1 created, 42369 skipped, 880 failed | Variants: 5 created, 0 failed | Time: 4271.0s
2026-01-22 12:04:52,695 - INFO - Progress: Products: 1 created, 42394 skipped, 880 failed | Variants: 5 created, 0 failed | Time: 4273.6s
2026-01-22 12:04:55,395 - INFO - Progress: Products: 1 created, 42418 skipped, 881 failed | Variants: 5 created, 0 failed | Time: 4276.3s
2026-01-22 12:04:58,083 - INFO - Progress: Products: 1 created, 42442 skipped, 882 failed | Variants: 5 created, 0 failed | Time: 4279.0s
2026-01-22 12:05:00,705 - INFO - Progress: Products: 1 created, 42467 skipped, 882 failed | Variants: 5 created, 0 failed | Time: 4281.6s
2026-01-22 12:05:04,293 - INFO - Progress: Products: 1 created, 42492 skipped, 882 failed | Variants: 5 created, 0 failed | Time: 4285.2s
2026-01-22 12:05:07,195 - INFO - Progress: Products: 1 created, 42516 skipped, 883 failed | Variants: 5 created, 0 failed | Time: 4288.1s
2026-01-22 12:05:09,908 - INFO - Progress: Products: 1 created, 42541 skipped, 883 failed | Variants: 5 created, 0 failed | Time: 4290.8s
2026-01-22 12:05:12,898 - INFO - Progress: Products: 1 created, 42566 skipped, 883 failed | Variants: 5 created, 0 failed | Time: 4293.8s
2026-01-22 12:05:15,593 - INFO - Progress: Products: 1 created, 42591 skipped, 883 failed | Variants: 5 created, 0 failed | Time: 4296.5s
2026-01-22 12:05:18,209 - INFO - Progress: Products: 1 created, 42615 skipped, 884 failed | Variants: 5 created, 0 failed | Time: 4299.1s
2026-01-22 12:05:20,903 - INFO - Progress: Products: 1 created, 42639 skipped, 885 failed | Variants: 5 created, 0 failed | Time: 4301.8s
2026-01-22 12:05:23,543 - INFO - Progress: Products: 1 created, 42664 skipped, 885 failed | Variants: 5 created, 0 failed | Time: 4304.4s
2026-01-22 12:05:26,217 - INFO - Progress: Products: 1 created, 42689 skipped, 885 failed | Variants: 5 created, 0 failed | Time: 4307.1s
2026-01-22 12:05:28,813 - INFO - Progress: Products: 1 created, 42713 skipped, 886 failed | Variants: 5 created, 0 failed | Time: 4309.7s
2026-01-22 12:05:31,410 - INFO - Progress: Products: 1 created, 42737 skipped, 887 failed | Variants: 5 created, 0 failed | Time: 4312.3s
2026-01-22 12:05:33,912 - INFO - Progress: Products: 1 created, 42762 skipped, 887 failed | Variants: 5 created, 0 failed | Time: 4314.8s
2026-01-22 12:05:36,521 - INFO - Progress: Products: 1 created, 42787 skipped, 887 failed | Variants: 5 created, 0 failed | Time: 4317.4s
2026-01-22 12:05:39,095 - INFO - Progress: Products: 1 created, 42812 skipped, 887 failed | Variants: 5 created, 0 failed | Time: 4320.0s
2026-01-22 12:05:41,819 - INFO - Progress: Products: 1 created, 42837 skipped, 887 failed | Variants: 5 created, 0 failed | Time: 4322.7s
2026-01-22 12:05:44,306 - INFO - Progress: Products: 1 created, 42862 skipped, 887 failed | Variants: 5 created, 0 failed | Time: 4325.2s
2026-01-22 12:05:46,807 - INFO - Progress: Products: 1 created, 42887 skipped, 887 failed | Variants: 5 created, 0 failed | Time: 4327.7s
2026-01-22 12:05:49,288 - INFO - Progress: Products: 1 created, 42912 skipped, 887 failed | Variants: 5 created, 0 failed | Time: 4330.2s
2026-01-22 12:05:51,751 - INFO - Progress: Products: 1 created, 42937 skipped, 887 failed | Variants: 5 created, 0 failed | Time: 4332.7s
2026-01-22 12:05:54,219 - INFO - Progress: Products: 1 created, 42961 skipped, 888 failed | Variants: 5 created, 0 failed | Time: 4335.1s
2026-01-22 12:05:56,692 - INFO - Progress: Products: 1 created, 42985 skipped, 889 failed | Variants: 5 created, 0 failed | Time: 4337.6s
2026-01-22 12:05:59,195 - INFO - Progress: Products: 1 created, 43009 skipped, 890 failed | Variants: 5 created, 0 failed | Time: 4340.1s
2026-01-22 12:06:02,613 - INFO - Progress: Products: 1 created, 43033 skipped, 891 failed | Variants: 5 created, 0 failed | Time: 4343.5s
2026-01-22 12:06:06,191 - INFO - Progress: Products: 1 created, 43058 skipped, 891 failed | Variants: 5 created, 0 failed | Time: 4347.1s
2026-01-22 12:06:08,818 - INFO - Progress: Products: 1 created, 43082 skipped, 892 failed | Variants: 5 created, 0 failed | Time: 4349.7s
2026-01-22 12:06:11,603 - INFO - Progress: Products: 1 created, 43106 skipped, 893 failed | Variants: 5 created, 0 failed | Time: 4352.5s
2026-01-22 12:06:14,148 - INFO - Progress: Products: 1 created, 43131 skipped, 893 failed | Variants: 5 created, 0 failed | Time: 4355.0s
2026-01-22 12:06:16,603 - INFO - Progress: Products: 1 created, 43156 skipped, 893 failed | Variants: 5 created, 0 failed | Time: 4357.5s
2026-01-22 12:06:19,222 - INFO - Progress: Products: 1 created, 43181 skipped, 893 failed | Variants: 5 created, 0 failed | Time: 4360.1s
2026-01-22 12:06:21,785 - INFO - Progress: Products: 1 created, 43206 skipped, 893 failed | Variants: 5 created, 0 failed | Time: 4362.7s
2026-01-22 12:06:24,283 - INFO - Progress: Products: 1 created, 43230 skipped, 894 failed | Variants: 5 created, 0 failed | Time: 4365.2s
2026-01-22 12:06:26,735 - INFO - Progress: Products: 1 created, 43255 skipped, 894 failed | Variants: 5 created, 0 failed | Time: 4367.6s
2026-01-22 12:06:29,120 - INFO - Progress: Products: 1 created, 43280 skipped, 894 failed | Variants: 5 created, 0 failed | Time: 4370.0s
2026-01-22 12:06:31,631 - INFO - Progress: Products: 1 created, 43305 skipped, 894 failed | Variants: 5 created, 0 failed | Time: 4372.5s
2026-01-22 12:06:34,105 - INFO - Progress: Products: 1 created, 43328 skipped, 896 failed | Variants: 5 created, 0 failed | Time: 4375.0s
2026-01-22 12:06:36,509 - INFO - Progress: Products: 1 created, 43353 skipped, 896 failed | Variants: 5 created, 0 failed | Time: 4377.4s
2026-01-22 12:06:38,911 - INFO - Progress: Products: 1 created, 43378 skipped, 896 failed | Variants: 5 created, 0 failed | Time: 4379.8s
2026-01-22 12:06:41,632 - INFO - Progress: Products: 1 created, 43403 skipped, 896 failed | Variants: 5 created, 0 failed | Time: 4382.5s
2026-01-22 12:06:44,109 - INFO - Progress: Products: 1 created, 43428 skipped, 896 failed | Variants: 5 created, 0 failed | Time: 4385.0s
2026-01-22 12:06:46,604 - INFO - Progress: Products: 1 created, 43451 skipped, 898 failed | Variants: 5 created, 0 failed | Time: 4387.5s
2026-01-22 12:06:49,106 - INFO - Progress: Products: 1 created, 43476 skipped, 898 failed | Variants: 5 created, 0 failed | Time: 4390.0s
2026-01-22 12:06:51,526 - INFO - Progress: Products: 1 created, 43501 skipped, 898 failed | Variants: 5 created, 0 failed | Time: 4392.4s
2026-01-22 12:06:54,106 - INFO - Progress: Products: 1 created, 43526 skipped, 898 failed | Variants: 5 created, 0 failed | Time: 4395.0s
2026-01-22 12:06:56,711 - INFO - Progress: Products: 1 created, 43550 skipped, 899 failed | Variants: 5 created, 0 failed | Time: 4397.6s
2026-01-22 12:06:59,229 - INFO - Progress: Products: 1 created, 43575 skipped, 899 failed | Variants: 5 created, 0 failed | Time: 4400.1s
2026-01-22 12:07:02,303 - INFO - Progress: Products: 1 created, 43600 skipped, 899 failed | Variants: 5 created, 0 failed | Time: 4403.2s
2026-01-22 12:07:05,383 - INFO - Progress: Products: 1 created, 43624 skipped, 900 failed | Variants: 5 created, 0 failed | Time: 4406.3s
2026-01-22 12:07:07,888 - INFO - Progress: Products: 1 created, 43647 skipped, 902 failed | Variants: 5 created, 0 failed | Time: 4408.8s
2026-01-22 12:07:10,396 - INFO - Progress: Products: 1 created, 43672 skipped, 902 failed | Variants: 5 created, 0 failed | Time: 4411.3s
2026-01-22 12:07:13,138 - INFO - Progress: Products: 1 created, 43697 skipped, 902 failed | Variants: 5 created, 0 failed | Time: 4414.0s
2026-01-22 12:07:15,501 - INFO - Progress: Products: 1 created, 43721 skipped, 903 failed | Variants: 5 created, 0 failed | Time: 4416.4s
2026-01-22 12:07:17,988 - INFO - Progress: Products: 1 created, 43745 skipped, 904 failed | Variants: 5 created, 0 failed | Time: 4418.9s
2026-01-22 12:07:20,296 - INFO - Progress: Products: 1 created, 43770 skipped, 904 failed | Variants: 5 created, 0 failed | Time: 4421.2s
2026-01-22 12:07:22,700 - INFO - Progress: Products: 1 created, 43795 skipped, 904 failed | Variants: 5 created, 0 failed | Time: 4423.6s
2026-01-22 12:07:24,992 - INFO - Progress: Products: 1 created, 43819 skipped, 905 failed | Variants: 5 created, 0 failed | Time: 4425.9s
2026-01-22 12:07:27,386 - INFO - Progress: Products: 1 created, 43842 skipped, 907 failed | Variants: 5 created, 0 failed | Time: 4428.3s
2026-01-22 12:07:29,812 - INFO - Progress: Products: 1 created, 43867 skipped, 907 failed | Variants: 5 created, 0 failed | Time: 4430.7s
2026-01-22 12:07:32,199 - INFO - Progress: Products: 1 created, 43892 skipped, 907 failed | Variants: 5 created, 0 failed | Time: 4433.1s
2026-01-22 12:07:34,593 - INFO - Progress: Products: 1 created, 43917 skipped, 907 failed | Variants: 5 created, 0 failed | Time: 4435.5s
2026-01-22 12:07:36,997 - INFO - Progress: Products: 1 created, 43942 skipped, 907 failed | Variants: 5 created, 0 failed | Time: 4437.9s
2026-01-22 12:07:39,410 - INFO - Progress: Products: 1 created, 43967 skipped, 907 failed | Variants: 5 created, 0 failed | Time: 4440.3s
2026-01-22 12:07:42,100 - INFO - Progress: Products: 1 created, 43992 skipped, 907 failed | Variants: 5 created, 0 failed | Time: 4443.0s
2026-01-22 12:07:44,621 - INFO - Progress: Products: 1 created, 44017 skipped, 907 failed | Variants: 5 created, 0 failed | Time: 4445.5s
2026-01-22 12:07:47,076 - INFO - Progress: Products: 1 created, 44041 skipped, 908 failed | Variants: 5 created, 0 failed | Time: 4448.0s
2026-01-22 12:07:49,405 - INFO - Progress: Products: 1 created, 44066 skipped, 908 failed | Variants: 5 created, 0 failed | Time: 4450.3s
2026-01-22 12:07:51,894 - INFO - Progress: Products: 1 created, 44091 skipped, 908 failed | Variants: 5 created, 0 failed | Time: 4452.8s
2026-01-22 12:07:54,312 - INFO - Progress: Products: 1 created, 44116 skipped, 908 failed | Variants: 5 created, 0 failed | Time: 4455.2s
2026-01-22 12:07:56,718 - INFO - Progress: Products: 1 created, 44139 skipped, 910 failed | Variants: 5 created, 0 failed | Time: 4457.6s
2026-01-22 12:07:59,228 - INFO - Progress: Products: 1 created, 44164 skipped, 910 failed | Variants: 5 created, 0 failed | Time: 4460.1s
2026-01-22 12:08:02,451 - INFO - Progress: Products: 1 created, 44189 skipped, 910 failed | Variants: 5 created, 0 failed | Time: 4463.3s
2026-01-22 12:08:05,308 - INFO - Progress: Products: 1 created, 44214 skipped, 910 failed | Variants: 5 created, 0 failed | Time: 4466.2s
2026-01-22 12:08:07,812 - INFO - Progress: Products: 1 created, 44238 skipped, 911 failed | Variants: 5 created, 0 failed | Time: 4468.7s
2026-01-22 12:08:10,222 - INFO - Progress: Products: 1 created, 44262 skipped, 912 failed | Variants: 5 created, 0 failed | Time: 4471.1s
2026-01-22 12:08:12,914 - INFO - Progress: Products: 1 created, 44286 skipped, 913 failed | Variants: 5 created, 0 failed | Time: 4473.8s
2026-01-22 12:08:15,377 - INFO - Progress: Products: 1 created, 44311 skipped, 913 failed | Variants: 5 created, 0 failed | Time: 4476.3s
2026-01-22 12:08:17,775 - INFO - Progress: Products: 1 created, 44335 skipped, 914 failed | Variants: 5 created, 0 failed | Time: 4478.7s
2026-01-22 12:08:20,303 - INFO - Progress: Products: 1 created, 44360 skipped, 914 failed | Variants: 5 created, 0 failed | Time: 4481.2s
2026-01-22 12:08:22,812 - INFO - Progress: Products: 1 created, 44385 skipped, 914 failed | Variants: 5 created, 0 failed | Time: 4483.7s
2026-01-22 12:08:25,512 - INFO - Progress: Products: 1 created, 44410 skipped, 914 failed | Variants: 5 created, 0 failed | Time: 4486.4s
2026-01-22 12:08:28,103 - INFO - Progress: Products: 1 created, 44435 skipped, 914 failed | Variants: 5 created, 0 failed | Time: 4489.0s
2026-01-22 12:08:30,675 - INFO - Progress: Products: 1 created, 44459 skipped, 915 failed | Variants: 5 created, 0 failed | Time: 4491.6s
2026-01-22 12:08:33,207 - INFO - Progress: Products: 1 created, 44483 skipped, 916 failed | Variants: 5 created, 0 failed | Time: 4494.1s
2026-01-22 12:08:35,616 - INFO - Progress: Products: 1 created, 44507 skipped, 917 failed | Variants: 5 created, 0 failed | Time: 4496.5s
2026-01-22 12:08:38,020 - INFO - Progress: Products: 1 created, 44531 skipped, 918 failed | Variants: 5 created, 0 failed | Time: 4498.9s
2026-01-22 12:08:40,489 - INFO - Progress: Products: 1 created, 44555 skipped, 919 failed | Variants: 5 created, 0 failed | Time: 4501.4s

Batch 1599/3783 (cards 39951-39975)

Batch 1600/3783 (cards 39976-40000)

Batch 1601/3783 (cards 40001-40025)

Batch 1602/3783 (cards 40026-40050)

Batch 1603/3783 (cards 40051-40075)

Batch 1604/3783 (cards 40076-40100)

Batch 1605/3783 (cards 40101-40125)

Batch 1606/3783 (cards 40126-40150)

Batch 1607/3783 (cards 40151-40175)

Batch 1608/3783 (cards 40176-40200)

Batch 1609/3783 (cards 40201-40225)

Batch 1610/3783 (cards 40226-40250)

Batch 1611/3783 (cards 40251-40275)

Batch 1612/3783 (cards 40276-40300)

Batch 1613/3783 (cards 40301-40325)

Batch 1614/3783 (cards 40326-40350)

Batch 1615/3783 (cards 40351-40375)

Batch 1616/3783 (cards 40376-40400)

Batch 1617/3783 (cards 40401-40425)

Batch 1618/3783 (cards 40426-40450)

Batch 1619/3783 (cards 40451-40475)

Batch 1620/3783 (cards 40476-40500)

Batch 1621/3783 (cards 40501-40525)

Batch 1622/3783 (cards 40526-40550)

Batch 1623/3783 (cards 40551-40575)

Batch 1624/3783 (cards 40576-40600)

Batch 1625/3783 (cards 40601-40625)

Batch 1626/3783 (cards 40626-40650)

Batch 1627/3783 (cards 40651-40675)

Batch 1628/3783 (cards 40676-40700)

Batch 1629/3783 (cards 40701-40725)

Batch 1630/3783 (cards 40726-40750)

Batch 1631/3783 (cards 40751-40775)

Batch 1632/3783 (cards 40776-40800)

Batch 1633/3783 (cards 40801-40825)

Batch 1634/3783 (cards 40826-40850)

Batch 1635/3783 (cards 40851-40875)

Batch 1636/3783 (cards 40876-40900)

Batch 1637/3783 (cards 40901-40925)

Batch 1638/3783 (cards 40926-40950)

Batch 1639/3783 (cards 40951-40975)

Batch 1640/3783 (cards 40976-41000)

Batch 1641/3783 (cards 41001-41025)

Batch 1642/3783 (cards 41026-41050)

Batch 1643/3783 (cards 41051-41075)

Batch 1644/3783 (cards 41076-41100)

Batch 1645/3783 (cards 41101-41125)

Batch 1646/3783 (cards 41126-41150)

Batch 1647/3783 (cards 41151-41175)

Batch 1648/3783 (cards 41176-41200)

Batch 1649/3783 (cards 41201-41225)

Batch 1650/3783 (cards 41226-41250)

Batch 1651/3783 (cards 41251-41275)

Batch 1652/3783 (cards 41276-41300)

Batch 1653/3783 (cards 41301-41325)

Batch 1654/3783 (cards 41326-41350)

Batch 1655/3783 (cards 41351-41375)

Batch 1656/3783 (cards 41376-41400)

Batch 1657/3783 (cards 41401-41425)

Batch 1658/3783 (cards 41426-41450)

Batch 1659/3783 (cards 41451-41475)

Batch 1660/3783 (cards 41476-41500)

Batch 1661/3783 (cards 41501-41525)

Batch 1662/3783 (cards 41526-41550)

Batch 1663/3783 (cards 41551-41575)

Batch 1664/3783 (cards 41576-41600)

Batch 1665/3783 (cards 41601-41625)

Batch 1666/3783 (cards 41626-41650)

Batch 1667/3783 (cards 41651-41675)

Batch 1668/3783 (cards 41676-41700)

Batch 1669/3783 (cards 41701-41725)

Batch 1670/3783 (cards 41726-41750)

Batch 1671/3783 (cards 41751-41775)

Batch 1672/3783 (cards 41776-41800)

Batch 1673/3783 (cards 41801-41825)

Batch 1674/3783 (cards 41826-41850)

Batch 1675/3783 (cards 41851-41875)

Batch 1676/3783 (cards 41876-41900)

Batch 1677/3783 (cards 41901-41925)

Batch 1678/3783 (cards 41926-41950)

Batch 1679/3783 (cards 41951-41975)

Batch 1680/3783 (cards 41976-42000)

Batch 1681/3783 (cards 42001-42025)

Batch 1682/3783 (cards 42026-42050)

Batch 1683/3783 (cards 42051-42075)

Batch 1684/3783 (cards 42076-42100)

Batch 1685/3783 (cards 42101-42125)

Batch 1686/3783 (cards 42126-42150)

Batch 1687/3783 (cards 42151-42175)

Batch 1688/3783 (cards 42176-42200)

Batch 1689/3783 (cards 42201-42225)

Batch 1690/3783 (cards 42226-42250)

Batch 1691/3783 (cards 42251-42275)

Batch 1692/3783 (cards 42276-42300)

Batch 1693/3783 (cards 42301-42325)

Batch 1694/3783 (cards 42326-42350)

Batch 1695/3783 (cards 42351-42375)

Batch 1696/3783 (cards 42376-42400)

Batch 1697/3783 (cards 42401-42425)

Batch 1698/3783 (cards 42426-42450)

Batch 1699/3783 (cards 42451-42475)

Batch 1700/3783 (cards 42476-42500)

Batch 1701/3783 (cards 42501-42525)

Batch 1702/3783 (cards 42526-42550)

Batch 1703/3783 (cards 42551-42575)

Batch 1704/3783 (cards 42576-42600)

Batch 1705/3783 (cards 42601-42625)

Batch 1706/3783 (cards 42626-42650)

Batch 1707/3783 (cards 42651-42675)

Batch 1708/3783 (cards 42676-42700)

Batch 1709/3783 (cards 42701-42725)

Batch 1710/3783 (cards 42726-42750)

Batch 1711/3783 (cards 42751-42775)

Batch 1712/3783 (cards 42776-42800)

Batch 1713/3783 (cards 42801-42825)

Batch 1714/3783 (cards 42826-42850)

Batch 1715/3783 (cards 42851-42875)

Batch 1716/3783 (cards 42876-42900)

Batch 1717/3783 (cards 42901-42925)

Batch 1718/3783 (cards 42926-42950)

Batch 1719/3783 (cards 42951-42975)

Batch 1720/3783 (cards 42976-43000)

Batch 1721/3783 (cards 43001-43025)

Batch 1722/3783 (cards 43026-43050)

Batch 1723/3783 (cards 43051-43075)

Batch 1724/3783 (cards 43076-43100)

Batch 1725/3783 (cards 43101-43125)

Batch 1726/3783 (cards 43126-43150)

Batch 1727/3783 (cards 43151-43175)

Batch 1728/3783 (cards 43176-43200)

Batch 1729/3783 (cards 43201-43225)

Batch 1730/3783 (cards 43226-43250)

Batch 1731/3783 (cards 43251-43275)

Batch 1732/3783 (cards 43276-43300)

Batch 1733/3783 (cards 43301-43325)

Batch 1734/3783 (cards 43326-43350)

Batch 1735/3783 (cards 43351-43375)

Batch 1736/3783 (cards 43376-43400)

Batch 1737/3783 (cards 43401-43425)

Batch 1738/3783 (cards 43426-43450)

Batch 1739/3783 (cards 43451-43475)

Batch 1740/3783 (cards 43476-43500)

Batch 1741/3783 (cards 43501-43525)

Batch 1742/3783 (cards 43526-43550)

Batch 1743/3783 (cards 43551-43575)

Batch 1744/3783 (cards 43576-43600)

Batch 1745/3783 (cards 43601-43625)

Batch 1746/3783 (cards 43626-43650)

Batch 1747/3783 (cards 43651-43675)

Batch 1748/3783 (cards 43676-43700)

Batch 1749/3783 (cards 43701-43725)

Batch 1750/3783 (cards 43726-43750)

Batch 1751/3783 (cards 43751-43775)

Batch 1752/3783 (cards 43776-43800)

Batch 1753/3783 (cards 43801-43825)

Batch 1754/3783 (cards 43826-43850)

Batch 1755/3783 (cards 43851-43875)

Batch 1756/3783 (cards 43876-43900)

Batch 1757/3783 (cards 43901-43925)

Batch 1758/3783 (cards 43926-43950)

Batch 1759/3783 (cards 43951-43975)

Batch 1760/3783 (cards 43976-44000)

Batch 1761/3783 (cards 44001-44025)

Batch 1762/3783 (cards 44026-44050)

Batch 1763/3783 (cards 44051-44075)

Batch 1764/3783 (cards 44076-44100)

Batch 1765/3783 (cards 44101-44125)

Batch 1766/3783 (cards 44126-44150)

Batch 1767/3783 (cards 44151-44175)

Batch 1768/3783 (cards 44176-44200)

Batch 1769/3783 (cards 44201-44225)

Batch 1770/3783 (cards 44226-44250)

Batch 1771/3783 (cards 44251-44275)

Batch 1772/3783 (cards 44276-44300)

Batch 1773/3783 (cards 44301-44325)

Batch 1774/3783 (cards 44326-44350)

Batch 1775/3783 (cards 44351-44375)

Batch 1776/3783 (cards 44376-44400)

Batch 1777/3783 (cards 44401-44425)

Batch 1778/3783 (cards 44426-44450)

Batch 1779/3783 (cards 44451-44475)

Batch 1780/3783 (cards 44476-44500)

Batch 1781/3783 (cards 44501-44525)

Batch 1782/3783 (cards 44526-44550)

Batch 1783/3783 (cards 44551-44575)

Batch 1784/3783 (cards 44576-44600)

Batch 1785/3783 (cards 44601-44625)

Batch 1786/3783 (cards 44626-44650)

Batch 1787/3783 (cards 44651-44675)

Batch 1788/3783 (cards 44676-44700)

Batch 1789/3783 (cards 44701-44725)

Batch 1790/3783 (cards 44726-44750)

Batch 1791/3783 (cards 44751-44775)

Batch 1792/3783 (cards 44776-44800)

Batch 1793/3783 (cards 44801-44825)

Batch 1794/3783 (cards 44826-44850)

Batch 1795/3783 (cards 44851-44875)

Batch 1796/3783 (cards 44876-44900)

Batch 1797/3783 (cards 44901-44925)

Batch 1798/3783 (cards 44926-44950)

Batch 1799/3783 (cards 44951-44975)

Batch 1800/3783 (cards 44976-45000)

Batch 1801/3783 (cards 45001-45025)

Batch 1802/3783 (cards 45026-45050)

Batch 1803/3783 (cards 45051-45075)

Batch 1804/3783 (cards 45076-45100)

Batch 1805/3783 (cards 45101-45125)

Batch 1806/3783 (cards 45126-45150)

Batch 1807/3783 (cards 45151-45175)

Batch 1808/3783 (cards 45176-45200)

Batch 1809/3783 (cards 45201-45225)

Batch 1810/3783 (cards 45226-45250)

Batch 1811/3783 (cards 45251-45275)

Batch 1812/3783 (cards 45276-45300)

Batch 1813/3783 (cards 45301-45325)

Batch 1814/3783 (cards 45326-45350)

Batch 1815/3783 (cards 45351-45375)

Batch 1816/3783 (cards 45376-45400)

Batch 1817/3783 (cards 45401-45425)

Batch 1818/3783 (cards 45426-45450)

Batch 1819/3783 (cards 45451-45475)
2026-01-22 12:08:43,144 - INFO - Progress: Products: 1 created, 44579 skipped, 920 failed | Variants: 5 created, 0 failed | Time: 4504.0s
2026-01-22 12:08:45,808 - INFO - Progress: Products: 1 created, 44604 skipped, 920 failed | Variants: 5 created, 0 failed | Time: 4506.7s
2026-01-22 12:08:48,204 - INFO - Progress: Products: 1 created, 44629 skipped, 920 failed | Variants: 5 created, 0 failed | Time: 4509.1s
2026-01-22 12:08:50,711 - INFO - Progress: Products: 1 created, 44654 skipped, 920 failed | Variants: 5 created, 0 failed | Time: 4511.6s
2026-01-22 12:08:53,528 - INFO - Progress: Products: 1 created, 44679 skipped, 920 failed | Variants: 5 created, 0 failed | Time: 4514.4s
2026-01-22 12:08:56,116 - INFO - Progress: Products: 1 created, 44703 skipped, 921 failed | Variants: 5 created, 0 failed | Time: 4517.0s
2026-01-22 12:08:58,722 - INFO - Progress: Products: 1 created, 44728 skipped, 921 failed | Variants: 5 created, 0 failed | Time: 4519.6s
2026-01-22 12:09:01,457 - INFO - Progress: Products: 1 created, 44753 skipped, 921 failed | Variants: 5 created, 0 failed | Time: 4522.4s
2026-01-22 12:09:04,734 - INFO - Progress: Products: 1 created, 44778 skipped, 921 failed | Variants: 5 created, 0 failed | Time: 4525.6s
2026-01-22 12:09:07,375 - INFO - Progress: Products: 1 created, 44803 skipped, 921 failed | Variants: 5 created, 0 failed | Time: 4528.3s
2026-01-22 12:09:09,816 - INFO - Progress: Products: 1 created, 44828 skipped, 921 failed | Variants: 5 created, 0 failed | Time: 4530.7s
2026-01-22 12:09:12,646 - INFO - Progress: Products: 1 created, 44852 skipped, 922 failed | Variants: 5 created, 0 failed | Time: 4533.5s
2026-01-22 12:09:15,209 - INFO - Progress: Products: 1 created, 44877 skipped, 922 failed | Variants: 5 created, 0 failed | Time: 4536.1s
2026-01-22 12:09:17,513 - INFO - Progress: Products: 1 created, 44902 skipped, 922 failed | Variants: 5 created, 0 failed | Time: 4538.4s
2026-01-22 12:09:19,978 - INFO - Progress: Products: 1 created, 44927 skipped, 922 failed | Variants: 5 created, 0 failed | Time: 4540.9s
2026-01-22 12:09:22,438 - INFO - Progress: Products: 1 created, 44952 skipped, 922 failed | Variants: 5 created, 0 failed | Time: 4543.3s
2026-01-22 12:09:24,919 - INFO - Progress: Products: 1 created, 44977 skipped, 922 failed | Variants: 5 created, 0 failed | Time: 4545.8s
2026-01-22 12:09:27,447 - INFO - Progress: Products: 1 created, 45002 skipped, 922 failed | Variants: 5 created, 0 failed | Time: 4548.3s
2026-01-22 12:09:30,009 - INFO - Progress: Products: 1 created, 45027 skipped, 922 failed | Variants: 5 created, 0 failed | Time: 4550.9s
2026-01-22 12:09:32,510 - INFO - Progress: Products: 1 created, 45051 skipped, 923 failed | Variants: 5 created, 0 failed | Time: 4553.4s
2026-01-22 12:09:35,014 - INFO - Progress: Products: 1 created, 45075 skipped, 924 failed | Variants: 5 created, 0 failed | Time: 4555.9s
2026-01-22 12:09:37,509 - INFO - Progress: Products: 1 created, 45100 skipped, 924 failed | Variants: 5 created, 0 failed | Time: 4558.4s
2026-01-22 12:09:40,099 - INFO - Progress: Products: 1 created, 45125 skipped, 924 failed | Variants: 5 created, 0 failed | Time: 4561.0s
2026-01-22 12:09:42,721 - INFO - Progress: Products: 1 created, 45150 skipped, 924 failed | Variants: 5 created, 0 failed | Time: 4563.6s
2026-01-22 12:09:45,241 - INFO - Progress: Products: 1 created, 45175 skipped, 924 failed | Variants: 5 created, 0 failed | Time: 4566.1s
2026-01-22 12:09:47,721 - INFO - Progress: Products: 1 created, 45200 skipped, 924 failed | Variants: 5 created, 0 failed | Time: 4568.6s
2026-01-22 12:09:50,328 - INFO - Progress: Products: 1 created, 45225 skipped, 924 failed | Variants: 5 created, 0 failed | Time: 4571.2s
2026-01-22 12:09:52,823 - INFO - Progress: Products: 1 created, 45250 skipped, 924 failed | Variants: 5 created, 0 failed | Time: 4573.7s
2026-01-22 12:09:55,321 - INFO - Progress: Products: 1 created, 45275 skipped, 924 failed | Variants: 5 created, 0 failed | Time: 4576.2s
2026-01-22 12:09:57,809 - INFO - Progress: Products: 1 created, 45298 skipped, 926 failed | Variants: 5 created, 0 failed | Time: 4578.7s
2026-01-22 12:10:00,506 - INFO - Progress: Products: 1 created, 45322 skipped, 927 failed | Variants: 5 created, 0 failed | Time: 4581.4s
2026-01-22 12:10:03,916 - INFO - Progress: Products: 1 created, 45347 skipped, 927 failed | Variants: 5 created, 0 failed | Time: 4584.8s
2026-01-22 12:10:06,595 - INFO - Progress: Products: 1 created, 45372 skipped, 927 failed | Variants: 5 created, 0 failed | Time: 4587.5s
2026-01-22 12:10:09,227 - INFO - Progress: Products: 1 created, 45397 skipped, 927 failed | Variants: 5 created, 0 failed | Time: 4590.1s
2026-01-22 12:10:12,009 - INFO - Progress: Products: 1 created, 45422 skipped, 927 failed | Variants: 5 created, 0 failed | Time: 4592.9s
2026-01-22 12:10:14,627 - INFO - Progress: Products: 1 created, 45447 skipped, 927 failed | Variants: 5 created, 0 failed | Time: 4595.5s
2026-01-22 12:10:17,317 - INFO - Progress: Products: 1 created, 45472 skipped, 927 failed | Variants: 5 created, 0 failed | Time: 4598.2s
2026-01-22 12:10:19,920 - INFO - Progress: Products: 1 created, 45497 skipped, 927 failed | Variants: 5 created, 0 failed | Time: 4600.8s
2026-01-22 12:10:22,510 - INFO - Progress: Products: 1 created, 45522 skipped, 927 failed | Variants: 5 created, 0 failed | Time: 4603.4s
2026-01-22 12:10:25,014 - INFO - Progress: Products: 1 created, 45547 skipped, 927 failed | Variants: 5 created, 0 failed | Time: 4605.9s
2026-01-22 12:10:27,619 - INFO - Progress: Products: 1 created, 45571 skipped, 928 failed | Variants: 5 created, 0 failed | Time: 4608.5s
2026-01-22 12:10:30,083 - INFO - Progress: Products: 1 created, 45596 skipped, 928 failed | Variants: 5 created, 0 failed | Time: 4611.0s
2026-01-22 12:10:32,604 - INFO - Progress: Products: 1 created, 45620 skipped, 929 failed | Variants: 5 created, 0 failed | Time: 4613.5s
2026-01-22 12:10:35,048 - INFO - Progress: Products: 1 created, 45645 skipped, 929 failed | Variants: 5 created, 0 failed | Time: 4615.9s
2026-01-22 12:10:37,518 - INFO - Progress: Products: 1 created, 45670 skipped, 929 failed | Variants: 5 created, 0 failed | Time: 4618.4s
2026-01-22 12:10:40,012 - INFO - Progress: Products: 1 created, 45694 skipped, 930 failed | Variants: 5 created, 0 failed | Time: 4620.9s
2026-01-22 12:10:42,702 - INFO - Progress: Products: 1 created, 45718 skipped, 931 failed | Variants: 5 created, 0 failed | Time: 4623.6s
2026-01-22 12:10:45,130 - INFO - Progress: Products: 1 created, 45742 skipped, 932 failed | Variants: 5 created, 0 failed | Time: 4626.0s
2026-01-22 12:10:47,578 - INFO - Progress: Products: 1 created, 45766 skipped, 933 failed | Variants: 5 created, 0 failed | Time: 4628.5s
2026-01-22 12:10:49,998 - INFO - Progress: Products: 1 created, 45791 skipped, 933 failed | Variants: 5 created, 0 failed | Time: 4630.9s
2026-01-22 12:10:52,415 - INFO - Progress: Products: 1 created, 45816 skipped, 933 failed | Variants: 5 created, 0 failed | Time: 4633.3s
2026-01-22 12:10:54,794 - INFO - Progress: Products: 1 created, 45839 skipped, 935 failed | Variants: 5 created, 0 failed | Time: 4635.7s
2026-01-22 12:10:57,123 - INFO - Progress: Products: 1 created, 45864 skipped, 935 failed | Variants: 5 created, 0 failed | Time: 4638.0s
2026-01-22 12:10:59,533 - INFO - Progress: Products: 1 created, 45889 skipped, 935 failed | Variants: 5 created, 0 failed | Time: 4640.4s
2026-01-22 12:11:02,705 - INFO - Progress: Products: 1 created, 45914 skipped, 935 failed | Variants: 5 created, 0 failed | Time: 4643.6s
2026-01-22 12:11:05,708 - INFO - Progress: Products: 1 created, 45939 skipped, 935 failed | Variants: 5 created, 0 failed | Time: 4646.6s
2026-01-22 12:11:08,251 - INFO - Progress: Products: 1 created, 45963 skipped, 936 failed | Variants: 5 created, 0 failed | Time: 4649.1s
2026-01-22 12:11:10,699 - INFO - Progress: Products: 1 created, 45987 skipped, 937 failed | Variants: 5 created, 0 failed | Time: 4651.6s
2026-01-22 12:11:13,383 - INFO - Progress: Products: 1 created, 46011 skipped, 938 failed | Variants: 5 created, 0 failed | Time: 4654.3s
2026-01-22 12:11:15,809 - INFO - Progress: Products: 1 created, 46035 skipped, 939 failed | Variants: 5 created, 0 failed | Time: 4656.7s
2026-01-22 12:11:18,197 - INFO - Progress: Products: 1 created, 46060 skipped, 939 failed | Variants: 5 created, 0 failed | Time: 4659.1s
2026-01-22 12:11:20,791 - INFO - Progress: Products: 1 created, 46085 skipped, 939 failed | Variants: 5 created, 0 failed | Time: 4661.7s
2026-01-22 12:11:23,207 - INFO - Progress: Products: 1 created, 46110 skipped, 939 failed | Variants: 5 created, 0 failed | Time: 4664.1s
2026-01-22 12:11:26,898 - INFO - Progress: Products: 1 created, 46135 skipped, 939 failed | Variants: 5 created, 0 failed | Time: 4667.8s
2026-01-22 12:11:31,782 - INFO - Progress: Products: 1 created, 46160 skipped, 939 failed | Variants: 5 created, 0 failed | Time: 4672.7s
2026-01-22 12:11:36,496 - INFO - Progress: Products: 1 created, 46184 skipped, 940 failed | Variants: 5 created, 0 failed | Time: 4677.4s
2026-01-22 12:11:41,582 - INFO - Progress: Products: 1 created, 46208 skipped, 941 failed | Variants: 5 created, 0 failed | Time: 4682.5s
2026-01-22 12:11:46,603 - INFO - Progress: Products: 1 created, 46233 skipped, 941 failed | Variants: 5 created, 0 failed | Time: 4687.5s
2026-01-22 12:11:51,211 - INFO - Progress: Products: 1 created, 46258 skipped, 941 failed | Variants: 5 created, 0 failed | Time: 4692.1s
2026-01-22 12:11:53,618 - INFO - Progress: Products: 1 created, 46282 skipped, 942 failed | Variants: 5 created, 0 failed | Time: 4694.5s
2026-01-22 12:11:56,025 - INFO - Progress: Products: 1 created, 46307 skipped, 942 failed | Variants: 5 created, 0 failed | Time: 4696.9s
2026-01-22 12:11:58,442 - INFO - Progress: Products: 1 created, 46332 skipped, 942 failed | Variants: 5 created, 0 failed | Time: 4699.3s
2026-01-22 12:12:00,988 - INFO - Progress: Products: 1 created, 46357 skipped, 942 failed | Variants: 5 created, 0 failed | Time: 4701.9s
2026-01-22 12:12:04,346 - INFO - Progress: Products: 1 created, 46382 skipped, 942 failed | Variants: 5 created, 0 failed | Time: 4705.2s
2026-01-22 12:12:07,010 - INFO - Progress: Products: 1 created, 46407 skipped, 942 failed | Variants: 5 created, 0 failed | Time: 4707.9s
2026-01-22 12:12:09,492 - INFO - Progress: Products: 1 created, 46431 skipped, 943 failed | Variants: 5 created, 0 failed | Time: 4710.4s
2026-01-22 12:12:12,335 - INFO - Progress: Products: 1 created, 46455 skipped, 944 failed | Variants: 5 created, 0 failed | Time: 4713.2s
2026-01-22 12:12:14,880 - INFO - Progress: Products: 1 created, 46480 skipped, 944 failed | Variants: 5 created, 0 failed | Time: 4715.8s
2026-01-22 12:12:17,239 - INFO - Progress: Products: 1 created, 46505 skipped, 944 failed | Variants: 5 created, 0 failed | Time: 4718.1s
2026-01-22 12:12:19,730 - INFO - Progress: Products: 1 created, 46530 skipped, 944 failed | Variants: 5 created, 0 failed | Time: 4720.6s
2026-01-22 12:12:22,202 - INFO - Progress: Products: 1 created, 46554 skipped, 945 failed | Variants: 5 created, 0 failed | Time: 4723.1s
2026-01-22 12:12:24,616 - INFO - Progress: Products: 1 created, 46579 skipped, 945 failed | Variants: 5 created, 0 failed | Time: 4725.5s
2026-01-22 12:12:27,008 - INFO - Progress: Products: 1 created, 46604 skipped, 945 failed | Variants: 5 created, 0 failed | Time: 4727.9s
2026-01-22 12:12:29,421 - INFO - Progress: Products: 1 created, 46628 skipped, 946 failed | Variants: 5 created, 0 failed | Time: 4730.3s
2026-01-22 12:12:31,908 - INFO - Progress: Products: 1 created, 46651 skipped, 948 failed | Variants: 5 created, 0 failed | Time: 4732.8s
2026-01-22 12:12:34,316 - INFO - Progress: Products: 1 created, 46676 skipped, 948 failed | Variants: 5 created, 0 failed | Time: 4735.2s
2026-01-22 12:12:36,708 - INFO - Progress: Products: 1 created, 46700 skipped, 949 failed | Variants: 5 created, 0 failed | Time: 4737.6s
2026-01-22 12:12:39,096 - INFO - Progress: Products: 1 created, 46725 skipped, 949 failed | Variants: 5 created, 0 failed | Time: 4740.0s
2026-01-22 12:12:41,750 - INFO - Progress: Products: 1 created, 46750 skipped, 949 failed | Variants: 5 created, 0 failed | Time: 4742.6s
2026-01-22 12:12:44,207 - INFO - Progress: Products: 1 created, 46775 skipped, 949 failed | Variants: 5 created, 0 failed | Time: 4745.1s
2026-01-22 12:12:46,637 - INFO - Progress: Products: 1 created, 46800 skipped, 949 failed | Variants: 5 created, 0 failed | Time: 4747.5s
2026-01-22 12:12:48,999 - INFO - Progress: Products: 1 created, 46825 skipped, 949 failed | Variants: 5 created, 0 failed | Time: 4749.9s
2026-01-22 12:12:51,446 - INFO - Progress: Products: 1 created, 46850 skipped, 949 failed | Variants: 5 created, 0 failed | Time: 4752.3s
2026-01-22 12:12:53,911 - INFO - Progress: Products: 1 created, 46875 skipped, 949 failed | Variants: 5 created, 0 failed | Time: 4754.8s
2026-01-22 12:12:56,482 - INFO - Progress: Products: 1 created, 46900 skipped, 949 failed | Variants: 5 created, 0 failed | Time: 4757.4s
2026-01-22 12:12:59,052 - INFO - Progress: Products: 1 created, 46925 skipped, 949 failed | Variants: 5 created, 0 failed | Time: 4760.0s
2026-01-22 12:13:02,530 - INFO - Progress: Products: 1 created, 46949 skipped, 950 failed | Variants: 5 created, 0 failed | Time: 4763.4s
2026-01-22 12:13:05,533 - INFO - Progress: Products: 1 created, 46974 skipped, 950 failed | Variants: 5 created, 0 failed | Time: 4766.4s
2026-01-22 12:13:09,425 - INFO - Progress: Products: 1 created, 46999 skipped, 950 failed | Variants: 5 created, 0 failed | Time: 4770.3s
2026-01-22 12:13:12,193 - INFO - Progress: Products: 1 created, 47023 skipped, 951 failed | Variants: 5 created, 0 failed | Time: 4773.1s
2026-01-22 12:13:14,609 - INFO - Progress: Products: 1 created, 47048 skipped, 951 failed | Variants: 5 created, 0 failed | Time: 4775.5s
2026-01-22 12:13:17,007 - INFO - Progress: Products: 1 created, 47072 skipped, 952 failed | Variants: 5 created, 0 failed | Time: 4777.9s
2026-01-22 12:13:19,389 - INFO - Progress: Products: 1 created, 47096 skipped, 953 failed | Variants: 5 created, 0 failed | Time: 4780.3s
2026-01-22 12:13:21,902 - INFO - Progress: Products: 1 created, 47121 skipped, 953 failed | Variants: 5 created, 0 failed | Time: 4782.8s
2026-01-22 12:13:24,378 - INFO - Progress: Products: 1 created, 47146 skipped, 953 failed | Variants: 5 created, 0 failed | Time: 4785.3s
2026-01-22 12:13:27,786 - INFO - Progress: Products: 1 created, 47171 skipped, 953 failed | Variants: 5 created, 0 failed | Time: 4788.7s
2026-01-22 12:13:30,241 - INFO - Progress: Products: 1 created, 47196 skipped, 953 failed | Variants: 5 created, 0 failed | Time: 4791.1s
2026-01-22 12:13:32,725 - INFO - Progress: Products: 1 created, 47220 skipped, 954 failed | Variants: 5 created, 0 failed | Time: 4793.6s
2026-01-22 12:13:35,219 - INFO - Progress: Products: 1 created, 47245 skipped, 954 failed | Variants: 5 created, 0 failed | Time: 4796.1s
2026-01-22 12:13:41,886 - INFO - Progress: Products: 2 created, 47268 skipped, 955 failed | Variants: 15 created, 0 failed | Time: 4802.8s
2026-01-22 12:13:44,300 - INFO - Progress: Products: 2 created, 47292 skipped, 956 failed | Variants: 15 created, 0 failed | Time: 4805.2s
2026-01-22 12:13:46,787 - INFO - Progress: Products: 2 created, 47317 skipped, 956 failed | Variants: 15 created, 0 failed | Time: 4807.7s
2026-01-22 12:13:49,176 - INFO - Progress: Products: 2 created, 47341 skipped, 957 failed | Variants: 15 created, 0 failed | Time: 4810.1s
2026-01-22 12:13:51,594 - INFO - Progress: Products: 2 created, 47365 skipped, 958 failed | Variants: 15 created, 0 failed | Time: 4812.5s
2026-01-22 12:13:53,994 - INFO - Progress: Products: 2 created, 47390 skipped, 958 failed | Variants: 15 created, 0 failed | Time: 4814.9s
2026-01-22 12:13:56,582 - INFO - Progress: Products: 2 created, 47414 skipped, 959 failed | Variants: 15 created, 0 failed | Time: 4817.5s
2026-01-22 12:14:00,270 - INFO - Progress: Products: 2 created, 47439 skipped, 959 failed | Variants: 15 created, 0 failed | Time: 4821.2s
2026-01-22 12:14:03,397 - INFO - Progress: Products: 2 created, 47463 skipped, 960 failed | Variants: 15 created, 0 failed | Time: 4824.3s
2026-01-22 12:14:05,911 - INFO - Progress: Products: 2 created, 47486 skipped, 962 failed | Variants: 15 created, 0 failed | Time: 4826.8s
2026-01-22 12:14:08,479 - INFO - Progress: Products: 2 created, 47511 skipped, 962 failed | Variants: 15 created, 0 failed | Time: 4829.4s
2026-01-22 12:14:10,978 - INFO - Progress: Products: 2 created, 47535 skipped, 963 failed | Variants: 15 created, 0 failed | Time: 4831.9s
2026-01-22 12:14:13,589 - INFO - Progress: Products: 2 created, 47560 skipped, 963 failed | Variants: 15 created, 0 failed | Time: 4834.5s
2026-01-22 12:14:16,088 - INFO - Progress: Products: 2 created, 47584 skipped, 964 failed | Variants: 15 created, 0 failed | Time: 4837.0s
2026-01-22 12:14:19,805 - INFO - Progress: Products: 2 created, 47608 skipped, 965 failed | Variants: 15 created, 0 failed | Time: 4840.7s
2026-01-22 12:14:22,308 - INFO - Progress: Products: 2 created, 47633 skipped, 965 failed | Variants: 15 created, 0 failed | Time: 4843.2s
2026-01-22 12:14:24,820 - INFO - Progress: Products: 2 created, 47658 skipped, 965 failed | Variants: 15 created, 0 failed | Time: 4845.7s
2026-01-22 12:14:27,412 - INFO - Progress: Products: 2 created, 47683 skipped, 965 failed | Variants: 15 created, 0 failed | Time: 4848.3s
2026-01-22 12:14:29,896 - INFO - Progress: Products: 2 created, 47707 skipped, 966 failed | Variants: 15 created, 0 failed | Time: 4850.8s
2026-01-22 12:14:32,235 - INFO - Progress: Products: 2 created, 47731 skipped, 967 failed | Variants: 15 created, 0 failed | Time: 4853.1s
2026-01-22 12:14:34,590 - INFO - Progress: Products: 2 created, 47756 skipped, 967 failed | Variants: 15 created, 0 failed | Time: 4855.5s
2026-01-22 12:14:37,024 - INFO - Progress: Products: 2 created, 47779 skipped, 969 failed | Variants: 15 created, 0 failed | Time: 4857.9s
2026-01-22 12:14:39,420 - INFO - Progress: Products: 2 created, 47804 skipped, 969 failed | Variants: 15 created, 0 failed | Time: 4860.3s
2026-01-22 12:14:42,196 - INFO - Progress: Products: 2 created, 47829 skipped, 969 failed | Variants: 15 created, 0 failed | Time: 4863.1s
2026-01-22 12:14:44,792 - INFO - Progress: Products: 2 created, 47852 skipped, 971 failed | Variants: 15 created, 0 failed | Time: 4865.7s
2026-01-22 12:14:47,331 - INFO - Progress: Products: 2 created, 47877 skipped, 971 failed | Variants: 15 created, 0 failed | Time: 4868.2s
2026-01-22 12:14:49,812 - INFO - Progress: Products: 2 created, 47902 skipped, 971 failed | Variants: 15 created, 0 failed | Time: 4870.7s
2026-01-22 12:14:52,313 - INFO - Progress: Products: 2 created, 47926 skipped, 972 failed | Variants: 15 created, 0 failed | Time: 4873.2s
2026-01-22 12:14:54,714 - INFO - Progress: Products: 2 created, 47951 skipped, 972 failed | Variants: 15 created, 0 failed | Time: 4875.6s
2026-01-22 12:14:57,218 - INFO - Progress: Products: 2 created, 47976 skipped, 972 failed | Variants: 15 created, 0 failed | Time: 4878.1s
2026-01-22 12:14:59,779 - INFO - Progress: Products: 2 created, 48001 skipped, 972 failed | Variants: 15 created, 0 failed | Time: 4880.7s
2026-01-22 12:15:03,622 - INFO - Progress: Products: 2 created, 48026 skipped, 972 failed | Variants: 15 created, 0 failed | Time: 4884.5s
2026-01-22 12:15:06,423 - INFO - Progress: Products: 2 created, 48051 skipped, 972 failed | Variants: 15 created, 0 failed | Time: 4887.3s
2026-01-22 12:15:09,031 - INFO - Progress: Products: 2 created, 48076 skipped, 972 failed | Variants: 15 created, 0 failed | Time: 4889.9s
2026-01-22 12:15:11,877 - INFO - Progress: Products: 2 created, 48101 skipped, 972 failed | Variants: 15 created, 0 failed | Time: 4892.8s
2026-01-22 12:15:14,416 - INFO - Progress: Products: 2 created, 48126 skipped, 972 failed | Variants: 15 created, 0 failed | Time: 4895.3s
2026-01-22 12:15:16,901 - INFO - Progress: Products: 2 created, 48151 skipped, 972 failed | Variants: 15 created, 0 failed | Time: 4897.8s
2026-01-22 12:15:19,396 - INFO - Progress: Products: 2 created, 48176 skipped, 972 failed | Variants: 15 created, 0 failed | Time: 4900.3s
2026-01-22 12:15:22,020 - INFO - Progress: Products: 2 created, 48201 skipped, 972 failed | Variants: 15 created, 0 failed | Time: 4902.9s
2026-01-22 12:15:24,698 - INFO - Progress: Products: 2 created, 48226 skipped, 972 failed | Variants: 15 created, 0 failed | Time: 4905.6s
2026-01-22 12:15:27,529 - INFO - Progress: Products: 2 created, 48250 skipped, 973 failed | Variants: 15 created, 0 failed | Time: 4908.4s
2026-01-22 12:15:30,217 - INFO - Progress: Products: 2 created, 48275 skipped, 973 failed | Variants: 15 created, 0 failed | Time: 4911.1s
2026-01-22 12:15:32,939 - INFO - Progress: Products: 2 created, 48300 skipped, 973 failed | Variants: 15 created, 0 failed | Time: 4913.8s
2026-01-22 12:15:35,429 - INFO - Progress: Products: 2 created, 48325 skipped, 973 failed | Variants: 15 created, 0 failed | Time: 4916.3s
2026-01-22 12:15:38,002 - INFO - Progress: Products: 2 created, 48350 skipped, 973 failed | Variants: 15 created, 0 failed | Time: 4918.9s
2026-01-22 12:15:40,501 - INFO - Progress: Products: 2 created, 48375 skipped, 973 failed | Variants: 15 created, 0 failed | Time: 4921.4s
2026-01-22 12:15:43,294 - INFO - Progress: Products: 2 created, 48400 skipped, 973 failed | Variants: 15 created, 0 failed | Time: 4924.2s
2026-01-22 12:15:45,818 - INFO - Progress: Products: 2 created, 48425 skipped, 973 failed | Variants: 15 created, 0 failed | Time: 4926.7s
2026-01-22 12:15:48,415 - INFO - Progress: Products: 2 created, 48449 skipped, 974 failed | Variants: 15 created, 0 failed | Time: 4929.3s
2026-01-22 12:15:50,982 - INFO - Progress: Products: 2 created, 48474 skipped, 974 failed | Variants: 15 created, 0 failed | Time: 4931.9s
2026-01-22 12:15:53,518 - INFO - Progress: Products: 2 created, 48499 skipped, 974 failed | Variants: 15 created, 0 failed | Time: 4934.4s
2026-01-22 12:15:56,091 - INFO - Progress: Products: 2 created, 48523 skipped, 975 failed | Variants: 15 created, 0 failed | Time: 4937.0s
2026-01-22 12:15:58,609 - INFO - Progress: Products: 2 created, 48548 skipped, 975 failed | Variants: 15 created, 0 failed | Time: 4939.5s
2026-01-22 12:16:01,553 - INFO - Progress: Products: 2 created, 48572 skipped, 976 failed | Variants: 15 created, 0 failed | Time: 4942.5s
2026-01-22 12:16:05,180 - INFO - Progress: Products: 2 created, 48597 skipped, 976 failed | Variants: 15 created, 0 failed | Time: 4946.1s
2026-01-22 12:16:07,922 - INFO - Progress: Products: 2 created, 48622 skipped, 976 failed | Variants: 15 created, 0 failed | Time: 4948.8s
2026-01-22 12:16:10,488 - INFO - Progress: Products: 2 created, 48646 skipped, 977 failed | Variants: 15 created, 0 failed | Time: 4951.4s
2026-01-22 12:16:13,301 - INFO - Progress: Products: 2 created, 48671 skipped, 977 failed | Variants: 15 created, 0 failed | Time: 4954.2s
2026-01-22 12:16:15,689 - INFO - Progress: Products: 2 created, 48696 skipped, 977 failed | Variants: 15 created, 0 failed | Time: 4956.6s
2026-01-22 12:16:18,328 - INFO - Progress: Products: 2 created, 48720 skipped, 978 failed | Variants: 15 created, 0 failed | Time: 4959.2s
2026-01-22 12:16:20,884 - INFO - Progress: Products: 2 created, 48745 skipped, 978 failed | Variants: 15 created, 0 failed | Time: 4961.8s
2026-01-22 12:16:23,427 - INFO - Progress: Products: 2 created, 48769 skipped, 979 failed | Variants: 15 created, 0 failed | Time: 4964.3s
2026-01-22 12:16:26,003 - INFO - Progress: Products: 2 created, 48792 skipped, 981 failed | Variants: 15 created, 0 failed | Time: 4966.9s
2026-01-22 12:16:28,501 - INFO - Progress: Products: 2 created, 48816 skipped, 982 failed | Variants: 15 created, 0 failed | Time: 4969.4s
2026-01-22 12:16:30,910 - INFO - Progress: Products: 2 created, 48841 skipped, 982 failed | Variants: 15 created, 0 failed | Time: 4971.8s
2026-01-22 12:16:33,432 - INFO - Progress: Products: 2 created, 48865 skipped, 983 failed | Variants: 15 created, 0 failed | Time: 4974.3s
2026-01-22 12:16:35,917 - INFO - Progress: Products: 2 created, 48889 skipped, 984 failed | Variants: 15 created, 0 failed | Time: 4976.8s
2026-01-22 12:16:38,402 - INFO - Progress: Products: 2 created, 48913 skipped, 985 failed | Variants: 15 created, 0 failed | Time: 4979.3s
2026-01-22 12:16:40,814 - INFO - Progress: Products: 2 created, 48938 skipped, 985 failed | Variants: 15 created, 0 failed | Time: 4981.7s
2026-01-22 12:16:43,500 - INFO - Progress: Products: 2 created, 48961 skipped, 987 failed | Variants: 15 created, 0 failed | Time: 4984.4s
2026-01-22 12:16:46,025 - INFO - Progress: Products: 2 created, 48986 skipped, 987 failed | Variants: 15 created, 0 failed | Time: 4986.9s
2026-01-22 12:16:48,517 - INFO - Progress: Products: 2 created, 49011 skipped, 987 failed | Variants: 15 created, 0 failed | Time: 4989.4s
2026-01-22 12:16:51,003 - INFO - Progress: Products: 2 created, 49035 skipped, 988 failed | Variants: 15 created, 0 failed | Time: 4991.9s
2026-01-22 12:16:53,436 - INFO - Progress: Products: 2 created, 49060 skipped, 988 failed | Variants: 15 created, 0 failed | Time: 4994.3s
2026-01-22 12:16:55,881 - INFO - Progress: Products: 2 created, 49085 skipped, 988 failed | Variants: 15 created, 0 failed | Time: 4996.8s
2026-01-22 12:16:58,283 - INFO - Progress: Products: 2 created, 49109 skipped, 989 failed | Variants: 15 created, 0 failed | Time: 4999.2s
2026-01-22 12:17:00,802 - INFO - Progress: Products: 2 created, 49134 skipped, 989 failed | Variants: 15 created, 0 failed | Time: 5001.7s
2026-01-22 12:17:03,788 - INFO - Progress: Products: 2 created, 49158 skipped, 990 failed | Variants: 15 created, 0 failed | Time: 5004.7s
2026-01-22 12:17:06,508 - INFO - Progress: Products: 2 created, 49182 skipped, 991 failed | Variants: 15 created, 0 failed | Time: 5007.4s
2026-01-22 12:17:08,998 - INFO - Progress: Products: 2 created, 49206 skipped, 992 failed | Variants: 15 created, 0 failed | Time: 5009.9s
2026-01-22 12:17:11,690 - INFO - Progress: Products: 2 created, 49230 skipped, 993 failed | Variants: 15 created, 0 failed | Time: 5012.6s
2026-01-22 12:17:14,220 - INFO - Progress: Products: 2 created, 49255 skipped, 993 failed | Variants: 15 created, 0 failed | Time: 5015.1s
2026-01-22 12:17:16,709 - INFO - Progress: Products: 2 created, 49279 skipped, 994 failed | Variants: 15 created, 0 failed | Time: 5017.6s
2026-01-22 12:17:19,244 - INFO - Progress: Products: 2 created, 49303 skipped, 995 failed | Variants: 15 created, 0 failed | Time: 5020.1s
2026-01-22 12:17:21,709 - INFO - Progress: Products: 2 created, 49328 skipped, 995 failed | Variants: 15 created, 0 failed | Time: 5022.6s
2026-01-22 12:17:24,209 - INFO - Progress: Products: 2 created, 49353 skipped, 995 failed | Variants: 15 created, 0 failed | Time: 5025.1s
2026-01-22 12:17:26,692 - INFO - Progress: Products: 2 created, 49378 skipped, 995 failed | Variants: 15 created, 0 failed | Time: 5027.6s
2026-01-22 12:17:29,151 - INFO - Progress: Products: 2 created, 49401 skipped, 997 failed | Variants: 15 created, 0 failed | Time: 5030.1s
2026-01-22 12:17:31,789 - INFO - Progress: Products: 2 created, 49423 skipped, 1000 failed | Variants: 15 created, 0 failed | Time: 5032.7s
2026-01-22 12:17:34,309 - INFO - Progress: Products: 2 created, 49447 skipped, 1001 failed | Variants: 15 created, 0 failed | Time: 5035.2s
2026-01-22 12:17:36,910 - INFO - Progress: Products: 2 created, 49472 skipped, 1001 failed | Variants: 15 created, 0 failed | Time: 5037.8s
2026-01-22 12:17:39,499 - INFO - Progress: Products: 2 created, 49496 skipped, 1002 failed | Variants: 15 created, 0 failed | Time: 5040.4s
2026-01-22 12:17:42,270 - INFO - Progress: Products: 2 created, 49520 skipped, 1003 failed | Variants: 15 created, 0 failed | Time: 5043.2s
2026-01-22 12:17:44,612 - INFO - Progress: Products: 2 created, 49545 skipped, 1003 failed | Variants: 15 created, 0 failed | Time: 5045.5s
2026-01-22 12:17:47,101 - INFO - Progress: Products: 2 created, 49570 skipped, 1003 failed | Variants: 15 created, 0 failed | Time: 5048.0s
2026-01-22 12:17:49,500 - INFO - Progress: Products: 2 created, 49594 skipped, 1004 failed | Variants: 15 created, 0 failed | Time: 5050.4s
2026-01-22 12:17:51,906 - INFO - Progress: Products: 2 created, 49619 skipped, 1004 failed | Variants: 15 created, 0 failed | Time: 5052.8s
2026-01-22 12:17:54,401 - INFO - Progress: Products: 2 created, 49644 skipped, 1004 failed | Variants: 15 created, 0 failed | Time: 5055.3s
2026-01-22 12:17:56,908 - INFO - Progress: Products: 2 created, 49668 skipped, 1005 failed | Variants: 15 created, 0 failed | Time: 5057.8s
2026-01-22 12:17:59,400 - INFO - Progress: Products: 2 created, 49693 skipped, 1005 failed | Variants: 15 created, 0 failed | Time: 5060.3s
2026-01-22 12:18:02,388 - INFO - Progress: Products: 2 created, 49718 skipped, 1005 failed | Variants: 15 created, 0 failed | Time: 5063.3s
2026-01-22 12:18:05,720 - INFO - Progress: Products: 2 created, 49743 skipped, 1005 failed | Variants: 15 created, 0 failed | Time: 5066.6s
2026-01-22 12:18:08,330 - INFO - Progress: Products: 2 created, 49768 skipped, 1005 failed | Variants: 15 created, 0 failed | Time: 5069.2s
2026-01-22 12:18:11,101 - INFO - Progress: Products: 2 created, 49793 skipped, 1005 failed | Variants: 15 created, 0 failed | Time: 5072.0s
2026-01-22 12:18:13,756 - INFO - Progress: Products: 2 created, 49818 skipped, 1005 failed | Variants: 15 created, 0 failed | Time: 5074.7s
2026-01-22 12:18:16,139 - INFO - Progress: Products: 2 created, 49843 skipped, 1005 failed | Variants: 15 created, 0 failed | Time: 5077.0s
2026-01-22 12:18:18,636 - INFO - Progress: Products: 2 created, 49867 skipped, 1006 failed | Variants: 15 created, 0 failed | Time: 5079.5s
2026-01-22 12:18:21,008 - INFO - Progress: Products: 2 created, 49892 skipped, 1006 failed | Variants: 15 created, 0 failed | Time: 5081.9s
2026-01-22 12:18:23,336 - INFO - Progress: Products: 2 created, 49916 skipped, 1007 failed | Variants: 15 created, 0 failed | Time: 5084.2s
2026-01-22 12:18:25,794 - INFO - Progress: Products: 2 created, 49941 skipped, 1007 failed | Variants: 15 created, 0 failed | Time: 5086.7s
2026-01-22 12:18:28,246 - INFO - Progress: Products: 2 created, 49965 skipped, 1008 failed | Variants: 15 created, 0 failed | Time: 5089.1s
2026-01-22 12:18:30,712 - INFO - Progress: Products: 2 created, 49990 skipped, 1008 failed | Variants: 15 created, 0 failed | Time: 5091.6s

Batch 1820/3783 (cards 45476-45500)

Batch 1821/3783 (cards 45501-45525)

Batch 1822/3783 (cards 45526-45550)

Batch 1823/3783 (cards 45551-45575)

Batch 1824/3783 (cards 45576-45600)

Batch 1825/3783 (cards 45601-45625)

Batch 1826/3783 (cards 45626-45650)

Batch 1827/3783 (cards 45651-45675)

Batch 1828/3783 (cards 45676-45700)

Batch 1829/3783 (cards 45701-45725)

Batch 1830/3783 (cards 45726-45750)

Batch 1831/3783 (cards 45751-45775)

Batch 1832/3783 (cards 45776-45800)

Batch 1833/3783 (cards 45801-45825)

Batch 1834/3783 (cards 45826-45850)

Batch 1835/3783 (cards 45851-45875)

Batch 1836/3783 (cards 45876-45900)

Batch 1837/3783 (cards 45901-45925)

Batch 1838/3783 (cards 45926-45950)

Batch 1839/3783 (cards 45951-45975)

Batch 1840/3783 (cards 45976-46000)

Batch 1841/3783 (cards 46001-46025)

Batch 1842/3783 (cards 46026-46050)

Batch 1843/3783 (cards 46051-46075)

Batch 1844/3783 (cards 46076-46100)

Batch 1845/3783 (cards 46101-46125)

Batch 1846/3783 (cards 46126-46150)

Batch 1847/3783 (cards 46151-46175)

Batch 1848/3783 (cards 46176-46200)

Batch 1849/3783 (cards 46201-46225)

Batch 1850/3783 (cards 46226-46250)

Batch 1851/3783 (cards 46251-46275)

Batch 1852/3783 (cards 46276-46300)

Batch 1853/3783 (cards 46301-46325)

Batch 1854/3783 (cards 46326-46350)

Batch 1855/3783 (cards 46351-46375)

Batch 1856/3783 (cards 46376-46400)

Batch 1857/3783 (cards 46401-46425)

Batch 1858/3783 (cards 46426-46450)

Batch 1859/3783 (cards 46451-46475)

Batch 1860/3783 (cards 46476-46500)

Batch 1861/3783 (cards 46501-46525)

Batch 1862/3783 (cards 46526-46550)

Batch 1863/3783 (cards 46551-46575)

Batch 1864/3783 (cards 46576-46600)

Batch 1865/3783 (cards 46601-46625)

Batch 1866/3783 (cards 46626-46650)

Batch 1867/3783 (cards 46651-46675)

Batch 1868/3783 (cards 46676-46700)

Batch 1869/3783 (cards 46701-46725)

Batch 1870/3783 (cards 46726-46750)

Batch 1871/3783 (cards 46751-46775)

Batch 1872/3783 (cards 46776-46800)

Batch 1873/3783 (cards 46801-46825)

Batch 1874/3783 (cards 46826-46850)

Batch 1875/3783 (cards 46851-46875)

Batch 1876/3783 (cards 46876-46900)

Batch 1877/3783 (cards 46901-46925)

Batch 1878/3783 (cards 46926-46950)

Batch 1879/3783 (cards 46951-46975)

Batch 1880/3783 (cards 46976-47000)

Batch 1881/3783 (cards 47001-47025)

Batch 1882/3783 (cards 47026-47050)

Batch 1883/3783 (cards 47051-47075)

Batch 1884/3783 (cards 47076-47100)

Batch 1885/3783 (cards 47101-47125)

Batch 1886/3783 (cards 47126-47150)

Batch 1887/3783 (cards 47151-47175)

Batch 1888/3783 (cards 47176-47200)

Batch 1889/3783 (cards 47201-47225)

Batch 1890/3783 (cards 47226-47250)

Batch 1891/3783 (cards 47251-47275)

Batch 1892/3783 (cards 47276-47300)

Batch 1893/3783 (cards 47301-47325)

Batch 1894/3783 (cards 47326-47350)

Batch 1895/3783 (cards 47351-47375)

Batch 1896/3783 (cards 47376-47400)

Batch 1897/3783 (cards 47401-47425)

Batch 1898/3783 (cards 47426-47450)

Batch 1899/3783 (cards 47451-47475)

Batch 1900/3783 (cards 47476-47500)

Batch 1901/3783 (cards 47501-47525)

Batch 1902/3783 (cards 47526-47550)

Batch 1903/3783 (cards 47551-47575)

Batch 1904/3783 (cards 47576-47600)

Batch 1905/3783 (cards 47601-47625)

Batch 1906/3783 (cards 47626-47650)

Batch 1907/3783 (cards 47651-47675)

Batch 1908/3783 (cards 47676-47700)

Batch 1909/3783 (cards 47701-47725)

Batch 1910/3783 (cards 47726-47750)

Batch 1911/3783 (cards 47751-47775)

Batch 1912/3783 (cards 47776-47800)

Batch 1913/3783 (cards 47801-47825)

Batch 1914/3783 (cards 47826-47850)

Batch 1915/3783 (cards 47851-47875)

Batch 1916/3783 (cards 47876-47900)

Batch 1917/3783 (cards 47901-47925)

Batch 1918/3783 (cards 47926-47950)

Batch 1919/3783 (cards 47951-47975)

Batch 1920/3783 (cards 47976-48000)

Batch 1921/3783 (cards 48001-48025)

Batch 1922/3783 (cards 48026-48050)

Batch 1923/3783 (cards 48051-48075)

Batch 1924/3783 (cards 48076-48100)

Batch 1925/3783 (cards 48101-48125)

Batch 1926/3783 (cards 48126-48150)

Batch 1927/3783 (cards 48151-48175)

Batch 1928/3783 (cards 48176-48200)

Batch 1929/3783 (cards 48201-48225)

Batch 1930/3783 (cards 48226-48250)

Batch 1931/3783 (cards 48251-48275)

Batch 1932/3783 (cards 48276-48300)

Batch 1933/3783 (cards 48301-48325)

Batch 1934/3783 (cards 48326-48350)

Batch 1935/3783 (cards 48351-48375)

Batch 1936/3783 (cards 48376-48400)

Batch 1937/3783 (cards 48401-48425)

Batch 1938/3783 (cards 48426-48450)

Batch 1939/3783 (cards 48451-48475)

Batch 1940/3783 (cards 48476-48500)

Batch 1941/3783 (cards 48501-48525)

Batch 1942/3783 (cards 48526-48550)

Batch 1943/3783 (cards 48551-48575)

Batch 1944/3783 (cards 48576-48600)

Batch 1945/3783 (cards 48601-48625)

Batch 1946/3783 (cards 48626-48650)

Batch 1947/3783 (cards 48651-48675)

Batch 1948/3783 (cards 48676-48700)

Batch 1949/3783 (cards 48701-48725)

Batch 1950/3783 (cards 48726-48750)

Batch 1951/3783 (cards 48751-48775)

Batch 1952/3783 (cards 48776-48800)

Batch 1953/3783 (cards 48801-48825)

Batch 1954/3783 (cards 48826-48850)

Batch 1955/3783 (cards 48851-48875)

Batch 1956/3783 (cards 48876-48900)

Batch 1957/3783 (cards 48901-48925)

Batch 1958/3783 (cards 48926-48950)

Batch 1959/3783 (cards 48951-48975)

Batch 1960/3783 (cards 48976-49000)

Batch 1961/3783 (cards 49001-49025)

Batch 1962/3783 (cards 49026-49050)

Batch 1963/3783 (cards 49051-49075)

Batch 1964/3783 (cards 49076-49100)

Batch 1965/3783 (cards 49101-49125)

Batch 1966/3783 (cards 49126-49150)

Batch 1967/3783 (cards 49151-49175)

Batch 1968/3783 (cards 49176-49200)

Batch 1969/3783 (cards 49201-49225)

Batch 1970/3783 (cards 49226-49250)

Batch 1971/3783 (cards 49251-49275)

Batch 1972/3783 (cards 49276-49300)

Batch 1973/3783 (cards 49301-49325)

Batch 1974/3783 (cards 49326-49350)

Batch 1975/3783 (cards 49351-49375)

Batch 1976/3783 (cards 49376-49400)

Batch 1977/3783 (cards 49401-49425)

Batch 1978/3783 (cards 49426-49450)

Batch 1979/3783 (cards 49451-49475)

Batch 1980/3783 (cards 49476-49500)

Batch 1981/3783 (cards 49501-49525)

Batch 1982/3783 (cards 49526-49550)

Batch 1983/3783 (cards 49551-49575)

Batch 1984/3783 (cards 49576-49600)

Batch 1985/3783 (cards 49601-49625)

Batch 1986/3783 (cards 49626-49650)

Batch 1987/3783 (cards 49651-49675)

Batch 1988/3783 (cards 49676-49700)

Batch 1989/3783 (cards 49701-49725)

Batch 1990/3783 (cards 49726-49750)

Batch 1991/3783 (cards 49751-49775)

Batch 1992/3783 (cards 49776-49800)

Batch 1993/3783 (cards 49801-49825)

Batch 1994/3783 (cards 49826-49850)

Batch 1995/3783 (cards 49851-49875)

Batch 1996/3783 (cards 49876-49900)

Batch 1997/3783 (cards 49901-49925)

Batch 1998/3783 (cards 49926-49950)

Batch 1999/3783 (cards 49951-49975)

Batch 2000/3783 (cards 49976-50000)

Batch 2001/3783 (cards 50001-50025)

Batch 2002/3783 (cards 50026-50050)

Batch 2003/3783 (cards 50051-50075)

Batch 2004/3783 (cards 50076-50100)

Batch 2005/3783 (cards 50101-50125)

Batch 2006/3783 (cards 50126-50150)

Batch 2007/3783 (cards 50151-50175)

Batch 2008/3783 (cards 50176-50200)

Batch 2009/3783 (cards 50201-50225)

Batch 2010/3783 (cards 50226-50250)

Batch 2011/3783 (cards 50251-50275)

Batch 2012/3783 (cards 50276-50300)

Batch 2013/3783 (cards 50301-50325)

Batch 2014/3783 (cards 50326-50350)

Batch 2015/3783 (cards 50351-50375)

Batch 2016/3783 (cards 50376-50400)

Batch 2017/3783 (cards 50401-50425)

Batch 2018/3783 (cards 50426-50450)

Batch 2019/3783 (cards 50451-50475)

Batch 2020/3783 (cards 50476-50500)

Batch 2021/3783 (cards 50501-50525)

Batch 2022/3783 (cards 50526-50550)

Batch 2023/3783 (cards 50551-50575)

Batch 2024/3783 (cards 50576-50600)

Batch 2025/3783 (cards 50601-50625)

Batch 2026/3783 (cards 50626-50650)

Batch 2027/3783 (cards 50651-50675)

Batch 2028/3783 (cards 50676-50700)

Batch 2029/3783 (cards 50701-50725)

Batch 2030/3783 (cards 50726-50750)

Batch 2031/3783 (cards 50751-50775)

Batch 2032/3783 (cards 50776-50800)

Batch 2033/3783 (cards 50801-50825)

Batch 2034/3783 (cards 50826-50850)

Batch 2035/3783 (cards 50851-50875)

Batch 2036/3783 (cards 50876-50900)

Batch 2037/3783 (cards 50901-50925)

Batch 2038/3783 (cards 50926-50950)

Batch 2039/3783 (cards 50951-50975)

Batch 2040/3783 (cards 50976-51000)
2026-01-22 12:18:33,208 - INFO - Progress: Products: 2 created, 50015 skipped, 1008 failed | Variants: 15 created, 0 failed | Time: 5094.1s
2026-01-22 12:18:35,716 - INFO - Progress: Products: 2 created, 50038 skipped, 1010 failed | Variants: 15 created, 0 failed | Time: 5096.6s
2026-01-22 12:18:38,208 - INFO - Progress: Products: 2 created, 50063 skipped, 1010 failed | Variants: 15 created, 0 failed | Time: 5099.1s
2026-01-22 12:18:41,198 - INFO - Progress: Products: 2 created, 50088 skipped, 1010 failed | Variants: 15 created, 0 failed | Time: 5102.1s
2026-01-22 12:18:43,900 - INFO - Progress: Products: 2 created, 50113 skipped, 1010 failed | Variants: 15 created, 0 failed | Time: 5104.8s
2026-01-22 12:18:46,618 - INFO - Progress: Products: 2 created, 50138 skipped, 1010 failed | Variants: 15 created, 0 failed | Time: 5107.5s
2026-01-22 12:18:49,334 - INFO - Progress: Products: 2 created, 50163 skipped, 1010 failed | Variants: 15 created, 0 failed | Time: 5110.2s
2026-01-22 12:18:51,904 - INFO - Progress: Products: 2 created, 50186 skipped, 1012 failed | Variants: 15 created, 0 failed | Time: 5112.8s
2026-01-22 12:18:54,341 - INFO - Progress: Products: 2 created, 50211 skipped, 1012 failed | Variants: 15 created, 0 failed | Time: 5115.2s
2026-01-22 12:18:57,101 - INFO - Progress: Products: 2 created, 50236 skipped, 1012 failed | Variants: 15 created, 0 failed | Time: 5118.0s
2026-01-22 12:18:59,596 - INFO - Progress: Products: 2 created, 50260 skipped, 1013 failed | Variants: 15 created, 0 failed | Time: 5120.5s
2026-01-22 12:19:02,637 - INFO - Progress: Products: 2 created, 50285 skipped, 1013 failed | Variants: 15 created, 0 failed | Time: 5123.5s
2026-01-22 12:19:05,293 - INFO - Progress: Products: 2 created, 50310 skipped, 1013 failed | Variants: 15 created, 0 failed | Time: 5126.2s
2026-01-22 12:19:07,818 - INFO - Progress: Products: 2 created, 50335 skipped, 1013 failed | Variants: 15 created, 0 failed | Time: 5128.7s
2026-01-22 12:19:10,312 - INFO - Progress: Products: 2 created, 50358 skipped, 1015 failed | Variants: 15 created, 0 failed | Time: 5131.2s
2026-01-22 12:19:13,087 - INFO - Progress: Products: 2 created, 50381 skipped, 1017 failed | Variants: 15 created, 0 failed | Time: 5134.0s
2026-01-22 12:19:15,578 - INFO - Progress: Products: 2 created, 50406 skipped, 1017 failed | Variants: 15 created, 0 failed | Time: 5136.5s
2026-01-22 12:19:18,127 - INFO - Progress: Products: 2 created, 50429 skipped, 1019 failed | Variants: 15 created, 0 failed | Time: 5139.0s
2026-01-22 12:19:20,611 - INFO - Progress: Products: 2 created, 50454 skipped, 1019 failed | Variants: 15 created, 0 failed | Time: 5141.5s
2026-01-22 12:19:23,092 - INFO - Progress: Products: 2 created, 50479 skipped, 1019 failed | Variants: 15 created, 0 failed | Time: 5144.0s
2026-01-22 12:19:25,514 - INFO - Progress: Products: 2 created, 50503 skipped, 1020 failed | Variants: 15 created, 0 failed | Time: 5146.4s
2026-01-22 12:19:27,904 - INFO - Progress: Products: 2 created, 50527 skipped, 1021 failed | Variants: 15 created, 0 failed | Time: 5148.8s
2026-01-22 12:19:30,331 - INFO - Progress: Products: 2 created, 50552 skipped, 1021 failed | Variants: 15 created, 0 failed | Time: 5151.2s
2026-01-22 12:19:32,791 - INFO - Progress: Products: 2 created, 50576 skipped, 1022 failed | Variants: 15 created, 0 failed | Time: 5153.7s
2026-01-22 12:19:35,190 - INFO - Progress: Products: 2 created, 50601 skipped, 1022 failed | Variants: 15 created, 0 failed | Time: 5156.1s
2026-01-22 12:19:37,721 - INFO - Progress: Products: 2 created, 50625 skipped, 1023 failed | Variants: 15 created, 0 failed | Time: 5158.6s
2026-01-22 12:19:40,188 - INFO - Progress: Products: 2 created, 50648 skipped, 1025 failed | Variants: 15 created, 0 failed | Time: 5161.1s
2026-01-22 12:19:42,924 - INFO - Progress: Products: 2 created, 50671 skipped, 1027 failed | Variants: 15 created, 0 failed | Time: 5163.8s
2026-01-22 12:19:45,536 - INFO - Progress: Products: 2 created, 50695 skipped, 1028 failed | Variants: 15 created, 0 failed | Time: 5166.4s
2026-01-22 12:19:48,088 - INFO - Progress: Products: 2 created, 50719 skipped, 1029 failed | Variants: 15 created, 0 failed | Time: 5169.0s
2026-01-22 12:19:50,533 - INFO - Progress: Products: 2 created, 50743 skipped, 1030 failed | Variants: 15 created, 0 failed | Time: 5171.4s
2026-01-22 12:19:53,095 - INFO - Progress: Products: 2 created, 50768 skipped, 1030 failed | Variants: 15 created, 0 failed | Time: 5174.0s
2026-01-22 12:19:55,488 - INFO - Progress: Products: 2 created, 50792 skipped, 1031 failed | Variants: 15 created, 0 failed | Time: 5176.4s
2026-01-22 12:19:57,941 - INFO - Progress: Products: 2 created, 50817 skipped, 1031 failed | Variants: 15 created, 0 failed | Time: 5178.8s
2026-01-22 12:20:00,525 - INFO - Progress: Products: 2 created, 50840 skipped, 1033 failed | Variants: 15 created, 0 failed | Time: 5181.4s
2026-01-22 12:20:03,981 - INFO - Progress: Products: 2 created, 50864 skipped, 1034 failed | Variants: 15 created, 0 failed | Time: 5184.9s
2026-01-22 12:20:06,627 - INFO - Progress: Products: 2 created, 50889 skipped, 1034 failed | Variants: 15 created, 0 failed | Time: 5187.5s
2026-01-22 12:20:09,111 - INFO - Progress: Products: 2 created, 50914 skipped, 1034 failed | Variants: 15 created, 0 failed | Time: 5190.0s
2026-01-22 12:20:12,822 - INFO - Progress: Products: 2 created, 50939 skipped, 1034 failed | Variants: 15 created, 0 failed | Time: 5193.7s
2026-01-22 12:20:15,245 - INFO - Progress: Products: 2 created, 50964 skipped, 1034 failed | Variants: 15 created, 0 failed | Time: 5196.1s
2026-01-22 12:20:17,732 - INFO - Progress: Products: 2 created, 50988 skipped, 1035 failed | Variants: 15 created, 0 failed | Time: 5198.6s
2026-01-22 12:20:20,208 - INFO - Progress: Products: 2 created, 51013 skipped, 1035 failed | Variants: 15 created, 0 failed | Time: 5201.1s
2026-01-22 12:20:22,729 - INFO - Progress: Products: 2 created, 51038 skipped, 1035 failed | Variants: 15 created, 0 failed | Time: 5203.6s
2026-01-22 12:20:25,218 - INFO - Progress: Products: 2 created, 51062 skipped, 1036 failed | Variants: 15 created, 0 failed | Time: 5206.1s
2026-01-22 12:20:27,805 - INFO - Progress: Products: 2 created, 51085 skipped, 1038 failed | Variants: 15 created, 0 failed | Time: 5208.7s
2026-01-22 12:20:30,222 - INFO - Progress: Products: 2 created, 51110 skipped, 1038 failed | Variants: 15 created, 0 failed | Time: 5211.1s
2026-01-22 12:20:32,781 - INFO - Progress: Products: 2 created, 51135 skipped, 1038 failed | Variants: 15 created, 0 failed | Time: 5213.7s
2026-01-22 12:20:35,295 - INFO - Progress: Products: 2 created, 51158 skipped, 1040 failed | Variants: 15 created, 0 failed | Time: 5216.2s
2026-01-22 12:20:37,714 - INFO - Progress: Products: 2 created, 51183 skipped, 1040 failed | Variants: 15 created, 0 failed | Time: 5218.6s
2026-01-22 12:20:41,177 - INFO - Progress: Products: 2 created, 51208 skipped, 1040 failed | Variants: 15 created, 0 failed | Time: 5222.1s
2026-01-22 12:20:43,700 - INFO - Progress: Products: 2 created, 51231 skipped, 1042 failed | Variants: 15 created, 0 failed | Time: 5224.6s
2026-01-22 12:20:46,202 - INFO - Progress: Products: 2 created, 51256 skipped, 1042 failed | Variants: 15 created, 0 failed | Time: 5227.1s
2026-01-22 12:20:48,598 - INFO - Progress: Products: 2 created, 51281 skipped, 1042 failed | Variants: 15 created, 0 failed | Time: 5229.5s
2026-01-22 12:20:52,203 - INFO - Progress: Products: 2 created, 51304 skipped, 1044 failed | Variants: 15 created, 0 failed | Time: 5233.1s
2026-01-22 12:20:54,593 - INFO - Progress: Products: 2 created, 51327 skipped, 1046 failed | Variants: 15 created, 0 failed | Time: 5235.5s
2026-01-22 12:20:57,009 - INFO - Progress: Products: 2 created, 51351 skipped, 1047 failed | Variants: 15 created, 0 failed | Time: 5237.9s
2026-01-22 12:20:59,476 - INFO - Progress: Products: 2 created, 51374 skipped, 1049 failed | Variants: 15 created, 0 failed | Time: 5240.4s
2026-01-22 12:21:02,426 - INFO - Progress: Products: 2 created, 51399 skipped, 1049 failed | Variants: 15 created, 0 failed | Time: 5243.3s
2026-01-22 12:21:05,102 - INFO - Progress: Products: 2 created, 51424 skipped, 1049 failed | Variants: 15 created, 0 failed | Time: 5246.0s
2026-01-22 12:21:07,478 - INFO - Progress: Products: 2 created, 51448 skipped, 1050 failed | Variants: 15 created, 0 failed | Time: 5248.4s
2026-01-22 12:21:10,017 - INFO - Progress: Products: 2 created, 51473 skipped, 1050 failed | Variants: 15 created, 0 failed | Time: 5250.9s
2026-01-22 12:21:12,797 - INFO - Progress: Products: 2 created, 51497 skipped, 1051 failed | Variants: 15 created, 0 failed | Time: 5253.7s
2026-01-22 12:21:15,304 - INFO - Progress: Products: 2 created, 51522 skipped, 1051 failed | Variants: 15 created, 0 failed | Time: 5256.2s
2026-01-22 12:21:17,793 - INFO - Progress: Products: 2 created, 51547 skipped, 1051 failed | Variants: 15 created, 0 failed | Time: 5258.7s
2026-01-22 12:21:20,289 - INFO - Progress: Products: 2 created, 51572 skipped, 1051 failed | Variants: 15 created, 0 failed | Time: 5261.2s
2026-01-22 12:21:22,698 - INFO - Progress: Products: 2 created, 51597 skipped, 1051 failed | Variants: 15 created, 0 failed | Time: 5263.6s
2026-01-22 12:21:25,096 - INFO - Progress: Products: 2 created, 51622 skipped, 1051 failed | Variants: 15 created, 0 failed | Time: 5266.0s
2026-01-22 12:21:27,493 - INFO - Progress: Products: 2 created, 51647 skipped, 1051 failed | Variants: 15 created, 0 failed | Time: 5268.4s
2026-01-22 12:21:29,925 - INFO - Progress: Products: 2 created, 51671 skipped, 1052 failed | Variants: 15 created, 0 failed | Time: 5270.8s
2026-01-22 12:21:33,198 - INFO - Progress: Products: 2 created, 51695 skipped, 1053 failed | Variants: 15 created, 0 failed | Time: 5274.1s
2026-01-22 12:21:35,681 - INFO - Progress: Products: 2 created, 51720 skipped, 1053 failed | Variants: 15 created, 0 failed | Time: 5276.6s
2026-01-22 12:21:38,101 - INFO - Progress: Products: 2 created, 51745 skipped, 1053 failed | Variants: 15 created, 0 failed | Time: 5279.0s
2026-01-22 12:21:40,506 - INFO - Progress: Products: 2 created, 51769 skipped, 1054 failed | Variants: 15 created, 0 failed | Time: 5281.4s
2026-01-22 12:21:43,240 - INFO - Progress: Products: 2 created, 51794 skipped, 1054 failed | Variants: 15 created, 0 failed | Time: 5284.1s
2026-01-22 12:21:45,735 - INFO - Progress: Products: 2 created, 51817 skipped, 1056 failed | Variants: 15 created, 0 failed | Time: 5286.6s
2026-01-22 12:21:48,112 - INFO - Progress: Products: 2 created, 51842 skipped, 1056 failed | Variants: 15 created, 0 failed | Time: 5289.0s
2026-01-22 12:21:50,613 - INFO - Progress: Products: 2 created, 51867 skipped, 1056 failed | Variants: 15 created, 0 failed | Time: 5291.5s
2026-01-22 12:21:53,113 - INFO - Progress: Products: 2 created, 51892 skipped, 1056 failed | Variants: 15 created, 0 failed | Time: 5294.0s
2026-01-22 12:21:55,585 - INFO - Progress: Products: 2 created, 51917 skipped, 1056 failed | Variants: 15 created, 0 failed | Time: 5296.5s
2026-01-22 12:21:58,045 - INFO - Progress: Products: 2 created, 51942 skipped, 1056 failed | Variants: 15 created, 0 failed | Time: 5298.9s
2026-01-22 12:22:00,706 - INFO - Progress: Products: 2 created, 51967 skipped, 1056 failed | Variants: 15 created, 0 failed | Time: 5301.6s
2026-01-22 12:22:04,624 - INFO - Progress: Products: 2 created, 51992 skipped, 1056 failed | Variants: 15 created, 0 failed | Time: 5305.5s
2026-01-22 12:22:08,818 - INFO - Progress: Products: 3 created, 52016 skipped, 1056 failed | Variants: 20 created, 0 failed | Time: 5309.7s
2026-01-22 12:22:11,498 - INFO - Progress: Products: 3 created, 52039 skipped, 1058 failed | Variants: 20 created, 0 failed | Time: 5312.4s
2026-01-22 12:22:14,101 - INFO - Progress: Products: 3 created, 52064 skipped, 1058 failed | Variants: 20 created, 0 failed | Time: 5315.0s
2026-01-22 12:22:16,618 - INFO - Progress: Products: 3 created, 52089 skipped, 1058 failed | Variants: 20 created, 0 failed | Time: 5317.5s
2026-01-22 12:22:19,085 - INFO - Progress: Products: 3 created, 52112 skipped, 1060 failed | Variants: 20 created, 0 failed | Time: 5320.0s
2026-01-22 12:22:21,608 - INFO - Progress: Products: 3 created, 52137 skipped, 1060 failed | Variants: 20 created, 0 failed | Time: 5322.5s
2026-01-22 12:22:24,133 - INFO - Progress: Products: 3 created, 52162 skipped, 1060 failed | Variants: 20 created, 0 failed | Time: 5325.0s
2026-01-22 12:22:26,578 - INFO - Progress: Products: 3 created, 52187 skipped, 1060 failed | Variants: 20 created, 0 failed | Time: 5327.5s
2026-01-22 12:22:29,030 - INFO - Progress: Products: 3 created, 52211 skipped, 1061 failed | Variants: 20 created, 0 failed | Time: 5329.9s
2026-01-22 12:22:31,601 - INFO - Progress: Products: 3 created, 52235 skipped, 1062 failed | Variants: 20 created, 0 failed | Time: 5332.5s
2026-01-22 12:22:34,122 - INFO - Progress: Products: 3 created, 52260 skipped, 1062 failed | Variants: 20 created, 0 failed | Time: 5335.0s
2026-01-22 12:22:36,604 - INFO - Progress: Products: 3 created, 52285 skipped, 1062 failed | Variants: 20 created, 0 failed | Time: 5337.5s
2026-01-22 12:22:39,101 - INFO - Progress: Products: 3 created, 52310 skipped, 1062 failed | Variants: 20 created, 0 failed | Time: 5340.0s
2026-01-22 12:22:42,822 - INFO - Progress: Products: 3 created, 52335 skipped, 1062 failed | Variants: 20 created, 0 failed | Time: 5343.7s
2026-01-22 12:22:45,409 - INFO - Progress: Products: 3 created, 52358 skipped, 1064 failed | Variants: 20 created, 0 failed | Time: 5346.3s
2026-01-22 12:22:47,810 - INFO - Progress: Products: 3 created, 52382 skipped, 1065 failed | Variants: 20 created, 0 failed | Time: 5348.7s
2026-01-22 12:22:50,233 - INFO - Progress: Products: 3 created, 52407 skipped, 1065 failed | Variants: 20 created, 0 failed | Time: 5351.1s
2026-01-22 12:22:52,681 - INFO - Progress: Products: 3 created, 52431 skipped, 1066 failed | Variants: 20 created, 0 failed | Time: 5353.6s
2026-01-22 12:22:55,017 - INFO - Progress: Products: 3 created, 52455 skipped, 1067 failed | Variants: 20 created, 0 failed | Time: 5355.9s
2026-01-22 12:22:57,527 - INFO - Progress: Products: 3 created, 52480 skipped, 1067 failed | Variants: 20 created, 0 failed | Time: 5358.4s
2026-01-22 12:22:59,817 - INFO - Progress: Products: 3 created, 52504 skipped, 1068 failed | Variants: 20 created, 0 failed | Time: 5360.7s
2026-01-22 12:23:02,835 - INFO - Progress: Products: 3 created, 52529 skipped, 1068 failed | Variants: 20 created, 0 failed | Time: 5363.7s
2026-01-22 12:23:05,634 - INFO - Progress: Products: 3 created, 52554 skipped, 1068 failed | Variants: 20 created, 0 failed | Time: 5366.5s
2026-01-22 12:23:08,101 - INFO - Progress: Products: 3 created, 52578 skipped, 1069 failed | Variants: 20 created, 0 failed | Time: 5369.0s
2026-01-22 12:23:10,522 - INFO - Progress: Products: 3 created, 52603 skipped, 1069 failed | Variants: 20 created, 0 failed | Time: 5371.4s
2026-01-22 12:23:13,207 - INFO - Progress: Products: 3 created, 52628 skipped, 1069 failed | Variants: 20 created, 0 failed | Time: 5374.1s
2026-01-22 12:23:15,611 - INFO - Progress: Products: 3 created, 52652 skipped, 1070 failed | Variants: 20 created, 0 failed | Time: 5376.5s
2026-01-22 12:23:18,209 - INFO - Progress: Products: 3 created, 52677 skipped, 1070 failed | Variants: 20 created, 0 failed | Time: 5379.1s
2026-01-22 12:23:20,723 - INFO - Progress: Products: 3 created, 52702 skipped, 1070 failed | Variants: 20 created, 0 failed | Time: 5381.6s
2026-01-22 12:23:23,142 - INFO - Progress: Products: 3 created, 52727 skipped, 1070 failed | Variants: 20 created, 0 failed | Time: 5384.0s
2026-01-22 12:23:25,716 - INFO - Progress: Products: 3 created, 52751 skipped, 1071 failed | Variants: 20 created, 0 failed | Time: 5386.6s
2026-01-22 12:23:28,326 - INFO - Progress: Products: 3 created, 52775 skipped, 1072 failed | Variants: 20 created, 0 failed | Time: 5389.2s
2026-01-22 12:23:30,887 - INFO - Progress: Products: 3 created, 52800 skipped, 1072 failed | Variants: 20 created, 0 failed | Time: 5391.8s
2026-01-22 12:23:33,401 - INFO - Progress: Products: 3 created, 52825 skipped, 1072 failed | Variants: 20 created, 0 failed | Time: 5394.3s
2026-01-22 12:23:35,917 - INFO - Progress: Products: 3 created, 52850 skipped, 1072 failed | Variants: 20 created, 0 failed | Time: 5396.8s
2026-01-22 12:23:38,389 - INFO - Progress: Products: 3 created, 52874 skipped, 1073 failed | Variants: 20 created, 0 failed | Time: 5399.3s
2026-01-22 12:23:40,796 - INFO - Progress: Products: 3 created, 52898 skipped, 1074 failed | Variants: 20 created, 0 failed | Time: 5401.7s
2026-01-22 12:23:43,409 - INFO - Progress: Products: 3 created, 52923 skipped, 1074 failed | Variants: 20 created, 0 failed | Time: 5404.3s
2026-01-22 12:23:45,790 - INFO - Progress: Products: 3 created, 52948 skipped, 1074 failed | Variants: 20 created, 0 failed | Time: 5406.7s
2026-01-22 12:23:48,137 - INFO - Progress: Products: 3 created, 52972 skipped, 1075 failed | Variants: 20 created, 0 failed | Time: 5409.0s
2026-01-22 12:23:50,521 - INFO - Progress: Products: 3 created, 52997 skipped, 1075 failed | Variants: 20 created, 0 failed | Time: 5411.4s
2026-01-22 12:23:52,915 - INFO - Progress: Products: 3 created, 53022 skipped, 1075 failed | Variants: 20 created, 0 failed | Time: 5413.8s
2026-01-22 12:23:55,280 - INFO - Progress: Products: 3 created, 53046 skipped, 1076 failed | Variants: 20 created, 0 failed | Time: 5416.2s
2026-01-22 12:23:57,898 - INFO - Progress: Products: 3 created, 53070 skipped, 1077 failed | Variants: 20 created, 0 failed | Time: 5418.8s
2026-01-22 12:24:00,465 - INFO - Progress: Products: 3 created, 53095 skipped, 1077 failed | Variants: 20 created, 0 failed | Time: 5421.4s
2026-01-22 12:24:03,688 - INFO - Progress: Products: 3 created, 53118 skipped, 1079 failed | Variants: 20 created, 0 failed | Time: 5424.6s
2026-01-22 12:24:06,119 - INFO - Progress: Products: 3 created, 53143 skipped, 1079 failed | Variants: 20 created, 0 failed | Time: 5427.0s
2026-01-22 12:24:08,537 - INFO - Progress: Products: 3 created, 53167 skipped, 1080 failed | Variants: 20 created, 0 failed | Time: 5429.4s
2026-01-22 12:24:11,182 - INFO - Progress: Products: 3 created, 53192 skipped, 1080 failed | Variants: 20 created, 0 failed | Time: 5432.1s
2026-01-22 12:24:13,630 - INFO - Progress: Products: 3 created, 53217 skipped, 1080 failed | Variants: 20 created, 0 failed | Time: 5434.5s
2026-01-22 12:24:16,106 - INFO - Progress: Products: 3 created, 53242 skipped, 1080 failed | Variants: 20 created, 0 failed | Time: 5437.0s
2026-01-22 12:24:18,804 - INFO - Progress: Products: 3 created, 53267 skipped, 1080 failed | Variants: 20 created, 0 failed | Time: 5439.7s
2026-01-22 12:24:21,290 - INFO - Progress: Products: 3 created, 53292 skipped, 1080 failed | Variants: 20 created, 0 failed | Time: 5442.2s
2026-01-22 12:24:23,738 - INFO - Progress: Products: 3 created, 53317 skipped, 1080 failed | Variants: 20 created, 0 failed | Time: 5444.6s
2026-01-22 12:24:26,245 - INFO - Progress: Products: 3 created, 53342 skipped, 1080 failed | Variants: 20 created, 0 failed | Time: 5447.1s
2026-01-22 12:24:28,654 - INFO - Progress: Products: 3 created, 53367 skipped, 1080 failed | Variants: 20 created, 0 failed | Time: 5449.6s
2026-01-22 12:24:31,015 - INFO - Progress: Products: 3 created, 53390 skipped, 1082 failed | Variants: 20 created, 0 failed | Time: 5451.9s
2026-01-22 12:24:33,521 - INFO - Progress: Products: 3 created, 53415 skipped, 1082 failed | Variants: 20 created, 0 failed | Time: 5454.4s
2026-01-22 12:24:36,126 - INFO - Progress: Products: 3 created, 53440 skipped, 1082 failed | Variants: 20 created, 0 failed | Time: 5457.0s
2026-01-22 12:24:38,590 - INFO - Progress: Products: 3 created, 53465 skipped, 1082 failed | Variants: 20 created, 0 failed | Time: 5459.5s
2026-01-22 12:24:41,282 - INFO - Progress: Products: 3 created, 53490 skipped, 1082 failed | Variants: 20 created, 0 failed | Time: 5462.2s
2026-01-22 12:24:43,904 - INFO - Progress: Products: 3 created, 53515 skipped, 1082 failed | Variants: 20 created, 0 failed | Time: 5464.8s
2026-01-22 12:24:46,491 - INFO - Progress: Products: 3 created, 53539 skipped, 1083 failed | Variants: 20 created, 0 failed | Time: 5467.4s
2026-01-22 12:24:48,817 - INFO - Progress: Products: 3 created, 53563 skipped, 1084 failed | Variants: 20 created, 0 failed | Time: 5469.7s
2026-01-22 12:24:51,197 - INFO - Progress: Products: 3 created, 53588 skipped, 1084 failed | Variants: 20 created, 0 failed | Time: 5472.1s
2026-01-22 12:24:53,527 - INFO - Progress: Products: 3 created, 53612 skipped, 1085 failed | Variants: 20 created, 0 failed | Time: 5474.4s
2026-01-22 12:24:56,128 - INFO - Progress: Products: 3 created, 53637 skipped, 1085 failed | Variants: 20 created, 0 failed | Time: 5477.0s
2026-01-22 12:24:58,518 - INFO - Progress: Products: 3 created, 53661 skipped, 1086 failed | Variants: 20 created, 0 failed | Time: 5479.4s
2026-01-22 12:25:01,228 - INFO - Progress: Products: 3 created, 53686 skipped, 1086 failed | Variants: 20 created, 0 failed | Time: 5482.1s
2026-01-22 12:25:04,519 - INFO - Progress: Products: 3 created, 53710 skipped, 1087 failed | Variants: 20 created, 0 failed | Time: 5485.4s
2026-01-22 12:25:07,211 - INFO - Progress: Products: 3 created, 53734 skipped, 1088 failed | Variants: 20 created, 0 failed | Time: 5488.1s
2026-01-22 12:25:09,826 - INFO - Progress: Products: 3 created, 53757 skipped, 1090 failed | Variants: 20 created, 0 failed | Time: 5490.7s
2026-01-22 12:25:12,545 - INFO - Progress: Products: 3 created, 53782 skipped, 1090 failed | Variants: 20 created, 0 failed | Time: 5493.4s
2026-01-22 12:25:15,017 - INFO - Progress: Products: 3 created, 53805 skipped, 1092 failed | Variants: 20 created, 0 failed | Time: 5495.9s
2026-01-22 12:25:17,528 - INFO - Progress: Products: 3 created, 53830 skipped, 1092 failed | Variants: 20 created, 0 failed | Time: 5498.4s
2026-01-22 12:25:19,988 - INFO - Progress: Products: 3 created, 53855 skipped, 1092 failed | Variants: 20 created, 0 failed | Time: 5500.9s
2026-01-22 12:25:22,389 - INFO - Progress: Products: 3 created, 53880 skipped, 1092 failed | Variants: 20 created, 0 failed | Time: 5503.3s
2026-01-22 12:25:25,093 - INFO - Progress: Products: 3 created, 53905 skipped, 1092 failed | Variants: 20 created, 0 failed | Time: 5506.0s
2026-01-22 12:25:27,995 - INFO - Progress: Products: 3 created, 53930 skipped, 1092 failed | Variants: 20 created, 0 failed | Time: 5508.9s
2026-01-22 12:25:30,419 - INFO - Progress: Products: 3 created, 53955 skipped, 1092 failed | Variants: 20 created, 0 failed | Time: 5511.3s
2026-01-22 12:25:32,878 - INFO - Progress: Products: 3 created, 53980 skipped, 1092 failed | Variants: 20 created, 0 failed | Time: 5513.8s
2026-01-22 12:25:35,347 - INFO - Progress: Products: 3 created, 54005 skipped, 1092 failed | Variants: 20 created, 0 failed | Time: 5516.2s
2026-01-22 12:25:37,822 - INFO - Progress: Products: 3 created, 54030 skipped, 1092 failed | Variants: 20 created, 0 failed | Time: 5518.7s
2026-01-22 12:25:40,399 - INFO - Progress: Products: 3 created, 54053 skipped, 1094 failed | Variants: 20 created, 0 failed | Time: 5521.3s
2026-01-22 12:25:43,247 - INFO - Progress: Products: 3 created, 54077 skipped, 1095 failed | Variants: 20 created, 0 failed | Time: 5524.1s
2026-01-22 12:25:45,838 - INFO - Progress: Products: 3 created, 54102 skipped, 1095 failed | Variants: 20 created, 0 failed | Time: 5526.7s
2026-01-22 12:25:48,423 - INFO - Progress: Products: 3 created, 54126 skipped, 1096 failed | Variants: 20 created, 0 failed | Time: 5529.3s
2026-01-22 12:25:50,991 - INFO - Progress: Products: 3 created, 54150 skipped, 1097 failed | Variants: 20 created, 0 failed | Time: 5531.9s
2026-01-22 12:25:53,307 - INFO - Progress: Products: 3 created, 54174 skipped, 1098 failed | Variants: 20 created, 0 failed | Time: 5534.2s
2026-01-22 12:25:55,697 - INFO - Progress: Products: 3 created, 54198 skipped, 1099 failed | Variants: 20 created, 0 failed | Time: 5536.6s
2026-01-22 12:25:58,096 - INFO - Progress: Products: 3 created, 54222 skipped, 1100 failed | Variants: 20 created, 0 failed | Time: 5539.0s
2026-01-22 12:26:00,501 - INFO - Progress: Products: 3 created, 54246 skipped, 1101 failed | Variants: 20 created, 0 failed | Time: 5541.4s
2026-01-22 12:26:03,608 - INFO - Progress: Products: 3 created, 54270 skipped, 1102 failed | Variants: 20 created, 0 failed | Time: 5544.5s
2026-01-22 12:26:06,395 - INFO - Progress: Products: 3 created, 54295 skipped, 1102 failed | Variants: 20 created, 0 failed | Time: 5547.3s
2026-01-22 12:26:08,747 - INFO - Progress: Products: 3 created, 54320 skipped, 1102 failed | Variants: 20 created, 0 failed | Time: 5549.6s
2026-01-22 12:26:11,525 - INFO - Progress: Products: 3 created, 54345 skipped, 1102 failed | Variants: 20 created, 0 failed | Time: 5552.4s
2026-01-22 12:26:13,928 - INFO - Progress: Products: 3 created, 54368 skipped, 1104 failed | Variants: 20 created, 0 failed | Time: 5554.8s
2026-01-22 12:26:16,408 - INFO - Progress: Products: 3 created, 54393 skipped, 1104 failed | Variants: 20 created, 0 failed | Time: 5557.3s
2026-01-22 12:26:18,834 - INFO - Progress: Products: 3 created, 54418 skipped, 1104 failed | Variants: 20 created, 0 failed | Time: 5559.7s
2026-01-22 12:26:21,391 - INFO - Progress: Products: 3 created, 54443 skipped, 1104 failed | Variants: 20 created, 0 failed | Time: 5562.3s
2026-01-22 12:26:23,836 - INFO - Progress: Products: 3 created, 54468 skipped, 1104 failed | Variants: 20 created, 0 failed | Time: 5564.7s
2026-01-22 12:26:26,191 - INFO - Progress: Products: 3 created, 54493 skipped, 1104 failed | Variants: 20 created, 0 failed | Time: 5567.1s
2026-01-22 12:26:28,620 - INFO - Progress: Products: 3 created, 54518 skipped, 1104 failed | Variants: 20 created, 0 failed | Time: 5569.5s
2026-01-22 12:26:31,110 - INFO - Progress: Products: 3 created, 54542 skipped, 1105 failed | Variants: 20 created, 0 failed | Time: 5572.0s
2026-01-22 12:26:33,430 - INFO - Progress: Products: 3 created, 54567 skipped, 1105 failed | Variants: 20 created, 0 failed | Time: 5574.3s
2026-01-22 12:26:35,819 - INFO - Progress: Products: 3 created, 54590 skipped, 1107 failed | Variants: 20 created, 0 failed | Time: 5576.7s
2026-01-22 12:26:38,197 - INFO - Progress: Products: 3 created, 54615 skipped, 1107 failed | Variants: 20 created, 0 failed | Time: 5579.1s
2026-01-22 12:26:40,496 - INFO - Progress: Products: 3 created, 54640 skipped, 1107 failed | Variants: 20 created, 0 failed | Time: 5581.4s
2026-01-22 12:26:43,286 - INFO - Progress: Products: 3 created, 54665 skipped, 1107 failed | Variants: 20 created, 0 failed | Time: 5584.2s
2026-01-22 12:26:45,602 - INFO - Progress: Products: 3 created, 54689 skipped, 1108 failed | Variants: 20 created, 0 failed | Time: 5586.5s
2026-01-22 12:26:47,935 - INFO - Progress: Products: 3 created, 54713 skipped, 1109 failed | Variants: 20 created, 0 failed | Time: 5588.8s
2026-01-22 12:26:50,354 - INFO - Progress: Products: 3 created, 54738 skipped, 1109 failed | Variants: 20 created, 0 failed | Time: 5591.3s
2026-01-22 12:26:52,851 - INFO - Progress: Products: 3 created, 54763 skipped, 1109 failed | Variants: 20 created, 0 failed | Time: 5593.7s
2026-01-22 12:26:55,389 - INFO - Progress: Products: 3 created, 54787 skipped, 1110 failed | Variants: 20 created, 0 failed | Time: 5596.3s
2026-01-22 12:26:57,751 - INFO - Progress: Products: 3 created, 54812 skipped, 1110 failed | Variants: 20 created, 0 failed | Time: 5598.6s
2026-01-22 12:27:00,273 - INFO - Progress: Products: 3 created, 54837 skipped, 1110 failed | Variants: 20 created, 0 failed | Time: 5601.2s
2026-01-22 12:27:03,610 - INFO - Progress: Products: 3 created, 54862 skipped, 1110 failed | Variants: 20 created, 0 failed | Time: 5604.5s
2026-01-22 12:27:06,336 - INFO - Progress: Products: 3 created, 54887 skipped, 1110 failed | Variants: 20 created, 0 failed | Time: 5607.2s
2026-01-22 12:27:08,945 - INFO - Progress: Products: 3 created, 54910 skipped, 1112 failed | Variants: 20 created, 0 failed | Time: 5609.8s
2026-01-22 12:27:11,647 - INFO - Progress: Products: 3 created, 54935 skipped, 1112 failed | Variants: 20 created, 0 failed | Time: 5612.5s
2026-01-22 12:27:14,917 - INFO - Progress: Products: 3 created, 54960 skipped, 1112 failed | Variants: 20 created, 0 failed | Time: 5615.8s
2026-01-22 12:27:17,387 - INFO - Progress: Products: 3 created, 54984 skipped, 1113 failed | Variants: 20 created, 0 failed | Time: 5618.3s
2026-01-22 12:27:19,739 - INFO - Progress: Products: 3 created, 55009 skipped, 1113 failed | Variants: 20 created, 0 failed | Time: 5620.6s
2026-01-22 12:27:22,186 - INFO - Progress: Products: 3 created, 55034 skipped, 1113 failed | Variants: 20 created, 0 failed | Time: 5623.1s
2026-01-22 12:27:24,553 - INFO - Progress: Products: 3 created, 55058 skipped, 1114 failed | Variants: 20 created, 0 failed | Time: 5625.5s
2026-01-22 12:27:26,993 - INFO - Progress: Products: 3 created, 55082 skipped, 1115 failed | Variants: 20 created, 0 failed | Time: 5627.9s
2026-01-22 12:27:29,380 - INFO - Progress: Products: 3 created, 55107 skipped, 1115 failed | Variants: 20 created, 0 failed | Time: 5630.3s
2026-01-22 12:27:31,903 - INFO - Progress: Products: 3 created, 55131 skipped, 1116 failed | Variants: 20 created, 0 failed | Time: 5632.8s
2026-01-22 12:27:34,378 - INFO - Progress: Products: 3 created, 55156 skipped, 1116 failed | Variants: 20 created, 0 failed | Time: 5635.3s
2026-01-22 12:27:36,897 - INFO - Progress: Products: 3 created, 55180 skipped, 1117 failed | Variants: 20 created, 0 failed | Time: 5637.8s
2026-01-22 12:27:39,432 - INFO - Progress: Products: 3 created, 55205 skipped, 1117 failed | Variants: 20 created, 0 failed | Time: 5640.3s
2026-01-22 12:27:42,126 - INFO - Progress: Products: 3 created, 55229 skipped, 1118 failed | Variants: 20 created, 0 failed | Time: 5643.0s
2026-01-22 12:27:46,107 - INFO - Progress: Products: 3 created, 55253 skipped, 1119 failed | Variants: 20 created, 0 failed | Time: 5647.0s
2026-01-22 12:27:51,079 - INFO - Progress: Products: 3 created, 55277 skipped, 1120 failed | Variants: 20 created, 0 failed | Time: 5652.0s
2026-01-22 12:27:56,279 - INFO - Progress: Products: 3 created, 55301 skipped, 1121 failed | Variants: 20 created, 0 failed | Time: 5657.2s
2026-01-22 12:28:01,989 - INFO - Progress: Products: 3 created, 55326 skipped, 1121 failed | Variants: 20 created, 0 failed | Time: 5662.9s
2026-01-22 12:28:08,589 - INFO - Progress: Products: 3 created, 55351 skipped, 1121 failed | Variants: 20 created, 0 failed | Time: 5669.5s
2026-01-22 12:28:12,550 - INFO - Progress: Products: 3 created, 55376 skipped, 1121 failed | Variants: 20 created, 0 failed | Time: 5673.4s
2026-01-22 12:28:15,703 - INFO - Progress: Products: 3 created, 55401 skipped, 1121 failed | Variants: 20 created, 0 failed | Time: 5676.6s

Batch 2041/3783 (cards 51001-51025)

Batch 2042/3783 (cards 51026-51050)

Batch 2043/3783 (cards 51051-51075)

Batch 2044/3783 (cards 51076-51100)

Batch 2045/3783 (cards 51101-51125)

Batch 2046/3783 (cards 51126-51150)

Batch 2047/3783 (cards 51151-51175)

Batch 2048/3783 (cards 51176-51200)

Batch 2049/3783 (cards 51201-51225)

Batch 2050/3783 (cards 51226-51250)

Batch 2051/3783 (cards 51251-51275)

Batch 2052/3783 (cards 51276-51300)

Batch 2053/3783 (cards 51301-51325)

Batch 2054/3783 (cards 51326-51350)

Batch 2055/3783 (cards 51351-51375)

Batch 2056/3783 (cards 51376-51400)

Batch 2057/3783 (cards 51401-51425)

Batch 2058/3783 (cards 51426-51450)

Batch 2059/3783 (cards 51451-51475)

Batch 2060/3783 (cards 51476-51500)

Batch 2061/3783 (cards 51501-51525)

Batch 2062/3783 (cards 51526-51550)

Batch 2063/3783 (cards 51551-51575)

Batch 2064/3783 (cards 51576-51600)

Batch 2065/3783 (cards 51601-51625)

Batch 2066/3783 (cards 51626-51650)

Batch 2067/3783 (cards 51651-51675)

Batch 2068/3783 (cards 51676-51700)

Batch 2069/3783 (cards 51701-51725)

Batch 2070/3783 (cards 51726-51750)

Batch 2071/3783 (cards 51751-51775)

Batch 2072/3783 (cards 51776-51800)

Batch 2073/3783 (cards 51801-51825)

Batch 2074/3783 (cards 51826-51850)

Batch 2075/3783 (cards 51851-51875)

Batch 2076/3783 (cards 51876-51900)

Batch 2077/3783 (cards 51901-51925)

Batch 2078/3783 (cards 51926-51950)

Batch 2079/3783 (cards 51951-51975)

Batch 2080/3783 (cards 51976-52000)

Batch 2081/3783 (cards 52001-52025)

Batch 2082/3783 (cards 52026-52050)

Batch 2083/3783 (cards 52051-52075)

Batch 2084/3783 (cards 52076-52100)

Batch 2085/3783 (cards 52101-52125)

Batch 2086/3783 (cards 52126-52150)

Batch 2087/3783 (cards 52151-52175)

Batch 2088/3783 (cards 52176-52200)

Batch 2089/3783 (cards 52201-52225)

Batch 2090/3783 (cards 52226-52250)

Batch 2091/3783 (cards 52251-52275)

Batch 2092/3783 (cards 52276-52300)

Batch 2093/3783 (cards 52301-52325)

Batch 2094/3783 (cards 52326-52350)

Batch 2095/3783 (cards 52351-52375)

Batch 2096/3783 (cards 52376-52400)

Batch 2097/3783 (cards 52401-52425)

Batch 2098/3783 (cards 52426-52450)

Batch 2099/3783 (cards 52451-52475)

Batch 2100/3783 (cards 52476-52500)

Batch 2101/3783 (cards 52501-52525)

Batch 2102/3783 (cards 52526-52550)

Batch 2103/3783 (cards 52551-52575)

Batch 2104/3783 (cards 52576-52600)

Batch 2105/3783 (cards 52601-52625)

Batch 2106/3783 (cards 52626-52650)

Batch 2107/3783 (cards 52651-52675)

Batch 2108/3783 (cards 52676-52700)

Batch 2109/3783 (cards 52701-52725)

Batch 2110/3783 (cards 52726-52750)

Batch 2111/3783 (cards 52751-52775)

Batch 2112/3783 (cards 52776-52800)

Batch 2113/3783 (cards 52801-52825)

Batch 2114/3783 (cards 52826-52850)

Batch 2115/3783 (cards 52851-52875)

Batch 2116/3783 (cards 52876-52900)

Batch 2117/3783 (cards 52901-52925)

Batch 2118/3783 (cards 52926-52950)

Batch 2119/3783 (cards 52951-52975)

Batch 2120/3783 (cards 52976-53000)

Batch 2121/3783 (cards 53001-53025)

Batch 2122/3783 (cards 53026-53050)

Batch 2123/3783 (cards 53051-53075)

Batch 2124/3783 (cards 53076-53100)

Batch 2125/3783 (cards 53101-53125)

Batch 2126/3783 (cards 53126-53150)

Batch 2127/3783 (cards 53151-53175)

Batch 2128/3783 (cards 53176-53200)

Batch 2129/3783 (cards 53201-53225)

Batch 2130/3783 (cards 53226-53250)

Batch 2131/3783 (cards 53251-53275)

Batch 2132/3783 (cards 53276-53300)

Batch 2133/3783 (cards 53301-53325)

Batch 2134/3783 (cards 53326-53350)

Batch 2135/3783 (cards 53351-53375)

Batch 2136/3783 (cards 53376-53400)

Batch 2137/3783 (cards 53401-53425)

Batch 2138/3783 (cards 53426-53450)

Batch 2139/3783 (cards 53451-53475)

Batch 2140/3783 (cards 53476-53500)

Batch 2141/3783 (cards 53501-53525)

Batch 2142/3783 (cards 53526-53550)

Batch 2143/3783 (cards 53551-53575)

Batch 2144/3783 (cards 53576-53600)

Batch 2145/3783 (cards 53601-53625)

Batch 2146/3783 (cards 53626-53650)

Batch 2147/3783 (cards 53651-53675)

Batch 2148/3783 (cards 53676-53700)

Batch 2149/3783 (cards 53701-53725)

Batch 2150/3783 (cards 53726-53750)

Batch 2151/3783 (cards 53751-53775)

Batch 2152/3783 (cards 53776-53800)

Batch 2153/3783 (cards 53801-53825)

Batch 2154/3783 (cards 53826-53850)

Batch 2155/3783 (cards 53851-53875)

Batch 2156/3783 (cards 53876-53900)

Batch 2157/3783 (cards 53901-53925)

Batch 2158/3783 (cards 53926-53950)

Batch 2159/3783 (cards 53951-53975)

Batch 2160/3783 (cards 53976-54000)

Batch 2161/3783 (cards 54001-54025)

Batch 2162/3783 (cards 54026-54050)

Batch 2163/3783 (cards 54051-54075)

Batch 2164/3783 (cards 54076-54100)

Batch 2165/3783 (cards 54101-54125)

Batch 2166/3783 (cards 54126-54150)

Batch 2167/3783 (cards 54151-54175)

Batch 2168/3783 (cards 54176-54200)

Batch 2169/3783 (cards 54201-54225)

Batch 2170/3783 (cards 54226-54250)

Batch 2171/3783 (cards 54251-54275)

Batch 2172/3783 (cards 54276-54300)

Batch 2173/3783 (cards 54301-54325)

Batch 2174/3783 (cards 54326-54350)

Batch 2175/3783 (cards 54351-54375)

Batch 2176/3783 (cards 54376-54400)

Batch 2177/3783 (cards 54401-54425)

Batch 2178/3783 (cards 54426-54450)

Batch 2179/3783 (cards 54451-54475)

Batch 2180/3783 (cards 54476-54500)

Batch 2181/3783 (cards 54501-54525)

Batch 2182/3783 (cards 54526-54550)

Batch 2183/3783 (cards 54551-54575)

Batch 2184/3783 (cards 54576-54600)

Batch 2185/3783 (cards 54601-54625)

Batch 2186/3783 (cards 54626-54650)

Batch 2187/3783 (cards 54651-54675)

Batch 2188/3783 (cards 54676-54700)

Batch 2189/3783 (cards 54701-54725)

Batch 2190/3783 (cards 54726-54750)

Batch 2191/3783 (cards 54751-54775)

Batch 2192/3783 (cards 54776-54800)

Batch 2193/3783 (cards 54801-54825)

Batch 2194/3783 (cards 54826-54850)

Batch 2195/3783 (cards 54851-54875)

Batch 2196/3783 (cards 54876-54900)

Batch 2197/3783 (cards 54901-54925)

Batch 2198/3783 (cards 54926-54950)

Batch 2199/3783 (cards 54951-54975)

Batch 2200/3783 (cards 54976-55000)

Batch 2201/3783 (cards 55001-55025)

Batch 2202/3783 (cards 55026-55050)

Batch 2203/3783 (cards 55051-55075)

Batch 2204/3783 (cards 55076-55100)

Batch 2205/3783 (cards 55101-55125)

Batch 2206/3783 (cards 55126-55150)

Batch 2207/3783 (cards 55151-55175)

Batch 2208/3783 (cards 55176-55200)

Batch 2209/3783 (cards 55201-55225)

Batch 2210/3783 (cards 55226-55250)

Batch 2211/3783 (cards 55251-55275)

Batch 2212/3783 (cards 55276-55300)

Batch 2213/3783 (cards 55301-55325)

Batch 2214/3783 (cards 55326-55350)

Batch 2215/3783 (cards 55351-55375)

Batch 2216/3783 (cards 55376-55400)

Batch 2217/3783 (cards 55401-55425)

Batch 2218/3783 (cards 55426-55450)

Batch 2219/3783 (cards 55451-55475)

Batch 2220/3783 (cards 55476-55500)

Batch 2221/3783 (cards 55501-55525)

Batch 2222/3783 (cards 55526-55550)

Batch 2223/3783 (cards 55551-55575)

Batch 2224/3783 (cards 55576-55600)

Batch 2225/3783 (cards 55601-55625)

Batch 2226/3783 (cards 55626-55650)

Batch 2227/3783 (cards 55651-55675)

Batch 2228/3783 (cards 55676-55700)

Batch 2229/3783 (cards 55701-55725)

Batch 2230/3783 (cards 55726-55750)

Batch 2231/3783 (cards 55751-55775)

Batch 2232/3783 (cards 55776-55800)

Batch 2233/3783 (cards 55801-55825)

Batch 2234/3783 (cards 55826-55850)

Batch 2235/3783 (cards 55851-55875)

Batch 2236/3783 (cards 55876-55900)

Batch 2237/3783 (cards 55901-55925)

Batch 2238/3783 (cards 55926-55950)

Batch 2239/3783 (cards 55951-55975)

Batch 2240/3783 (cards 55976-56000)

Batch 2241/3783 (cards 56001-56025)

Batch 2242/3783 (cards 56026-56050)

Batch 2243/3783 (cards 56051-56075)

Batch 2244/3783 (cards 56076-56100)

Batch 2245/3783 (cards 56101-56125)

Batch 2246/3783 (cards 56126-56150)

Batch 2247/3783 (cards 56151-56175)

Batch 2248/3783 (cards 56176-56200)

Batch 2249/3783 (cards 56201-56225)

Batch 2250/3783 (cards 56226-56250)

Batch 2251/3783 (cards 56251-56275)

Batch 2252/3783 (cards 56276-56300)

Batch 2253/3783 (cards 56301-56325)

Batch 2254/3783 (cards 56326-56350)

Batch 2255/3783 (cards 56351-56375)

Batch 2256/3783 (cards 56376-56400)

Batch 2257/3783 (cards 56401-56425)

Batch 2258/3783 (cards 56426-56450)

Batch 2259/3783 (cards 56451-56475)

Batch 2260/3783 (cards 56476-56500)

Batch 2261/3783 (cards 56501-56525)
2026-01-22 12:28:18,311 - INFO - Progress: Products: 3 created, 55425 skipped, 1122 failed | Variants: 20 created, 0 failed | Time: 5679.2s
2026-01-22 12:28:20,791 - INFO - Progress: Products: 3 created, 55450 skipped, 1122 failed | Variants: 20 created, 0 failed | Time: 5681.7s
2026-01-22 12:28:23,195 - INFO - Progress: Products: 3 created, 55473 skipped, 1124 failed | Variants: 20 created, 0 failed | Time: 5684.1s
2026-01-22 12:28:25,687 - INFO - Progress: Products: 3 created, 55497 skipped, 1125 failed | Variants: 20 created, 0 failed | Time: 5686.6s
2026-01-22 12:28:28,112 - INFO - Progress: Products: 3 created, 55522 skipped, 1125 failed | Variants: 20 created, 0 failed | Time: 5689.0s
2026-01-22 12:28:30,539 - INFO - Progress: Products: 3 created, 55544 skipped, 1128 failed | Variants: 20 created, 0 failed | Time: 5691.4s
2026-01-22 12:28:32,918 - INFO - Progress: Products: 3 created, 55569 skipped, 1128 failed | Variants: 20 created, 0 failed | Time: 5693.8s
2026-01-22 12:28:36,406 - INFO - Progress: Products: 3 created, 55594 skipped, 1128 failed | Variants: 20 created, 0 failed | Time: 5697.3s
2026-01-22 12:28:38,746 - INFO - Progress: Products: 3 created, 55617 skipped, 1130 failed | Variants: 20 created, 0 failed | Time: 5699.6s
2026-01-22 12:28:41,335 - INFO - Progress: Products: 3 created, 55641 skipped, 1131 failed | Variants: 20 created, 0 failed | Time: 5702.2s
2026-01-22 12:28:43,815 - INFO - Progress: Products: 3 created, 55666 skipped, 1131 failed | Variants: 20 created, 0 failed | Time: 5704.7s
2026-01-22 12:28:47,111 - INFO - Progress: Products: 3 created, 55690 skipped, 1132 failed | Variants: 20 created, 0 failed | Time: 5708.0s
2026-01-22 12:28:49,633 - INFO - Progress: Products: 3 created, 55715 skipped, 1132 failed | Variants: 20 created, 0 failed | Time: 5710.5s
2026-01-22 12:28:52,206 - INFO - Progress: Products: 3 created, 55739 skipped, 1133 failed | Variants: 20 created, 0 failed | Time: 5713.1s
2026-01-22 12:28:54,704 - INFO - Progress: Products: 3 created, 55763 skipped, 1134 failed | Variants: 20 created, 0 failed | Time: 5715.6s
2026-01-22 12:28:57,519 - INFO - Progress: Products: 3 created, 55788 skipped, 1134 failed | Variants: 20 created, 0 failed | Time: 5718.4s
2026-01-22 12:29:00,001 - INFO - Progress: Products: 3 created, 55813 skipped, 1134 failed | Variants: 20 created, 0 failed | Time: 5720.9s
2026-01-22 12:29:03,216 - INFO - Progress: Products: 3 created, 55836 skipped, 1136 failed | Variants: 20 created, 0 failed | Time: 5724.1s
2026-01-22 12:29:05,724 - INFO - Progress: Products: 3 created, 55861 skipped, 1136 failed | Variants: 20 created, 0 failed | Time: 5726.6s
2026-01-22 12:29:08,232 - INFO - Progress: Products: 3 created, 55886 skipped, 1136 failed | Variants: 20 created, 0 failed | Time: 5729.1s
2026-01-22 12:29:10,644 - INFO - Progress: Products: 3 created, 55911 skipped, 1136 failed | Variants: 20 created, 0 failed | Time: 5731.5s
2026-01-22 12:29:13,412 - INFO - Progress: Products: 3 created, 55935 skipped, 1137 failed | Variants: 20 created, 0 failed | Time: 5734.3s
2026-01-22 12:29:15,829 - INFO - Progress: Products: 3 created, 55959 skipped, 1138 failed | Variants: 20 created, 0 failed | Time: 5736.7s
2026-01-22 12:29:18,243 - INFO - Progress: Products: 3 created, 55983 skipped, 1139 failed | Variants: 20 created, 0 failed | Time: 5739.1s
2026-01-22 12:29:20,723 - INFO - Progress: Products: 3 created, 56007 skipped, 1140 failed | Variants: 20 created, 0 failed | Time: 5741.6s
2026-01-22 12:29:23,256 - INFO - Progress: Products: 3 created, 56032 skipped, 1140 failed | Variants: 20 created, 0 failed | Time: 5744.2s
2026-01-22 12:29:27,010 - INFO - Progress: Products: 3 created, 56056 skipped, 1141 failed | Variants: 20 created, 0 failed | Time: 5747.9s
2026-01-22 12:29:29,425 - INFO - Progress: Products: 3 created, 56079 skipped, 1143 failed | Variants: 20 created, 0 failed | Time: 5750.3s
2026-01-22 12:29:31,834 - INFO - Progress: Products: 3 created, 56104 skipped, 1143 failed | Variants: 20 created, 0 failed | Time: 5752.7s
2026-01-22 12:29:34,324 - INFO - Progress: Products: 3 created, 56129 skipped, 1143 failed | Variants: 20 created, 0 failed | Time: 5755.2s
2026-01-22 12:29:36,908 - INFO - Progress: Products: 3 created, 56154 skipped, 1143 failed | Variants: 20 created, 0 failed | Time: 5757.8s
2026-01-22 12:29:39,312 - INFO - Progress: Products: 3 created, 56179 skipped, 1143 failed | Variants: 20 created, 0 failed | Time: 5760.2s
2026-01-22 12:29:41,940 - INFO - Progress: Products: 3 created, 56204 skipped, 1143 failed | Variants: 20 created, 0 failed | Time: 5762.8s
2026-01-22 12:29:44,413 - INFO - Progress: Products: 3 created, 56227 skipped, 1145 failed | Variants: 20 created, 0 failed | Time: 5765.3s
2026-01-22 12:29:46,813 - INFO - Progress: Products: 3 created, 56251 skipped, 1146 failed | Variants: 20 created, 0 failed | Time: 5767.7s
2026-01-22 12:29:49,189 - INFO - Progress: Products: 3 created, 56275 skipped, 1147 failed | Variants: 20 created, 0 failed | Time: 5770.1s
2026-01-22 12:29:51,588 - INFO - Progress: Products: 3 created, 56300 skipped, 1147 failed | Variants: 20 created, 0 failed | Time: 5772.5s
2026-01-22 12:29:53,917 - INFO - Progress: Products: 3 created, 56325 skipped, 1147 failed | Variants: 20 created, 0 failed | Time: 5774.8s
2026-01-22 12:29:56,313 - INFO - Progress: Products: 3 created, 56350 skipped, 1147 failed | Variants: 20 created, 0 failed | Time: 5777.2s
2026-01-22 12:29:58,779 - INFO - Progress: Products: 3 created, 56374 skipped, 1148 failed | Variants: 20 created, 0 failed | Time: 5779.7s
2026-01-22 12:30:02,724 - INFO - Progress: Products: 3 created, 56397 skipped, 1150 failed | Variants: 20 created, 0 failed | Time: 5783.6s
2026-01-22 12:30:06,702 - INFO - Progress: Products: 3 created, 56422 skipped, 1150 failed | Variants: 20 created, 0 failed | Time: 5787.6s
2026-01-22 12:30:09,157 - INFO - Progress: Products: 3 created, 56447 skipped, 1150 failed | Variants: 20 created, 0 failed | Time: 5790.1s
2026-01-22 12:30:11,902 - INFO - Progress: Products: 3 created, 56472 skipped, 1150 failed | Variants: 20 created, 0 failed | Time: 5792.8s
2026-01-22 12:30:14,350 - INFO - Progress: Products: 3 created, 56496 skipped, 1151 failed | Variants: 20 created, 0 failed | Time: 5795.2s
2026-01-22 12:30:17,835 - INFO - Progress: Products: 3 created, 56521 skipped, 1151 failed | Variants: 20 created, 0 failed | Time: 5798.7s
2026-01-22 12:30:20,328 - INFO - Progress: Products: 3 created, 56546 skipped, 1151 failed | Variants: 20 created, 0 failed | Time: 5801.2s
2026-01-22 12:30:22,743 - INFO - Progress: Products: 3 created, 56571 skipped, 1151 failed | Variants: 20 created, 0 failed | Time: 5803.6s
2026-01-22 12:30:26,164 - INFO - Progress: Products: 3 created, 56594 skipped, 1153 failed | Variants: 20 created, 0 failed | Time: 5807.1s
2026-01-22 12:30:28,600 - INFO - Progress: Products: 3 created, 56619 skipped, 1153 failed | Variants: 20 created, 0 failed | Time: 5809.5s
2026-01-22 12:30:31,103 - INFO - Progress: Products: 3 created, 56644 skipped, 1153 failed | Variants: 20 created, 0 failed | Time: 5812.0s
2026-01-22 12:30:33,533 - INFO - Progress: Products: 3 created, 56669 skipped, 1153 failed | Variants: 20 created, 0 failed | Time: 5814.4s
2026-01-22 12:30:36,050 - INFO - Progress: Products: 3 created, 56693 skipped, 1154 failed | Variants: 20 created, 0 failed | Time: 5816.9s
2026-01-22 12:30:38,539 - INFO - Progress: Products: 3 created, 56718 skipped, 1154 failed | Variants: 20 created, 0 failed | Time: 5819.4s
2026-01-22 12:30:41,192 - INFO - Progress: Products: 3 created, 56742 skipped, 1155 failed | Variants: 20 created, 0 failed | Time: 5822.1s
2026-01-22 12:30:43,720 - INFO - Progress: Products: 3 created, 56766 skipped, 1156 failed | Variants: 20 created, 0 failed | Time: 5824.6s
2026-01-22 12:30:46,263 - INFO - Progress: Products: 3 created, 56789 skipped, 1158 failed | Variants: 20 created, 0 failed | Time: 5827.2s
2026-01-22 12:30:48,815 - INFO - Progress: Products: 3 created, 56813 skipped, 1159 failed | Variants: 20 created, 0 failed | Time: 5829.7s
2026-01-22 12:30:51,240 - INFO - Progress: Products: 3 created, 56837 skipped, 1160 failed | Variants: 20 created, 0 failed | Time: 5832.1s
2026-01-22 12:30:53,794 - INFO - Progress: Products: 3 created, 56862 skipped, 1160 failed | Variants: 20 created, 0 failed | Time: 5834.7s
2026-01-22 12:30:56,251 - INFO - Progress: Products: 3 created, 56886 skipped, 1161 failed | Variants: 20 created, 0 failed | Time: 5837.1s
2026-01-22 12:30:58,768 - INFO - Progress: Products: 3 created, 56911 skipped, 1161 failed | Variants: 20 created, 0 failed | Time: 5839.7s
2026-01-22 12:31:01,695 - INFO - Progress: Products: 3 created, 56936 skipped, 1161 failed | Variants: 20 created, 0 failed | Time: 5842.6s
2026-01-22 12:31:04,626 - INFO - Progress: Products: 3 created, 56960 skipped, 1162 failed | Variants: 20 created, 0 failed | Time: 5845.5s
2026-01-22 12:31:07,134 - INFO - Progress: Products: 3 created, 56984 skipped, 1163 failed | Variants: 20 created, 0 failed | Time: 5848.0s
2026-01-22 12:31:10,650 - INFO - Progress: Products: 3 created, 57009 skipped, 1163 failed | Variants: 20 created, 0 failed | Time: 5851.5s
2026-01-22 12:31:13,381 - INFO - Progress: Products: 3 created, 57034 skipped, 1163 failed | Variants: 20 created, 0 failed | Time: 5854.3s
2026-01-22 12:31:15,794 - INFO - Progress: Products: 3 created, 57058 skipped, 1164 failed | Variants: 20 created, 0 failed | Time: 5856.7s
2026-01-22 12:31:18,312 - INFO - Progress: Products: 3 created, 57083 skipped, 1164 failed | Variants: 20 created, 0 failed | Time: 5859.2s
2026-01-22 12:31:20,812 - INFO - Progress: Products: 3 created, 57108 skipped, 1164 failed | Variants: 20 created, 0 failed | Time: 5861.7s
2026-01-22 12:31:23,356 - INFO - Progress: Products: 3 created, 57132 skipped, 1165 failed | Variants: 20 created, 0 failed | Time: 5864.3s
2026-01-22 12:31:25,852 - INFO - Progress: Products: 3 created, 57157 skipped, 1165 failed | Variants: 20 created, 0 failed | Time: 5866.8s
2026-01-22 12:31:28,227 - INFO - Progress: Products: 3 created, 57180 skipped, 1167 failed | Variants: 20 created, 0 failed | Time: 5869.1s
2026-01-22 12:31:30,615 - INFO - Progress: Products: 3 created, 57203 skipped, 1169 failed | Variants: 20 created, 0 failed | Time: 5871.5s
2026-01-22 12:31:33,119 - INFO - Progress: Products: 3 created, 57228 skipped, 1169 failed | Variants: 20 created, 0 failed | Time: 5874.0s
2026-01-22 12:31:35,599 - INFO - Progress: Products: 3 created, 57251 skipped, 1171 failed | Variants: 20 created, 0 failed | Time: 5876.5s
2026-01-22 12:31:38,078 - INFO - Progress: Products: 3 created, 57276 skipped, 1171 failed | Variants: 20 created, 0 failed | Time: 5879.0s
2026-01-22 12:31:40,551 - INFO - Progress: Products: 3 created, 57301 skipped, 1171 failed | Variants: 20 created, 0 failed | Time: 5881.4s
2026-01-22 12:31:43,231 - INFO - Progress: Products: 3 created, 57326 skipped, 1171 failed | Variants: 20 created, 0 failed | Time: 5884.1s
2026-01-22 12:31:45,726 - INFO - Progress: Products: 3 created, 57350 skipped, 1172 failed | Variants: 20 created, 0 failed | Time: 5886.6s
2026-01-22 12:31:48,149 - INFO - Progress: Products: 3 created, 57374 skipped, 1173 failed | Variants: 20 created, 0 failed | Time: 5889.0s
2026-01-22 12:31:50,535 - INFO - Progress: Products: 3 created, 57397 skipped, 1175 failed | Variants: 20 created, 0 failed | Time: 5891.4s
2026-01-22 12:31:52,989 - INFO - Progress: Products: 3 created, 57422 skipped, 1175 failed | Variants: 20 created, 0 failed | Time: 5893.9s
2026-01-22 12:31:55,438 - INFO - Progress: Products: 3 created, 57447 skipped, 1175 failed | Variants: 20 created, 0 failed | Time: 5896.3s
2026-01-22 12:31:57,838 - INFO - Progress: Products: 3 created, 57469 skipped, 1178 failed | Variants: 20 created, 0 failed | Time: 5898.7s
2026-01-22 12:32:00,387 - INFO - Progress: Products: 3 created, 57494 skipped, 1178 failed | Variants: 20 created, 0 failed | Time: 5901.3s
2026-01-22 12:32:03,337 - INFO - Progress: Products: 3 created, 57518 skipped, 1179 failed | Variants: 20 created, 0 failed | Time: 5904.2s
2026-01-22 12:32:05,888 - INFO - Progress: Products: 3 created, 57543 skipped, 1179 failed | Variants: 20 created, 0 failed | Time: 5906.8s
2026-01-22 12:32:08,395 - INFO - Progress: Products: 3 created, 57568 skipped, 1179 failed | Variants: 20 created, 0 failed | Time: 5909.3s
2026-01-22 12:32:10,804 - INFO - Progress: Products: 3 created, 57593 skipped, 1179 failed | Variants: 20 created, 0 failed | Time: 5911.7s
2026-01-22 12:32:13,438 - INFO - Progress: Products: 3 created, 57618 skipped, 1179 failed | Variants: 20 created, 0 failed | Time: 5914.3s
2026-01-22 12:32:15,898 - INFO - Progress: Products: 3 created, 57643 skipped, 1179 failed | Variants: 20 created, 0 failed | Time: 5916.8s
2026-01-22 12:32:18,338 - INFO - Progress: Products: 3 created, 57667 skipped, 1180 failed | Variants: 20 created, 0 failed | Time: 5919.2s
2026-01-22 12:32:20,835 - INFO - Progress: Products: 3 created, 57690 skipped, 1182 failed | Variants: 20 created, 0 failed | Time: 5921.7s
2026-01-22 12:32:23,357 - INFO - Progress: Products: 3 created, 57715 skipped, 1182 failed | Variants: 20 created, 0 failed | Time: 5924.3s
2026-01-22 12:32:25,905 - INFO - Progress: Products: 3 created, 57740 skipped, 1182 failed | Variants: 20 created, 0 failed | Time: 5926.8s
2026-01-22 12:32:29,510 - INFO - Progress: Products: 3 created, 57763 skipped, 1184 failed | Variants: 20 created, 0 failed | Time: 5930.4s
2026-01-22 12:32:32,044 - INFO - Progress: Products: 3 created, 57787 skipped, 1185 failed | Variants: 20 created, 0 failed | Time: 5932.9s
2026-01-22 12:32:34,534 - INFO - Progress: Products: 3 created, 57811 skipped, 1186 failed | Variants: 20 created, 0 failed | Time: 5935.4s
2026-01-22 12:32:37,036 - INFO - Progress: Products: 3 created, 57836 skipped, 1186 failed | Variants: 20 created, 0 failed | Time: 5937.9s
2026-01-22 12:32:39,586 - INFO - Progress: Products: 3 created, 57861 skipped, 1186 failed | Variants: 20 created, 0 failed | Time: 5940.5s
2026-01-22 12:32:42,312 - INFO - Progress: Products: 3 created, 57886 skipped, 1186 failed | Variants: 20 created, 0 failed | Time: 5943.2s
2026-01-22 12:32:44,694 - INFO - Progress: Products: 3 created, 57910 skipped, 1187 failed | Variants: 20 created, 0 failed | Time: 5945.6s
2026-01-22 12:32:47,113 - INFO - Progress: Products: 3 created, 57933 skipped, 1189 failed | Variants: 20 created, 0 failed | Time: 5948.0s
2026-01-22 12:32:49,592 - INFO - Progress: Products: 3 created, 57958 skipped, 1189 failed | Variants: 20 created, 0 failed | Time: 5950.5s
2026-01-22 12:32:52,041 - INFO - Progress: Products: 3 created, 57983 skipped, 1189 failed | Variants: 20 created, 0 failed | Time: 5952.9s
2026-01-22 12:32:54,488 - INFO - Progress: Products: 3 created, 58008 skipped, 1189 failed | Variants: 20 created, 0 failed | Time: 5955.4s
2026-01-22 12:32:56,912 - INFO - Progress: Products: 3 created, 58032 skipped, 1190 failed | Variants: 20 created, 0 failed | Time: 5957.8s
2026-01-22 12:32:59,389 - INFO - Progress: Products: 3 created, 58057 skipped, 1190 failed | Variants: 20 created, 0 failed | Time: 5960.3s
2026-01-22 12:33:02,309 - INFO - Progress: Products: 3 created, 58081 skipped, 1191 failed | Variants: 20 created, 0 failed | Time: 5963.2s
2026-01-22 12:33:05,415 - INFO - Progress: Products: 3 created, 58105 skipped, 1192 failed | Variants: 20 created, 0 failed | Time: 5966.3s
2026-01-22 12:33:07,949 - INFO - Progress: Products: 3 created, 58130 skipped, 1192 failed | Variants: 20 created, 0 failed | Time: 5968.8s
2026-01-22 12:33:10,441 - INFO - Progress: Products: 3 created, 58154 skipped, 1193 failed | Variants: 20 created, 0 failed | Time: 5971.3s
2026-01-22 12:33:13,226 - INFO - Progress: Products: 3 created, 58178 skipped, 1194 failed | Variants: 20 created, 0 failed | Time: 5974.1s
2026-01-22 12:33:15,787 - INFO - Progress: Products: 3 created, 58202 skipped, 1195 failed | Variants: 20 created, 0 failed | Time: 5976.7s
2026-01-22 12:33:18,242 - INFO - Progress: Products: 3 created, 58227 skipped, 1195 failed | Variants: 20 created, 0 failed | Time: 5979.1s
2026-01-22 12:33:20,633 - INFO - Progress: Products: 3 created, 58252 skipped, 1195 failed | Variants: 20 created, 0 failed | Time: 5981.5s
2026-01-22 12:33:23,105 - INFO - Progress: Products: 3 created, 58276 skipped, 1196 failed | Variants: 20 created, 0 failed | Time: 5984.0s
2026-01-22 12:33:25,590 - INFO - Progress: Products: 3 created, 58301 skipped, 1196 failed | Variants: 20 created, 0 failed | Time: 5986.5s
2026-01-22 12:33:28,007 - INFO - Progress: Products: 3 created, 58325 skipped, 1197 failed | Variants: 20 created, 0 failed | Time: 5988.9s
2026-01-22 12:33:30,431 - INFO - Progress: Products: 3 created, 58349 skipped, 1198 failed | Variants: 20 created, 0 failed | Time: 5991.3s
2026-01-22 12:33:32,814 - INFO - Progress: Products: 3 created, 58374 skipped, 1198 failed | Variants: 20 created, 0 failed | Time: 5993.7s
2026-01-22 12:33:35,327 - INFO - Progress: Products: 3 created, 58399 skipped, 1198 failed | Variants: 20 created, 0 failed | Time: 5996.2s
2026-01-22 12:33:37,737 - INFO - Progress: Products: 3 created, 58424 skipped, 1198 failed | Variants: 20 created, 0 failed | Time: 5998.6s
2026-01-22 12:33:40,208 - INFO - Progress: Products: 3 created, 58449 skipped, 1198 failed | Variants: 20 created, 0 failed | Time: 6001.1s
2026-01-22 12:33:42,988 - INFO - Progress: Products: 3 created, 58473 skipped, 1199 failed | Variants: 20 created, 0 failed | Time: 6003.9s
2026-01-22 12:33:45,450 - INFO - Progress: Products: 3 created, 58498 skipped, 1199 failed | Variants: 20 created, 0 failed | Time: 6006.3s
2026-01-22 12:33:47,853 - INFO - Progress: Products: 3 created, 58522 skipped, 1200 failed | Variants: 20 created, 0 failed | Time: 6008.8s
2026-01-22 12:33:50,517 - INFO - Progress: Products: 3 created, 58546 skipped, 1201 failed | Variants: 20 created, 0 failed | Time: 6011.4s
2026-01-22 12:33:57,128 - INFO - Progress: Products: 4 created, 58570 skipped, 1201 failed | Variants: 30 created, 0 failed | Time: 6018.0s
2026-01-22 12:33:59,911 - INFO - Progress: Products: 4 created, 58595 skipped, 1201 failed | Variants: 30 created, 0 failed | Time: 6020.8s
2026-01-22 12:34:03,199 - INFO - Progress: Products: 4 created, 58620 skipped, 1201 failed | Variants: 30 created, 0 failed | Time: 6024.1s
2026-01-22 12:34:05,938 - INFO - Progress: Products: 4 created, 58644 skipped, 1202 failed | Variants: 30 created, 0 failed | Time: 6026.8s
2026-01-22 12:34:08,510 - INFO - Progress: Products: 4 created, 58667 skipped, 1204 failed | Variants: 30 created, 0 failed | Time: 6029.4s
2026-01-22 12:34:11,288 - INFO - Progress: Products: 4 created, 58692 skipped, 1204 failed | Variants: 30 created, 0 failed | Time: 6032.2s
2026-01-22 12:34:13,820 - INFO - Progress: Products: 4 created, 58717 skipped, 1204 failed | Variants: 30 created, 0 failed | Time: 6034.7s
2026-01-22 12:34:16,407 - INFO - Progress: Products: 4 created, 58741 skipped, 1205 failed | Variants: 30 created, 0 failed | Time: 6037.3s
2026-01-22 12:34:18,825 - INFO - Progress: Products: 4 created, 58766 skipped, 1205 failed | Variants: 30 created, 0 failed | Time: 6039.7s
2026-01-22 12:34:21,209 - INFO - Progress: Products: 4 created, 58790 skipped, 1206 failed | Variants: 30 created, 0 failed | Time: 6042.1s
2026-01-22 12:34:23,655 - INFO - Progress: Products: 4 created, 58813 skipped, 1208 failed | Variants: 30 created, 0 failed | Time: 6044.6s
2026-01-22 12:34:26,139 - INFO - Progress: Products: 4 created, 58838 skipped, 1208 failed | Variants: 30 created, 0 failed | Time: 6047.0s
2026-01-22 12:34:28,518 - INFO - Progress: Products: 4 created, 58863 skipped, 1208 failed | Variants: 30 created, 0 failed | Time: 6049.4s
2026-01-22 12:34:31,013 - INFO - Progress: Products: 4 created, 58888 skipped, 1208 failed | Variants: 30 created, 0 failed | Time: 6051.9s
2026-01-22 12:34:33,580 - INFO - Progress: Products: 4 created, 58913 skipped, 1208 failed | Variants: 30 created, 0 failed | Time: 6054.5s
2026-01-22 12:34:36,152 - INFO - Progress: Products: 4 created, 58937 skipped, 1209 failed | Variants: 30 created, 0 failed | Time: 6057.1s
2026-01-22 12:34:38,700 - INFO - Progress: Products: 4 created, 58961 skipped, 1210 failed | Variants: 30 created, 0 failed | Time: 6059.6s
2026-01-22 12:34:41,505 - INFO - Progress: Products: 4 created, 58986 skipped, 1210 failed | Variants: 30 created, 0 failed | Time: 6062.4s
2026-01-22 12:34:44,049 - INFO - Progress: Products: 4 created, 59009 skipped, 1212 failed | Variants: 30 created, 0 failed | Time: 6064.9s
2026-01-22 12:34:46,706 - INFO - Progress: Products: 4 created, 59033 skipped, 1213 failed | Variants: 30 created, 0 failed | Time: 6067.6s
2026-01-22 12:34:49,233 - INFO - Progress: Products: 4 created, 59058 skipped, 1213 failed | Variants: 30 created, 0 failed | Time: 6070.1s
2026-01-22 12:34:51,689 - INFO - Progress: Products: 4 created, 59083 skipped, 1213 failed | Variants: 30 created, 0 failed | Time: 6072.6s
2026-01-22 12:34:54,097 - INFO - Progress: Products: 4 created, 59108 skipped, 1213 failed | Variants: 30 created, 0 failed | Time: 6075.0s
2026-01-22 12:34:56,613 - INFO - Progress: Products: 4 created, 59132 skipped, 1214 failed | Variants: 30 created, 0 failed | Time: 6077.5s
2026-01-22 12:34:58,978 - INFO - Progress: Products: 4 created, 59157 skipped, 1214 failed | Variants: 30 created, 0 failed | Time: 6079.9s
2026-01-22 12:35:01,683 - INFO - Progress: Products: 4 created, 59181 skipped, 1215 failed | Variants: 30 created, 0 failed | Time: 6082.6s
2026-01-22 12:35:04,793 - INFO - Progress: Products: 4 created, 59206 skipped, 1215 failed | Variants: 30 created, 0 failed | Time: 6085.7s
2026-01-22 12:35:07,278 - INFO - Progress: Products: 4 created, 59231 skipped, 1215 failed | Variants: 30 created, 0 failed | Time: 6088.2s
2026-01-22 12:35:09,735 - INFO - Progress: Products: 4 created, 59256 skipped, 1215 failed | Variants: 30 created, 0 failed | Time: 6090.6s
2026-01-22 12:35:12,525 - INFO - Progress: Products: 4 created, 59281 skipped, 1215 failed | Variants: 30 created, 0 failed | Time: 6093.4s
2026-01-22 12:35:14,997 - INFO - Progress: Products: 4 created, 59306 skipped, 1215 failed | Variants: 30 created, 0 failed | Time: 6095.9s
2026-01-22 12:35:17,417 - INFO - Progress: Products: 4 created, 59331 skipped, 1215 failed | Variants: 30 created, 0 failed | Time: 6098.3s
2026-01-22 12:35:20,646 - INFO - Progress: Products: 4 created, 59356 skipped, 1215 failed | Variants: 30 created, 0 failed | Time: 6101.5s
2026-01-22 12:35:23,029 - INFO - Progress: Products: 4 created, 59381 skipped, 1215 failed | Variants: 30 created, 0 failed | Time: 6103.9s
2026-01-22 12:35:25,517 - INFO - Progress: Products: 4 created, 59406 skipped, 1215 failed | Variants: 30 created, 0 failed | Time: 6106.4s
2026-01-22 12:35:28,518 - INFO - Progress: Products: 4 created, 59429 skipped, 1217 failed | Variants: 30 created, 0 failed | Time: 6109.4s
2026-01-22 12:35:30,944 - INFO - Progress: Products: 4 created, 59454 skipped, 1217 failed | Variants: 30 created, 0 failed | Time: 6111.8s
2026-01-22 12:35:33,465 - INFO - Progress: Products: 4 created, 59478 skipped, 1218 failed | Variants: 30 created, 0 failed | Time: 6114.4s
2026-01-22 12:35:35,944 - INFO - Progress: Products: 4 created, 59503 skipped, 1218 failed | Variants: 30 created, 0 failed | Time: 6116.8s
2026-01-22 12:35:38,409 - INFO - Progress: Products: 4 created, 59528 skipped, 1218 failed | Variants: 30 created, 0 failed | Time: 6119.3s
2026-01-22 12:35:40,832 - INFO - Progress: Products: 4 created, 59553 skipped, 1218 failed | Variants: 30 created, 0 failed | Time: 6121.7s
2026-01-22 12:35:43,478 - INFO - Progress: Products: 4 created, 59577 skipped, 1219 failed | Variants: 30 created, 0 failed | Time: 6124.4s
2026-01-22 12:35:45,842 - INFO - Progress: Products: 4 created, 59601 skipped, 1220 failed | Variants: 30 created, 0 failed | Time: 6126.7s
2026-01-22 12:35:48,223 - INFO - Progress: Products: 4 created, 59626 skipped, 1220 failed | Variants: 30 created, 0 failed | Time: 6129.1s
2026-01-22 12:35:50,599 - INFO - Progress: Products: 4 created, 59650 skipped, 1221 failed | Variants: 30 created, 0 failed | Time: 6131.5s
2026-01-22 12:35:52,998 - INFO - Progress: Products: 4 created, 59675 skipped, 1221 failed | Variants: 30 created, 0 failed | Time: 6133.9s
2026-01-22 12:35:55,355 - INFO - Progress: Products: 4 created, 59700 skipped, 1221 failed | Variants: 30 created, 0 failed | Time: 6136.3s
2026-01-22 12:35:57,741 - INFO - Progress: Products: 4 created, 59725 skipped, 1221 failed | Variants: 30 created, 0 failed | Time: 6138.6s
2026-01-22 12:36:02,563 - INFO - Progress: Products: 5 created, 59748 skipped, 1222 failed | Variants: 35 created, 0 failed | Time: 6143.5s
2026-01-22 12:36:05,402 - INFO - Progress: Products: 5 created, 59773 skipped, 1222 failed | Variants: 35 created, 0 failed | Time: 6146.3s
2026-01-22 12:36:07,892 - INFO - Progress: Products: 5 created, 59798 skipped, 1222 failed | Variants: 35 created, 0 failed | Time: 6148.8s
2026-01-22 12:36:11,319 - INFO - Progress: Products: 5 created, 59823 skipped, 1222 failed | Variants: 35 created, 0 failed | Time: 6152.2s
2026-01-22 12:36:13,797 - INFO - Progress: Products: 5 created, 59848 skipped, 1222 failed | Variants: 35 created, 0 failed | Time: 6154.7s
2026-01-22 12:36:16,234 - INFO - Progress: Products: 5 created, 59873 skipped, 1222 failed | Variants: 35 created, 0 failed | Time: 6157.1s
2026-01-22 12:36:19,580 - INFO - Progress: Products: 5 created, 59896 skipped, 1224 failed | Variants: 35 created, 0 failed | Time: 6160.5s
2026-01-22 12:36:22,501 - INFO - Progress: Products: 5 created, 59921 skipped, 1224 failed | Variants: 35 created, 0 failed | Time: 6163.4s
2026-01-22 12:36:24,893 - INFO - Progress: Products: 5 created, 59946 skipped, 1224 failed | Variants: 35 created, 0 failed | Time: 6165.8s
2026-01-22 12:36:27,299 - INFO - Progress: Products: 5 created, 59971 skipped, 1224 failed | Variants: 35 created, 0 failed | Time: 6168.2s
2026-01-22 12:36:29,717 - INFO - Progress: Products: 5 created, 59996 skipped, 1224 failed | Variants: 35 created, 0 failed | Time: 6170.6s
2026-01-22 12:36:32,239 - INFO - Progress: Products: 5 created, 60021 skipped, 1224 failed | Variants: 35 created, 0 failed | Time: 6173.1s
2026-01-22 12:36:34,818 - INFO - Progress: Products: 5 created, 60046 skipped, 1224 failed | Variants: 35 created, 0 failed | Time: 6175.7s
2026-01-22 12:36:37,235 - INFO - Progress: Products: 5 created, 60071 skipped, 1224 failed | Variants: 35 created, 0 failed | Time: 6178.1s
2026-01-22 12:36:40,710 - INFO - Progress: Products: 5 created, 60096 skipped, 1224 failed | Variants: 35 created, 0 failed | Time: 6181.6s
2026-01-22 12:36:43,328 - INFO - Progress: Products: 5 created, 60120 skipped, 1225 failed | Variants: 35 created, 0 failed | Time: 6184.2s
2026-01-22 12:36:45,752 - INFO - Progress: Products: 5 created, 60144 skipped, 1226 failed | Variants: 35 created, 0 failed | Time: 6186.7s
2026-01-22 12:36:48,200 - INFO - Progress: Products: 5 created, 60167 skipped, 1228 failed | Variants: 35 created, 0 failed | Time: 6189.1s
2026-01-22 12:36:50,555 - INFO - Progress: Products: 5 created, 60192 skipped, 1228 failed | Variants: 35 created, 0 failed | Time: 6191.5s
2026-01-22 12:36:52,947 - INFO - Progress: Products: 5 created, 60217 skipped, 1228 failed | Variants: 35 created, 0 failed | Time: 6193.8s
2026-01-22 12:36:55,414 - INFO - Progress: Products: 5 created, 60242 skipped, 1228 failed | Variants: 35 created, 0 failed | Time: 6196.3s
2026-01-22 12:36:57,815 - INFO - Progress: Products: 5 created, 60267 skipped, 1228 failed | Variants: 35 created, 0 failed | Time: 6198.7s
2026-01-22 12:37:03,286 - INFO - Progress: Products: 6 created, 60290 skipped, 1229 failed | Variants: 40 created, 0 failed | Time: 6204.2s
2026-01-22 12:37:06,011 - INFO - Progress: Products: 6 created, 60315 skipped, 1229 failed | Variants: 40 created, 0 failed | Time: 6206.9s
2026-01-22 12:37:08,523 - INFO - Progress: Products: 6 created, 60340 skipped, 1229 failed | Variants: 40 created, 0 failed | Time: 6209.4s
2026-01-22 12:37:11,948 - INFO - Progress: Products: 6 created, 60365 skipped, 1229 failed | Variants: 40 created, 0 failed | Time: 6212.8s
2026-01-22 12:37:14,340 - INFO - Progress: Products: 6 created, 60390 skipped, 1229 failed | Variants: 40 created, 0 failed | Time: 6215.2s
2026-01-22 12:37:16,803 - INFO - Progress: Products: 6 created, 60415 skipped, 1229 failed | Variants: 40 created, 0 failed | Time: 6217.7s
2026-01-22 12:37:19,611 - INFO - Progress: Products: 6 created, 60440 skipped, 1229 failed | Variants: 40 created, 0 failed | Time: 6220.5s
2026-01-22 12:37:22,289 - INFO - Progress: Products: 6 created, 60465 skipped, 1229 failed | Variants: 40 created, 0 failed | Time: 6223.2s
2026-01-22 12:37:24,725 - INFO - Progress: Products: 6 created, 60490 skipped, 1229 failed | Variants: 40 created, 0 failed | Time: 6225.6s
2026-01-22 12:37:27,100 - INFO - Progress: Products: 6 created, 60514 skipped, 1230 failed | Variants: 40 created, 0 failed | Time: 6228.0s
2026-01-22 12:37:30,411 - INFO - Progress: Products: 6 created, 60537 skipped, 1232 failed | Variants: 40 created, 0 failed | Time: 6231.3s
2026-01-22 12:37:32,927 - INFO - Progress: Products: 6 created, 60561 skipped, 1233 failed | Variants: 40 created, 0 failed | Time: 6233.8s
2026-01-22 12:37:35,306 - INFO - Progress: Products: 6 created, 60586 skipped, 1233 failed | Variants: 40 created, 0 failed | Time: 6236.2s
2026-01-22 12:37:37,743 - INFO - Progress: Products: 6 created, 60610 skipped, 1234 failed | Variants: 40 created, 0 failed | Time: 6238.6s
2026-01-22 12:37:40,095 - INFO - Progress: Products: 6 created, 60635 skipped, 1234 failed | Variants: 40 created, 0 failed | Time: 6241.0s
2026-01-22 12:37:42,749 - INFO - Progress: Products: 6 created, 60659 skipped, 1235 failed | Variants: 40 created, 0 failed | Time: 6243.6s
2026-01-22 12:37:45,268 - INFO - Progress: Products: 6 created, 60684 skipped, 1235 failed | Variants: 40 created, 0 failed | Time: 6246.2s
2026-01-22 12:37:47,690 - INFO - Progress: Products: 6 created, 60709 skipped, 1235 failed | Variants: 40 created, 0 failed | Time: 6248.6s
2026-01-22 12:37:50,289 - INFO - Progress: Products: 6 created, 60733 skipped, 1236 failed | Variants: 40 created, 0 failed | Time: 6251.2s
2026-01-22 12:37:52,748 - INFO - Progress: Products: 6 created, 60758 skipped, 1236 failed | Variants: 40 created, 0 failed | Time: 6253.6s
2026-01-22 12:37:55,127 - INFO - Progress: Products: 6 created, 60783 skipped, 1236 failed | Variants: 40 created, 0 failed | Time: 6256.0s
2026-01-22 12:37:57,609 - INFO - Progress: Products: 6 created, 60808 skipped, 1236 failed | Variants: 40 created, 0 failed | Time: 6258.5s

Batch 2262/3783 (cards 56526-56550)

Batch 2263/3783 (cards 56551-56575)

Batch 2264/3783 (cards 56576-56600)

Batch 2265/3783 (cards 56601-56625)

Batch 2266/3783 (cards 56626-56650)

Batch 2267/3783 (cards 56651-56675)

Batch 2268/3783 (cards 56676-56700)

Batch 2269/3783 (cards 56701-56725)

Batch 2270/3783 (cards 56726-56750)

Batch 2271/3783 (cards 56751-56775)

Batch 2272/3783 (cards 56776-56800)

Batch 2273/3783 (cards 56801-56825)

Batch 2274/3783 (cards 56826-56850)

Batch 2275/3783 (cards 56851-56875)

Batch 2276/3783 (cards 56876-56900)

Batch 2277/3783 (cards 56901-56925)

Batch 2278/3783 (cards 56926-56950)

Batch 2279/3783 (cards 56951-56975)

Batch 2280/3783 (cards 56976-57000)

Batch 2281/3783 (cards 57001-57025)

Batch 2282/3783 (cards 57026-57050)

Batch 2283/3783 (cards 57051-57075)

Batch 2284/3783 (cards 57076-57100)

Batch 2285/3783 (cards 57101-57125)

Batch 2286/3783 (cards 57126-57150)

Batch 2287/3783 (cards 57151-57175)

Batch 2288/3783 (cards 57176-57200)

Batch 2289/3783 (cards 57201-57225)

Batch 2290/3783 (cards 57226-57250)

Batch 2291/3783 (cards 57251-57275)

Batch 2292/3783 (cards 57276-57300)

Batch 2293/3783 (cards 57301-57325)

Batch 2294/3783 (cards 57326-57350)

Batch 2295/3783 (cards 57351-57375)

Batch 2296/3783 (cards 57376-57400)

Batch 2297/3783 (cards 57401-57425)

Batch 2298/3783 (cards 57426-57450)

Batch 2299/3783 (cards 57451-57475)

Batch 2300/3783 (cards 57476-57500)

Batch 2301/3783 (cards 57501-57525)

Batch 2302/3783 (cards 57526-57550)

Batch 2303/3783 (cards 57551-57575)

Batch 2304/3783 (cards 57576-57600)

Batch 2305/3783 (cards 57601-57625)

Batch 2306/3783 (cards 57626-57650)

Batch 2307/3783 (cards 57651-57675)

Batch 2308/3783 (cards 57676-57700)

Batch 2309/3783 (cards 57701-57725)

Batch 2310/3783 (cards 57726-57750)

Batch 2311/3783 (cards 57751-57775)

Batch 2312/3783 (cards 57776-57800)

Batch 2313/3783 (cards 57801-57825)

Batch 2314/3783 (cards 57826-57850)

Batch 2315/3783 (cards 57851-57875)

Batch 2316/3783 (cards 57876-57900)

Batch 2317/3783 (cards 57901-57925)

Batch 2318/3783 (cards 57926-57950)

Batch 2319/3783 (cards 57951-57975)

Batch 2320/3783 (cards 57976-58000)

Batch 2321/3783 (cards 58001-58025)

Batch 2322/3783 (cards 58026-58050)

Batch 2323/3783 (cards 58051-58075)

Batch 2324/3783 (cards 58076-58100)

Batch 2325/3783 (cards 58101-58125)

Batch 2326/3783 (cards 58126-58150)

Batch 2327/3783 (cards 58151-58175)

Batch 2328/3783 (cards 58176-58200)

Batch 2329/3783 (cards 58201-58225)

Batch 2330/3783 (cards 58226-58250)

Batch 2331/3783 (cards 58251-58275)

Batch 2332/3783 (cards 58276-58300)

Batch 2333/3783 (cards 58301-58325)

Batch 2334/3783 (cards 58326-58350)

Batch 2335/3783 (cards 58351-58375)

Batch 2336/3783 (cards 58376-58400)

Batch 2337/3783 (cards 58401-58425)

Batch 2338/3783 (cards 58426-58450)

Batch 2339/3783 (cards 58451-58475)

Batch 2340/3783 (cards 58476-58500)

Batch 2341/3783 (cards 58501-58525)

Batch 2342/3783 (cards 58526-58550)

Batch 2343/3783 (cards 58551-58575)

Batch 2344/3783 (cards 58576-58600)

Batch 2345/3783 (cards 58601-58625)

Batch 2346/3783 (cards 58626-58650)

Batch 2347/3783 (cards 58651-58675)

Batch 2348/3783 (cards 58676-58700)

Batch 2349/3783 (cards 58701-58725)

Batch 2350/3783 (cards 58726-58750)

Batch 2351/3783 (cards 58751-58775)

Batch 2352/3783 (cards 58776-58800)

Batch 2353/3783 (cards 58801-58825)

Batch 2354/3783 (cards 58826-58850)

Batch 2355/3783 (cards 58851-58875)

Batch 2356/3783 (cards 58876-58900)

Batch 2357/3783 (cards 58901-58925)

Batch 2358/3783 (cards 58926-58950)

Batch 2359/3783 (cards 58951-58975)

Batch 2360/3783 (cards 58976-59000)

Batch 2361/3783 (cards 59001-59025)

Batch 2362/3783 (cards 59026-59050)

Batch 2363/3783 (cards 59051-59075)

Batch 2364/3783 (cards 59076-59100)

Batch 2365/3783 (cards 59101-59125)

Batch 2366/3783 (cards 59126-59150)

Batch 2367/3783 (cards 59151-59175)

Batch 2368/3783 (cards 59176-59200)

Batch 2369/3783 (cards 59201-59225)

Batch 2370/3783 (cards 59226-59250)

Batch 2371/3783 (cards 59251-59275)

Batch 2372/3783 (cards 59276-59300)

Batch 2373/3783 (cards 59301-59325)

Batch 2374/3783 (cards 59326-59350)

Batch 2375/3783 (cards 59351-59375)

Batch 2376/3783 (cards 59376-59400)

Batch 2377/3783 (cards 59401-59425)

Batch 2378/3783 (cards 59426-59450)

Batch 2379/3783 (cards 59451-59475)

Batch 2380/3783 (cards 59476-59500)

Batch 2381/3783 (cards 59501-59525)

Batch 2382/3783 (cards 59526-59550)

Batch 2383/3783 (cards 59551-59575)

Batch 2384/3783 (cards 59576-59600)

Batch 2385/3783 (cards 59601-59625)

Batch 2386/3783 (cards 59626-59650)

Batch 2387/3783 (cards 59651-59675)

Batch 2388/3783 (cards 59676-59700)

Batch 2389/3783 (cards 59701-59725)

Batch 2390/3783 (cards 59726-59750)

Batch 2391/3783 (cards 59751-59775)

Batch 2392/3783 (cards 59776-59800)

Batch 2393/3783 (cards 59801-59825)

Batch 2394/3783 (cards 59826-59850)

Batch 2395/3783 (cards 59851-59875)

Batch 2396/3783 (cards 59876-59900)

Batch 2397/3783 (cards 59901-59925)

Batch 2398/3783 (cards 59926-59950)

Batch 2399/3783 (cards 59951-59975)

Batch 2400/3783 (cards 59976-60000)

Batch 2401/3783 (cards 60001-60025)

Batch 2402/3783 (cards 60026-60050)

Batch 2403/3783 (cards 60051-60075)

Batch 2404/3783 (cards 60076-60100)

Batch 2405/3783 (cards 60101-60125)

Batch 2406/3783 (cards 60126-60150)

Batch 2407/3783 (cards 60151-60175)

Batch 2408/3783 (cards 60176-60200)

Batch 2409/3783 (cards 60201-60225)

Batch 2410/3783 (cards 60226-60250)

Batch 2411/3783 (cards 60251-60275)

Batch 2412/3783 (cards 60276-60300)

Batch 2413/3783 (cards 60301-60325)

Batch 2414/3783 (cards 60326-60350)

Batch 2415/3783 (cards 60351-60375)

Batch 2416/3783 (cards 60376-60400)

Batch 2417/3783 (cards 60401-60425)

Batch 2418/3783 (cards 60426-60450)

Batch 2419/3783 (cards 60451-60475)

Batch 2420/3783 (cards 60476-60500)

Batch 2421/3783 (cards 60501-60525)

Batch 2422/3783 (cards 60526-60550)

Batch 2423/3783 (cards 60551-60575)

Batch 2424/3783 (cards 60576-60600)

Batch 2425/3783 (cards 60601-60625)

Batch 2426/3783 (cards 60626-60650)

Batch 2427/3783 (cards 60651-60675)

Batch 2428/3783 (cards 60676-60700)

Batch 2429/3783 (cards 60701-60725)

Batch 2430/3783 (cards 60726-60750)

Batch 2431/3783 (cards 60751-60775)

Batch 2432/3783 (cards 60776-60800)

Batch 2433/3783 (cards 60801-60825)

Batch 2434/3783 (cards 60826-60850)

Batch 2435/3783 (cards 60851-60875)

Batch 2436/3783 (cards 60876-60900)

Batch 2437/3783 (cards 60901-60925)

Batch 2438/3783 (cards 60926-60950)

Batch 2439/3783 (cards 60951-60975)

Batch 2440/3783 (cards 60976-61000)

Batch 2441/3783 (cards 61001-61025)

Batch 2442/3783 (cards 61026-61050)

Batch 2443/3783 (cards 61051-61075)

Batch 2444/3783 (cards 61076-61100)

Batch 2445/3783 (cards 61101-61125)

Batch 2446/3783 (cards 61126-61150)

Batch 2447/3783 (cards 61151-61175)

Batch 2448/3783 (cards 61176-61200)

Batch 2449/3783 (cards 61201-61225)

Batch 2450/3783 (cards 61226-61250)

Batch 2451/3783 (cards 61251-61275)

Batch 2452/3783 (cards 61276-61300)

Batch 2453/3783 (cards 61301-61325)

Batch 2454/3783 (cards 61326-61350)

Batch 2455/3783 (cards 61351-61375)

Batch 2456/3783 (cards 61376-61400)

Batch 2457/3783 (cards 61401-61425)

Batch 2458/3783 (cards 61426-61450)

Batch 2459/3783 (cards 61451-61475)

Batch 2460/3783 (cards 61476-61500)

Batch 2461/3783 (cards 61501-61525)

Batch 2462/3783 (cards 61526-61550)

Batch 2463/3783 (cards 61551-61575)

Batch 2464/3783 (cards 61576-61600)

Batch 2465/3783 (cards 61601-61625)

Batch 2466/3783 (cards 61626-61650)

Batch 2467/3783 (cards 61651-61675)

Batch 2468/3783 (cards 61676-61700)

Batch 2469/3783 (cards 61701-61725)

Batch 2470/3783 (cards 61726-61750)

Batch 2471/3783 (cards 61751-61775)

Batch 2472/3783 (cards 61776-61800)

Batch 2473/3783 (cards 61801-61825)

Batch 2474/3783 (cards 61826-61850)

Batch 2475/3783 (cards 61851-61875)

Batch 2476/3783 (cards 61876-61900)

Batch 2477/3783 (cards 61901-61925)

Batch 2478/3783 (cards 61926-61950)

Batch 2479/3783 (cards 61951-61975)

Batch 2480/3783 (cards 61976-62000)

Batch 2481/3783 (cards 62001-62025)

Batch 2482/3783 (cards 62026-62050)
2026-01-22 12:38:00,265 - INFO - Progress: Products: 6 created, 60833 skipped, 1236 failed | Variants: 40 created, 0 failed | Time: 6261.2s
2026-01-22 12:38:03,219 - INFO - Progress: Products: 6 created, 60857 skipped, 1237 failed | Variants: 40 created, 0 failed | Time: 6264.1s
2026-01-22 12:38:05,781 - INFO - Progress: Products: 6 created, 60881 skipped, 1238 failed | Variants: 40 created, 0 failed | Time: 6266.7s
2026-01-22 12:38:08,212 - INFO - Progress: Products: 6 created, 60906 skipped, 1238 failed | Variants: 40 created, 0 failed | Time: 6269.1s
2026-01-22 12:38:10,602 - INFO - Progress: Products: 6 created, 60930 skipped, 1239 failed | Variants: 40 created, 0 failed | Time: 6271.5s
2026-01-22 12:38:13,208 - INFO - Progress: Products: 6 created, 60955 skipped, 1239 failed | Variants: 40 created, 0 failed | Time: 6274.1s
2026-01-22 12:38:15,698 - INFO - Progress: Products: 6 created, 60980 skipped, 1239 failed | Variants: 40 created, 0 failed | Time: 6276.6s
2026-01-22 12:38:18,293 - INFO - Progress: Products: 6 created, 61004 skipped, 1240 failed | Variants: 40 created, 0 failed | Time: 6279.2s
2026-01-22 12:38:21,323 - INFO - Progress: Products: 6 created, 61029 skipped, 1240 failed | Variants: 40 created, 0 failed | Time: 6282.2s
2026-01-22 12:38:23,812 - INFO - Progress: Products: 6 created, 61053 skipped, 1241 failed | Variants: 40 created, 0 failed | Time: 6284.7s
2026-01-22 12:38:26,315 - INFO - Progress: Products: 6 created, 61077 skipped, 1242 failed | Variants: 40 created, 0 failed | Time: 6287.2s
2026-01-22 12:38:28,796 - INFO - Progress: Products: 6 created, 61102 skipped, 1242 failed | Variants: 40 created, 0 failed | Time: 6289.7s
2026-01-22 12:38:31,352 - INFO - Progress: Products: 6 created, 61127 skipped, 1242 failed | Variants: 40 created, 0 failed | Time: 6292.3s
2026-01-22 12:38:33,857 - INFO - Progress: Products: 6 created, 61152 skipped, 1242 failed | Variants: 40 created, 0 failed | Time: 6294.8s
2026-01-22 12:38:36,280 - INFO - Progress: Products: 6 created, 61175 skipped, 1244 failed | Variants: 40 created, 0 failed | Time: 6297.2s
2026-01-22 12:38:38,798 - INFO - Progress: Products: 6 created, 61200 skipped, 1244 failed | Variants: 40 created, 0 failed | Time: 6299.7s
2026-01-22 12:38:41,620 - INFO - Progress: Products: 6 created, 61224 skipped, 1245 failed | Variants: 40 created, 0 failed | Time: 6302.5s
2026-01-22 12:38:44,251 - INFO - Progress: Products: 6 created, 61249 skipped, 1245 failed | Variants: 40 created, 0 failed | Time: 6305.1s
2026-01-22 12:38:47,018 - INFO - Progress: Products: 6 created, 61273 skipped, 1246 failed | Variants: 40 created, 0 failed | Time: 6307.9s
2026-01-22 12:38:49,603 - INFO - Progress: Products: 6 created, 61297 skipped, 1247 failed | Variants: 40 created, 0 failed | Time: 6310.5s
2026-01-22 12:38:52,330 - INFO - Progress: Products: 6 created, 61320 skipped, 1249 failed | Variants: 40 created, 0 failed | Time: 6313.2s
2026-01-22 12:38:54,926 - INFO - Progress: Products: 6 created, 61344 skipped, 1250 failed | Variants: 40 created, 0 failed | Time: 6315.8s
2026-01-22 12:38:57,497 - INFO - Progress: Products: 6 created, 61369 skipped, 1250 failed | Variants: 40 created, 0 failed | Time: 6318.4s
2026-01-22 12:39:00,428 - INFO - Progress: Products: 6 created, 61394 skipped, 1250 failed | Variants: 40 created, 0 failed | Time: 6321.3s
2026-01-22 12:39:03,710 - INFO - Progress: Products: 6 created, 61419 skipped, 1250 failed | Variants: 40 created, 0 failed | Time: 6324.6s
2026-01-22 12:39:06,595 - INFO - Progress: Products: 6 created, 61444 skipped, 1250 failed | Variants: 40 created, 0 failed | Time: 6327.5s
2026-01-22 12:39:09,036 - INFO - Progress: Products: 6 created, 61469 skipped, 1250 failed | Variants: 40 created, 0 failed | Time: 6329.9s
2026-01-22 12:39:11,782 - INFO - Progress: Products: 6 created, 61494 skipped, 1250 failed | Variants: 40 created, 0 failed | Time: 6332.7s
2026-01-22 12:39:14,297 - INFO - Progress: Products: 6 created, 61518 skipped, 1251 failed | Variants: 40 created, 0 failed | Time: 6335.2s
2026-01-22 12:39:16,728 - INFO - Progress: Products: 6 created, 61543 skipped, 1251 failed | Variants: 40 created, 0 failed | Time: 6337.6s
2026-01-22 12:39:19,178 - INFO - Progress: Products: 6 created, 61567 skipped, 1252 failed | Variants: 40 created, 0 failed | Time: 6340.1s
2026-01-22 12:39:21,630 - INFO - Progress: Products: 6 created, 61592 skipped, 1252 failed | Variants: 40 created, 0 failed | Time: 6342.5s
2026-01-22 12:39:24,092 - INFO - Progress: Products: 6 created, 61617 skipped, 1252 failed | Variants: 40 created, 0 failed | Time: 6345.0s
2026-01-22 12:39:26,515 - INFO - Progress: Products: 6 created, 61642 skipped, 1252 failed | Variants: 40 created, 0 failed | Time: 6347.4s
2026-01-22 12:39:29,023 - INFO - Progress: Products: 6 created, 61665 skipped, 1254 failed | Variants: 40 created, 0 failed | Time: 6349.9s
2026-01-22 12:39:31,345 - INFO - Progress: Products: 6 created, 61689 skipped, 1255 failed | Variants: 40 created, 0 failed | Time: 6352.2s
2026-01-22 12:39:33,848 - INFO - Progress: Products: 6 created, 61714 skipped, 1255 failed | Variants: 40 created, 0 failed | Time: 6354.7s
2026-01-22 12:39:36,317 - INFO - Progress: Products: 6 created, 61738 skipped, 1256 failed | Variants: 40 created, 0 failed | Time: 6357.2s
2026-01-22 12:39:38,739 - INFO - Progress: Products: 6 created, 61763 skipped, 1256 failed | Variants: 40 created, 0 failed | Time: 6359.6s
2026-01-22 12:39:41,423 - INFO - Progress: Products: 6 created, 61787 skipped, 1257 failed | Variants: 40 created, 0 failed | Time: 6362.3s
2026-01-22 12:39:43,804 - INFO - Progress: Products: 6 created, 61811 skipped, 1258 failed | Variants: 40 created, 0 failed | Time: 6364.7s
2026-01-22 12:39:46,189 - INFO - Progress: Products: 6 created, 61836 skipped, 1258 failed | Variants: 40 created, 0 failed | Time: 6367.1s
2026-01-22 12:39:48,593 - INFO - Progress: Products: 6 created, 61861 skipped, 1258 failed | Variants: 40 created, 0 failed | Time: 6369.5s
2026-01-22 12:39:51,092 - INFO - Progress: Products: 6 created, 61885 skipped, 1259 failed | Variants: 40 created, 0 failed | Time: 6372.0s
2026-01-22 12:39:53,439 - INFO - Progress: Products: 6 created, 61909 skipped, 1260 failed | Variants: 40 created, 0 failed | Time: 6374.3s
2026-01-22 12:39:55,896 - INFO - Progress: Products: 6 created, 61934 skipped, 1260 failed | Variants: 40 created, 0 failed | Time: 6376.8s
2026-01-22 12:39:58,320 - INFO - Progress: Products: 6 created, 61959 skipped, 1260 failed | Variants: 40 created, 0 failed | Time: 6379.2s
2026-01-22 12:40:00,903 - INFO - Progress: Products: 6 created, 61983 skipped, 1261 failed | Variants: 40 created, 0 failed | Time: 6381.8s
2026-01-22 12:40:04,510 - INFO - Progress: Products: 6 created, 62007 skipped, 1262 failed | Variants: 40 created, 0 failed | Time: 6385.4s
2026-01-22 12:40:07,191 - INFO - Progress: Products: 6 created, 62031 skipped, 1263 failed | Variants: 40 created, 0 failed | Time: 6388.1s
2026-01-22 12:40:09,944 - INFO - Progress: Products: 6 created, 62055 skipped, 1264 failed | Variants: 40 created, 0 failed | Time: 6390.8s
2026-01-22 12:40:12,614 - INFO - Progress: Products: 6 created, 62080 skipped, 1264 failed | Variants: 40 created, 0 failed | Time: 6393.5s
2026-01-22 12:40:15,325 - INFO - Progress: Products: 6 created, 62105 skipped, 1264 failed | Variants: 40 created, 0 failed | Time: 6396.2s
2026-01-22 12:40:20,190 - INFO - Progress: Products: 6 created, 62129 skipped, 1265 failed | Variants: 40 created, 0 failed | Time: 6401.1s
2026-01-22 12:40:25,190 - INFO - Progress: Products: 6 created, 62154 skipped, 1265 failed | Variants: 40 created, 0 failed | Time: 6406.1s
2026-01-22 12:40:30,391 - INFO - Progress: Products: 6 created, 62178 skipped, 1266 failed | Variants: 40 created, 0 failed | Time: 6411.3s
2026-01-22 12:40:35,493 - INFO - Progress: Products: 6 created, 62203 skipped, 1266 failed | Variants: 40 created, 0 failed | Time: 6416.4s
2026-01-22 12:40:40,700 - INFO - Progress: Products: 6 created, 62227 skipped, 1267 failed | Variants: 40 created, 0 failed | Time: 6421.6s
2026-01-22 12:40:44,444 - INFO - Progress: Products: 6 created, 62251 skipped, 1268 failed | Variants: 40 created, 0 failed | Time: 6425.3s
2026-01-22 12:40:47,015 - INFO - Progress: Products: 6 created, 62276 skipped, 1268 failed | Variants: 40 created, 0 failed | Time: 6427.9s
2026-01-22 12:40:49,491 - INFO - Progress: Products: 6 created, 62301 skipped, 1268 failed | Variants: 40 created, 0 failed | Time: 6430.4s
2026-01-22 12:40:52,537 - INFO - Progress: Products: 6 created, 62325 skipped, 1269 failed | Variants: 40 created, 0 failed | Time: 6433.4s
2026-01-22 12:40:55,006 - INFO - Progress: Products: 6 created, 62349 skipped, 1270 failed | Variants: 40 created, 0 failed | Time: 6435.9s
2026-01-22 12:40:57,545 - INFO - Progress: Products: 6 created, 62374 skipped, 1270 failed | Variants: 40 created, 0 failed | Time: 6438.4s
2026-01-22 12:41:00,021 - INFO - Progress: Products: 6 created, 62397 skipped, 1272 failed | Variants: 40 created, 0 failed | Time: 6440.9s
2026-01-22 12:41:03,261 - INFO - Progress: Products: 6 created, 62422 skipped, 1272 failed | Variants: 40 created, 0 failed | Time: 6444.2s
2026-01-22 12:41:06,221 - INFO - Progress: Products: 6 created, 62446 skipped, 1273 failed | Variants: 40 created, 0 failed | Time: 6447.1s
2026-01-22 12:41:08,689 - INFO - Progress: Products: 6 created, 62471 skipped, 1273 failed | Variants: 40 created, 0 failed | Time: 6449.6s
2026-01-22 12:41:11,416 - INFO - Progress: Products: 6 created, 62496 skipped, 1273 failed | Variants: 40 created, 0 failed | Time: 6452.3s
2026-01-22 12:41:13,998 - INFO - Progress: Products: 6 created, 62519 skipped, 1275 failed | Variants: 40 created, 0 failed | Time: 6454.9s
2026-01-22 12:41:16,489 - INFO - Progress: Products: 6 created, 62544 skipped, 1275 failed | Variants: 40 created, 0 failed | Time: 6457.4s
2026-01-22 12:41:18,943 - INFO - Progress: Products: 6 created, 62569 skipped, 1275 failed | Variants: 40 created, 0 failed | Time: 6459.8s
2026-01-22 12:41:21,502 - INFO - Progress: Products: 6 created, 62593 skipped, 1276 failed | Variants: 40 created, 0 failed | Time: 6462.4s
2026-01-22 12:41:23,991 - INFO - Progress: Products: 6 created, 62618 skipped, 1276 failed | Variants: 40 created, 0 failed | Time: 6464.9s
2026-01-22 12:41:26,522 - INFO - Progress: Products: 6 created, 62643 skipped, 1276 failed | Variants: 40 created, 0 failed | Time: 6467.4s
2026-01-22 12:41:28,996 - INFO - Progress: Products: 6 created, 62667 skipped, 1277 failed | Variants: 40 created, 0 failed | Time: 6469.9s
2026-01-22 12:41:31,523 - INFO - Progress: Products: 6 created, 62692 skipped, 1277 failed | Variants: 40 created, 0 failed | Time: 6472.4s
2026-01-22 12:41:34,056 - INFO - Progress: Products: 6 created, 62716 skipped, 1278 failed | Variants: 40 created, 0 failed | Time: 6475.0s
2026-01-22 12:41:36,438 - INFO - Progress: Products: 6 created, 62740 skipped, 1279 failed | Variants: 40 created, 0 failed | Time: 6477.3s
2026-01-22 12:41:38,938 - INFO - Progress: Products: 6 created, 62765 skipped, 1279 failed | Variants: 40 created, 0 failed | Time: 6479.8s
2026-01-22 12:41:41,694 - INFO - Progress: Products: 6 created, 62790 skipped, 1279 failed | Variants: 40 created, 0 failed | Time: 6482.6s
2026-01-22 12:41:44,191 - INFO - Progress: Products: 6 created, 62814 skipped, 1280 failed | Variants: 40 created, 0 failed | Time: 6485.1s
2026-01-22 12:41:46,715 - INFO - Progress: Products: 6 created, 62839 skipped, 1280 failed | Variants: 40 created, 0 failed | Time: 6487.6s
2026-01-22 12:41:49,119 - INFO - Progress: Products: 6 created, 62863 skipped, 1281 failed | Variants: 40 created, 0 failed | Time: 6490.0s
2026-01-22 12:41:51,605 - INFO - Progress: Products: 6 created, 62888 skipped, 1281 failed | Variants: 40 created, 0 failed | Time: 6492.5s
2026-01-22 12:41:54,015 - INFO - Progress: Products: 6 created, 62913 skipped, 1281 failed | Variants: 40 created, 0 failed | Time: 6494.9s
2026-01-22 12:41:56,430 - INFO - Progress: Products: 6 created, 62938 skipped, 1281 failed | Variants: 40 created, 0 failed | Time: 6497.3s
2026-01-22 12:41:58,925 - INFO - Progress: Products: 6 created, 62963 skipped, 1281 failed | Variants: 40 created, 0 failed | Time: 6499.8s
2026-01-22 12:42:01,682 - INFO - Progress: Products: 6 created, 62987 skipped, 1282 failed | Variants: 40 created, 0 failed | Time: 6502.6s
2026-01-22 12:42:05,350 - INFO - Progress: Products: 6 created, 63011 skipped, 1283 failed | Variants: 40 created, 0 failed | Time: 6506.2s
2026-01-22 12:42:08,013 - INFO - Progress: Products: 6 created, 63035 skipped, 1284 failed | Variants: 40 created, 0 failed | Time: 6508.9s
2026-01-22 12:42:10,529 - INFO - Progress: Products: 6 created, 63058 skipped, 1286 failed | Variants: 40 created, 0 failed | Time: 6511.4s
2026-01-22 12:42:13,325 - INFO - Progress: Products: 6 created, 63081 skipped, 1288 failed | Variants: 40 created, 0 failed | Time: 6514.2s
2026-01-22 12:42:15,854 - INFO - Progress: Products: 6 created, 63104 skipped, 1290 failed | Variants: 40 created, 0 failed | Time: 6516.8s
2026-01-22 12:42:18,280 - INFO - Progress: Products: 6 created, 63129 skipped, 1290 failed | Variants: 40 created, 0 failed | Time: 6519.2s
2026-01-22 12:42:20,713 - INFO - Progress: Products: 6 created, 63154 skipped, 1290 failed | Variants: 40 created, 0 failed | Time: 6521.6s
2026-01-22 12:42:23,205 - INFO - Progress: Products: 6 created, 63179 skipped, 1290 failed | Variants: 40 created, 0 failed | Time: 6524.1s
2026-01-22 12:42:25,736 - INFO - Progress: Products: 6 created, 63203 skipped, 1291 failed | Variants: 40 created, 0 failed | Time: 6526.6s
2026-01-22 12:42:28,315 - INFO - Progress: Products: 6 created, 63225 skipped, 1294 failed | Variants: 40 created, 0 failed | Time: 6529.2s
2026-01-22 12:42:30,753 - INFO - Progress: Products: 6 created, 63250 skipped, 1294 failed | Variants: 40 created, 0 failed | Time: 6531.7s
2026-01-22 12:42:33,210 - INFO - Progress: Products: 6 created, 63275 skipped, 1294 failed | Variants: 40 created, 0 failed | Time: 6534.1s
2026-01-22 12:42:35,648 - INFO - Progress: Products: 6 created, 63298 skipped, 1296 failed | Variants: 40 created, 0 failed | Time: 6536.5s
2026-01-22 12:42:38,038 - INFO - Progress: Products: 6 created, 63323 skipped, 1296 failed | Variants: 40 created, 0 failed | Time: 6538.9s
2026-01-22 12:42:40,459 - INFO - Progress: Products: 6 created, 63348 skipped, 1296 failed | Variants: 40 created, 0 failed | Time: 6541.4s
2026-01-22 12:42:43,134 - INFO - Progress: Products: 6 created, 63373 skipped, 1296 failed | Variants: 40 created, 0 failed | Time: 6544.0s
2026-01-22 12:42:45,716 - INFO - Progress: Products: 6 created, 63397 skipped, 1297 failed | Variants: 40 created, 0 failed | Time: 6546.6s
2026-01-22 12:42:48,225 - INFO - Progress: Products: 6 created, 63421 skipped, 1298 failed | Variants: 40 created, 0 failed | Time: 6549.1s
2026-01-22 12:42:50,658 - INFO - Progress: Products: 6 created, 63446 skipped, 1298 failed | Variants: 40 created, 0 failed | Time: 6551.6s
2026-01-22 12:42:54,427 - INFO - Progress: Products: 6 created, 63470 skipped, 1299 failed | Variants: 40 created, 0 failed | Time: 6555.3s
2026-01-22 12:42:57,031 - INFO - Progress: Products: 6 created, 63494 skipped, 1300 failed | Variants: 40 created, 0 failed | Time: 6557.9s
2026-01-22 12:42:59,525 - INFO - Progress: Products: 6 created, 63519 skipped, 1300 failed | Variants: 40 created, 0 failed | Time: 6560.4s
2026-01-22 12:43:02,930 - INFO - Progress: Products: 6 created, 63544 skipped, 1300 failed | Variants: 40 created, 0 failed | Time: 6563.8s
2026-01-22 12:43:05,546 - INFO - Progress: Products: 6 created, 63569 skipped, 1300 failed | Variants: 40 created, 0 failed | Time: 6566.4s
2026-01-22 12:43:07,990 - INFO - Progress: Products: 6 created, 63594 skipped, 1300 failed | Variants: 40 created, 0 failed | Time: 6568.9s
2026-01-22 12:43:10,434 - INFO - Progress: Products: 6 created, 63619 skipped, 1300 failed | Variants: 40 created, 0 failed | Time: 6571.3s
2026-01-22 12:43:13,737 - INFO - Progress: Products: 6 created, 63643 skipped, 1301 failed | Variants: 40 created, 0 failed | Time: 6574.6s
2026-01-22 12:43:16,212 - INFO - Progress: Products: 6 created, 63666 skipped, 1303 failed | Variants: 40 created, 0 failed | Time: 6577.1s
2026-01-22 12:43:18,619 - INFO - Progress: Products: 6 created, 63690 skipped, 1304 failed | Variants: 40 created, 0 failed | Time: 6579.5s
2026-01-22 12:43:21,116 - INFO - Progress: Products: 6 created, 63715 skipped, 1304 failed | Variants: 40 created, 0 failed | Time: 6582.0s
2026-01-22 12:43:23,592 - INFO - Progress: Products: 6 created, 63740 skipped, 1304 failed | Variants: 40 created, 0 failed | Time: 6584.5s
2026-01-22 12:43:26,110 - INFO - Progress: Products: 6 created, 63765 skipped, 1304 failed | Variants: 40 created, 0 failed | Time: 6587.0s
2026-01-22 12:43:28,541 - INFO - Progress: Products: 6 created, 63789 skipped, 1305 failed | Variants: 40 created, 0 failed | Time: 6589.4s
2026-01-22 12:43:31,060 - INFO - Progress: Products: 6 created, 63813 skipped, 1306 failed | Variants: 40 created, 0 failed | Time: 6592.0s
2026-01-22 12:43:33,617 - INFO - Progress: Products: 6 created, 63838 skipped, 1306 failed | Variants: 40 created, 0 failed | Time: 6594.5s
2026-01-22 12:43:36,103 - INFO - Progress: Products: 6 created, 63861 skipped, 1308 failed | Variants: 40 created, 0 failed | Time: 6597.0s
2026-01-22 12:43:38,587 - INFO - Progress: Products: 6 created, 63885 skipped, 1309 failed | Variants: 40 created, 0 failed | Time: 6599.5s
2026-01-22 12:43:41,279 - INFO - Progress: Products: 6 created, 63909 skipped, 1310 failed | Variants: 40 created, 0 failed | Time: 6602.2s
2026-01-22 12:43:43,628 - INFO - Progress: Products: 6 created, 63933 skipped, 1311 failed | Variants: 40 created, 0 failed | Time: 6604.5s
2026-01-22 12:43:46,043 - INFO - Progress: Products: 6 created, 63958 skipped, 1311 failed | Variants: 40 created, 0 failed | Time: 6606.9s
2026-01-22 12:43:48,538 - INFO - Progress: Products: 6 created, 63983 skipped, 1311 failed | Variants: 40 created, 0 failed | Time: 6609.4s
2026-01-22 12:43:51,014 - INFO - Progress: Products: 6 created, 64007 skipped, 1312 failed | Variants: 40 created, 0 failed | Time: 6611.9s
2026-01-22 12:43:54,907 - INFO - Progress: Products: 6 created, 64031 skipped, 1313 failed | Variants: 40 created, 0 failed | Time: 6615.8s
2026-01-22 12:43:57,344 - INFO - Progress: Products: 6 created, 64056 skipped, 1313 failed | Variants: 40 created, 0 failed | Time: 6618.2s
2026-01-22 12:43:59,916 - INFO - Progress: Products: 6 created, 64081 skipped, 1313 failed | Variants: 40 created, 0 failed | Time: 6620.8s
2026-01-22 12:44:02,948 - INFO - Progress: Products: 6 created, 64106 skipped, 1313 failed | Variants: 40 created, 0 failed | Time: 6623.8s
2026-01-22 12:44:05,501 - INFO - Progress: Products: 6 created, 64129 skipped, 1315 failed | Variants: 40 created, 0 failed | Time: 6626.4s
2026-01-22 12:44:07,937 - INFO - Progress: Products: 6 created, 64153 skipped, 1316 failed | Variants: 40 created, 0 failed | Time: 6628.8s
2026-01-22 12:44:10,428 - INFO - Progress: Products: 6 created, 64178 skipped, 1316 failed | Variants: 40 created, 0 failed | Time: 6631.3s
2026-01-22 12:44:13,108 - INFO - Progress: Products: 6 created, 64202 skipped, 1317 failed | Variants: 40 created, 0 failed | Time: 6634.0s
2026-01-22 12:44:15,509 - INFO - Progress: Products: 6 created, 64227 skipped, 1317 failed | Variants: 40 created, 0 failed | Time: 6636.4s
2026-01-22 12:44:17,986 - INFO - Progress: Products: 6 created, 64251 skipped, 1318 failed | Variants: 40 created, 0 failed | Time: 6638.9s
2026-01-22 12:44:20,333 - INFO - Progress: Products: 6 created, 64275 skipped, 1319 failed | Variants: 40 created, 0 failed | Time: 6641.2s
2026-01-22 12:44:22,730 - INFO - Progress: Products: 6 created, 64299 skipped, 1320 failed | Variants: 40 created, 0 failed | Time: 6643.6s
2026-01-22 12:44:25,114 - INFO - Progress: Products: 6 created, 64324 skipped, 1320 failed | Variants: 40 created, 0 failed | Time: 6646.0s
2026-01-22 12:44:27,589 - INFO - Progress: Products: 6 created, 64349 skipped, 1320 failed | Variants: 40 created, 0 failed | Time: 6648.5s
2026-01-22 12:44:30,006 - INFO - Progress: Products: 6 created, 64374 skipped, 1320 failed | Variants: 40 created, 0 failed | Time: 6650.9s
2026-01-22 12:44:32,492 - INFO - Progress: Products: 6 created, 64399 skipped, 1320 failed | Variants: 40 created, 0 failed | Time: 6653.4s
2026-01-22 12:44:34,994 - INFO - Progress: Products: 6 created, 64424 skipped, 1320 failed | Variants: 40 created, 0 failed | Time: 6655.9s
2026-01-22 12:44:37,428 - INFO - Progress: Products: 6 created, 64449 skipped, 1320 failed | Variants: 40 created, 0 failed | Time: 6658.3s
2026-01-22 12:44:39,825 - INFO - Progress: Products: 6 created, 64474 skipped, 1320 failed | Variants: 40 created, 0 failed | Time: 6660.7s
2026-01-22 12:44:42,503 - INFO - Progress: Products: 6 created, 64499 skipped, 1320 failed | Variants: 40 created, 0 failed | Time: 6663.4s
2026-01-22 12:44:44,840 - INFO - Progress: Products: 6 created, 64524 skipped, 1320 failed | Variants: 40 created, 0 failed | Time: 6665.7s
2026-01-22 12:44:47,309 - INFO - Progress: Products: 6 created, 64549 skipped, 1320 failed | Variants: 40 created, 0 failed | Time: 6668.2s
2026-01-22 12:44:49,709 - INFO - Progress: Products: 6 created, 64573 skipped, 1321 failed | Variants: 40 created, 0 failed | Time: 6670.6s
2026-01-22 12:44:52,095 - INFO - Progress: Products: 6 created, 64598 skipped, 1321 failed | Variants: 40 created, 0 failed | Time: 6673.0s
2026-01-22 12:44:54,443 - INFO - Progress: Products: 6 created, 64622 skipped, 1322 failed | Variants: 40 created, 0 failed | Time: 6675.3s
2026-01-22 12:44:56,846 - INFO - Progress: Products: 6 created, 64647 skipped, 1322 failed | Variants: 40 created, 0 failed | Time: 6677.7s
2026-01-22 12:44:59,251 - INFO - Progress: Products: 6 created, 64672 skipped, 1322 failed | Variants: 40 created, 0 failed | Time: 6680.1s
2026-01-22 12:45:02,922 - INFO - Progress: Products: 6 created, 64697 skipped, 1322 failed | Variants: 40 created, 0 failed | Time: 6683.8s
2026-01-22 12:45:05,528 - INFO - Progress: Products: 6 created, 64722 skipped, 1322 failed | Variants: 40 created, 0 failed | Time: 6686.4s
2026-01-22 12:45:08,006 - INFO - Progress: Products: 6 created, 64747 skipped, 1322 failed | Variants: 40 created, 0 failed | Time: 6688.9s
2026-01-22 12:45:10,513 - INFO - Progress: Products: 6 created, 64772 skipped, 1322 failed | Variants: 40 created, 0 failed | Time: 6691.4s
2026-01-22 12:45:14,180 - INFO - Progress: Products: 6 created, 64796 skipped, 1323 failed | Variants: 40 created, 0 failed | Time: 6695.1s
2026-01-22 12:45:16,589 - INFO - Progress: Products: 6 created, 64821 skipped, 1323 failed | Variants: 40 created, 0 failed | Time: 6697.5s
2026-01-22 12:45:19,038 - INFO - Progress: Products: 6 created, 64844 skipped, 1325 failed | Variants: 40 created, 0 failed | Time: 6699.9s
2026-01-22 12:45:21,555 - INFO - Progress: Products: 6 created, 64869 skipped, 1325 failed | Variants: 40 created, 0 failed | Time: 6702.5s
2026-01-22 12:45:24,009 - INFO - Progress: Products: 6 created, 64893 skipped, 1326 failed | Variants: 40 created, 0 failed | Time: 6704.9s
2026-01-22 12:45:26,431 - INFO - Progress: Products: 6 created, 64918 skipped, 1326 failed | Variants: 40 created, 0 failed | Time: 6707.3s
2026-01-22 12:45:28,813 - INFO - Progress: Products: 6 created, 64943 skipped, 1326 failed | Variants: 40 created, 0 failed | Time: 6709.7s
2026-01-22 12:45:31,227 - INFO - Progress: Products: 6 created, 64968 skipped, 1326 failed | Variants: 40 created, 0 failed | Time: 6712.1s
2026-01-22 12:45:33,693 - INFO - Progress: Products: 6 created, 64993 skipped, 1326 failed | Variants: 40 created, 0 failed | Time: 6714.6s
2026-01-22 12:45:36,111 - INFO - Progress: Products: 6 created, 65017 skipped, 1327 failed | Variants: 40 created, 0 failed | Time: 6717.0s
2026-01-22 12:45:38,528 - INFO - Progress: Products: 6 created, 65041 skipped, 1328 failed | Variants: 40 created, 0 failed | Time: 6719.4s
2026-01-22 12:45:40,987 - INFO - Progress: Products: 6 created, 65066 skipped, 1328 failed | Variants: 40 created, 0 failed | Time: 6721.9s
2026-01-22 12:45:43,627 - INFO - Progress: Products: 6 created, 65089 skipped, 1330 failed | Variants: 40 created, 0 failed | Time: 6724.5s
2026-01-22 12:45:46,119 - INFO - Progress: Products: 6 created, 65114 skipped, 1330 failed | Variants: 40 created, 0 failed | Time: 6727.0s
2026-01-22 12:45:48,510 - INFO - Progress: Products: 6 created, 65139 skipped, 1330 failed | Variants: 40 created, 0 failed | Time: 6729.4s
2026-01-22 12:45:50,946 - INFO - Progress: Products: 6 created, 65164 skipped, 1330 failed | Variants: 40 created, 0 failed | Time: 6731.8s
2026-01-22 12:45:53,347 - INFO - Progress: Products: 6 created, 65189 skipped, 1330 failed | Variants: 40 created, 0 failed | Time: 6734.2s
2026-01-22 12:45:55,779 - INFO - Progress: Products: 6 created, 65213 skipped, 1331 failed | Variants: 40 created, 0 failed | Time: 6736.7s
2026-01-22 12:45:58,141 - INFO - Progress: Products: 6 created, 65237 skipped, 1332 failed | Variants: 40 created, 0 failed | Time: 6739.0s
2026-01-22 12:46:00,634 - INFO - Progress: Products: 6 created, 65261 skipped, 1333 failed | Variants: 40 created, 0 failed | Time: 6741.5s
2026-01-22 12:46:03,937 - INFO - Progress: Products: 6 created, 65285 skipped, 1334 failed | Variants: 40 created, 0 failed | Time: 6744.8s
2026-01-22 12:46:06,710 - INFO - Progress: Products: 6 created, 65310 skipped, 1334 failed | Variants: 40 created, 0 failed | Time: 6747.6s
2026-01-22 12:46:09,009 - INFO - Progress: Products: 6 created, 65335 skipped, 1334 failed | Variants: 40 created, 0 failed | Time: 6749.9s
2026-01-22 12:46:11,653 - INFO - Progress: Products: 6 created, 65360 skipped, 1334 failed | Variants: 40 created, 0 failed | Time: 6752.6s
2026-01-22 12:46:14,126 - INFO - Progress: Products: 6 created, 65385 skipped, 1334 failed | Variants: 40 created, 0 failed | Time: 6755.0s
2026-01-22 12:46:16,638 - INFO - Progress: Products: 6 created, 65408 skipped, 1336 failed | Variants: 40 created, 0 failed | Time: 6757.5s
2026-01-22 12:46:19,130 - INFO - Progress: Products: 6 created, 65433 skipped, 1336 failed | Variants: 40 created, 0 failed | Time: 6760.0s
2026-01-22 12:46:21,634 - INFO - Progress: Products: 6 created, 65457 skipped, 1337 failed | Variants: 40 created, 0 failed | Time: 6762.5s
2026-01-22 12:46:24,002 - INFO - Progress: Products: 6 created, 65482 skipped, 1337 failed | Variants: 40 created, 0 failed | Time: 6764.9s
2026-01-22 12:46:26,409 - INFO - Progress: Products: 6 created, 65507 skipped, 1337 failed | Variants: 40 created, 0 failed | Time: 6767.3s
2026-01-22 12:46:28,724 - INFO - Progress: Products: 6 created, 65531 skipped, 1338 failed | Variants: 40 created, 0 failed | Time: 6769.6s
2026-01-22 12:46:31,031 - INFO - Progress: Products: 6 created, 65555 skipped, 1339 failed | Variants: 40 created, 0 failed | Time: 6771.9s
2026-01-22 12:46:38,614 - INFO - Progress: Products: 7 created, 65578 skipped, 1340 failed | Variants: 50 created, 0 failed | Time: 6779.5s
2026-01-22 12:46:41,179 - INFO - Progress: Products: 7 created, 65602 skipped, 1341 failed | Variants: 50 created, 0 failed | Time: 6782.1s
2026-01-22 12:46:43,608 - INFO - Progress: Products: 7 created, 65627 skipped, 1341 failed | Variants: 50 created, 0 failed | Time: 6784.5s
2026-01-22 12:46:46,009 - INFO - Progress: Products: 7 created, 65651 skipped, 1342 failed | Variants: 50 created, 0 failed | Time: 6786.9s
2026-01-22 12:46:48,409 - INFO - Progress: Products: 7 created, 65676 skipped, 1342 failed | Variants: 50 created, 0 failed | Time: 6789.3s
2026-01-22 12:46:50,910 - INFO - Progress: Products: 7 created, 65701 skipped, 1342 failed | Variants: 50 created, 0 failed | Time: 6791.8s
2026-01-22 12:46:53,383 - INFO - Progress: Products: 7 created, 65726 skipped, 1342 failed | Variants: 50 created, 0 failed | Time: 6794.3s
2026-01-22 12:46:55,835 - INFO - Progress: Products: 7 created, 65751 skipped, 1342 failed | Variants: 50 created, 0 failed | Time: 6796.7s
2026-01-22 12:46:58,298 - INFO - Progress: Products: 7 created, 65776 skipped, 1342 failed | Variants: 50 created, 0 failed | Time: 6799.2s
2026-01-22 12:47:00,800 - INFO - Progress: Products: 7 created, 65801 skipped, 1342 failed | Variants: 50 created, 0 failed | Time: 6801.7s
2026-01-22 12:47:04,317 - INFO - Progress: Products: 7 created, 65825 skipped, 1343 failed | Variants: 50 created, 0 failed | Time: 6805.2s
2026-01-22 12:47:07,010 - INFO - Progress: Products: 7 created, 65850 skipped, 1343 failed | Variants: 50 created, 0 failed | Time: 6807.9s
2026-01-22 12:47:09,513 - INFO - Progress: Products: 7 created, 65875 skipped, 1343 failed | Variants: 50 created, 0 failed | Time: 6810.4s
2026-01-22 12:47:12,310 - INFO - Progress: Products: 7 created, 65900 skipped, 1343 failed | Variants: 50 created, 0 failed | Time: 6813.2s
2026-01-22 12:47:14,717 - INFO - Progress: Products: 7 created, 65924 skipped, 1344 failed | Variants: 50 created, 0 failed | Time: 6815.6s
2026-01-22 12:47:17,206 - INFO - Progress: Products: 7 created, 65949 skipped, 1344 failed | Variants: 50 created, 0 failed | Time: 6818.1s
2026-01-22 12:47:19,707 - INFO - Progress: Products: 7 created, 65973 skipped, 1345 failed | Variants: 50 created, 0 failed | Time: 6820.6s
2026-01-22 12:47:22,242 - INFO - Progress: Products: 7 created, 65998 skipped, 1345 failed | Variants: 50 created, 0 failed | Time: 6823.1s
2026-01-22 12:47:24,905 - INFO - Progress: Products: 7 created, 66021 skipped, 1347 failed | Variants: 50 created, 0 failed | Time: 6825.8s
2026-01-22 12:47:27,410 - INFO - Progress: Products: 7 created, 66046 skipped, 1347 failed | Variants: 50 created, 0 failed | Time: 6828.3s
2026-01-22 12:47:29,922 - INFO - Progress: Products: 7 created, 66070 skipped, 1348 failed | Variants: 50 created, 0 failed | Time: 6830.8s
2026-01-22 12:47:32,401 - INFO - Progress: Products: 7 created, 66094 skipped, 1349 failed | Variants: 50 created, 0 failed | Time: 6833.3s
2026-01-22 12:47:34,819 - INFO - Progress: Products: 7 created, 66118 skipped, 1350 failed | Variants: 50 created, 0 failed | Time: 6835.7s
2026-01-22 12:47:37,420 - INFO - Progress: Products: 7 created, 66142 skipped, 1351 failed | Variants: 50 created, 0 failed | Time: 6838.3s
2026-01-22 12:47:39,989 - INFO - Progress: Products: 7 created, 66167 skipped, 1351 failed | Variants: 50 created, 0 failed | Time: 6840.9s
2026-01-22 12:47:42,691 - INFO - Progress: Products: 7 created, 66191 skipped, 1352 failed | Variants: 50 created, 0 failed | Time: 6843.6s
2026-01-22 12:47:45,029 - INFO - Progress: Products: 7 created, 66216 skipped, 1352 failed | Variants: 50 created, 0 failed | Time: 6845.9s

Batch 2483/3783 (cards 62051-62075)

Batch 2484/3783 (cards 62076-62100)

Batch 2485/3783 (cards 62101-62125)

Batch 2486/3783 (cards 62126-62150)

Batch 2487/3783 (cards 62151-62175)

Batch 2488/3783 (cards 62176-62200)

Batch 2489/3783 (cards 62201-62225)

Batch 2490/3783 (cards 62226-62250)

Batch 2491/3783 (cards 62251-62275)

Batch 2492/3783 (cards 62276-62300)

Batch 2493/3783 (cards 62301-62325)

Batch 2494/3783 (cards 62326-62350)

Batch 2495/3783 (cards 62351-62375)

Batch 2496/3783 (cards 62376-62400)

Batch 2497/3783 (cards 62401-62425)

Batch 2498/3783 (cards 62426-62450)

Batch 2499/3783 (cards 62451-62475)

Batch 2500/3783 (cards 62476-62500)

Batch 2501/3783 (cards 62501-62525)

Batch 2502/3783 (cards 62526-62550)

Batch 2503/3783 (cards 62551-62575)

Batch 2504/3783 (cards 62576-62600)

Batch 2505/3783 (cards 62601-62625)

Batch 2506/3783 (cards 62626-62650)

Batch 2507/3783 (cards 62651-62675)

Batch 2508/3783 (cards 62676-62700)

Batch 2509/3783 (cards 62701-62725)

Batch 2510/3783 (cards 62726-62750)

Batch 2511/3783 (cards 62751-62775)

Batch 2512/3783 (cards 62776-62800)

Batch 2513/3783 (cards 62801-62825)

Batch 2514/3783 (cards 62826-62850)

Batch 2515/3783 (cards 62851-62875)

Batch 2516/3783 (cards 62876-62900)

Batch 2517/3783 (cards 62901-62925)

Batch 2518/3783 (cards 62926-62950)

Batch 2519/3783 (cards 62951-62975)

Batch 2520/3783 (cards 62976-63000)

Batch 2521/3783 (cards 63001-63025)

Batch 2522/3783 (cards 63026-63050)

Batch 2523/3783 (cards 63051-63075)

Batch 2524/3783 (cards 63076-63100)

Batch 2525/3783 (cards 63101-63125)

Batch 2526/3783 (cards 63126-63150)

Batch 2527/3783 (cards 63151-63175)

Batch 2528/3783 (cards 63176-63200)

Batch 2529/3783 (cards 63201-63225)

Batch 2530/3783 (cards 63226-63250)

Batch 2531/3783 (cards 63251-63275)

Batch 2532/3783 (cards 63276-63300)

Batch 2533/3783 (cards 63301-63325)

Batch 2534/3783 (cards 63326-63350)

Batch 2535/3783 (cards 63351-63375)

Batch 2536/3783 (cards 63376-63400)

Batch 2537/3783 (cards 63401-63425)

Batch 2538/3783 (cards 63426-63450)

Batch 2539/3783 (cards 63451-63475)

Batch 2540/3783 (cards 63476-63500)

Batch 2541/3783 (cards 63501-63525)

Batch 2542/3783 (cards 63526-63550)

Batch 2543/3783 (cards 63551-63575)

Batch 2544/3783 (cards 63576-63600)

Batch 2545/3783 (cards 63601-63625)

Batch 2546/3783 (cards 63626-63650)

Batch 2547/3783 (cards 63651-63675)

Batch 2548/3783 (cards 63676-63700)

Batch 2549/3783 (cards 63701-63725)

Batch 2550/3783 (cards 63726-63750)

Batch 2551/3783 (cards 63751-63775)

Batch 2552/3783 (cards 63776-63800)

Batch 2553/3783 (cards 63801-63825)

Batch 2554/3783 (cards 63826-63850)

Batch 2555/3783 (cards 63851-63875)

Batch 2556/3783 (cards 63876-63900)

Batch 2557/3783 (cards 63901-63925)

Batch 2558/3783 (cards 63926-63950)

Batch 2559/3783 (cards 63951-63975)

Batch 2560/3783 (cards 63976-64000)

Batch 2561/3783 (cards 64001-64025)

Batch 2562/3783 (cards 64026-64050)

Batch 2563/3783 (cards 64051-64075)

Batch 2564/3783 (cards 64076-64100)

Batch 2565/3783 (cards 64101-64125)

Batch 2566/3783 (cards 64126-64150)

Batch 2567/3783 (cards 64151-64175)

Batch 2568/3783 (cards 64176-64200)

Batch 2569/3783 (cards 64201-64225)

Batch 2570/3783 (cards 64226-64250)

Batch 2571/3783 (cards 64251-64275)

Batch 2572/3783 (cards 64276-64300)

Batch 2573/3783 (cards 64301-64325)

Batch 2574/3783 (cards 64326-64350)

Batch 2575/3783 (cards 64351-64375)

Batch 2576/3783 (cards 64376-64400)

Batch 2577/3783 (cards 64401-64425)

Batch 2578/3783 (cards 64426-64450)

Batch 2579/3783 (cards 64451-64475)

Batch 2580/3783 (cards 64476-64500)

Batch 2581/3783 (cards 64501-64525)

Batch 2582/3783 (cards 64526-64550)

Batch 2583/3783 (cards 64551-64575)

Batch 2584/3783 (cards 64576-64600)

Batch 2585/3783 (cards 64601-64625)

Batch 2586/3783 (cards 64626-64650)

Batch 2587/3783 (cards 64651-64675)

Batch 2588/3783 (cards 64676-64700)

Batch 2589/3783 (cards 64701-64725)

Batch 2590/3783 (cards 64726-64750)

Batch 2591/3783 (cards 64751-64775)

Batch 2592/3783 (cards 64776-64800)

Batch 2593/3783 (cards 64801-64825)

Batch 2594/3783 (cards 64826-64850)

Batch 2595/3783 (cards 64851-64875)

Batch 2596/3783 (cards 64876-64900)

Batch 2597/3783 (cards 64901-64925)

Batch 2598/3783 (cards 64926-64950)

Batch 2599/3783 (cards 64951-64975)

Batch 2600/3783 (cards 64976-65000)

Batch 2601/3783 (cards 65001-65025)

Batch 2602/3783 (cards 65026-65050)

Batch 2603/3783 (cards 65051-65075)

Batch 2604/3783 (cards 65076-65100)

Batch 2605/3783 (cards 65101-65125)

Batch 2606/3783 (cards 65126-65150)

Batch 2607/3783 (cards 65151-65175)

Batch 2608/3783 (cards 65176-65200)

Batch 2609/3783 (cards 65201-65225)

Batch 2610/3783 (cards 65226-65250)

Batch 2611/3783 (cards 65251-65275)

Batch 2612/3783 (cards 65276-65300)

Batch 2613/3783 (cards 65301-65325)

Batch 2614/3783 (cards 65326-65350)

Batch 2615/3783 (cards 65351-65375)

Batch 2616/3783 (cards 65376-65400)

Batch 2617/3783 (cards 65401-65425)

Batch 2618/3783 (cards 65426-65450)

Batch 2619/3783 (cards 65451-65475)

Batch 2620/3783 (cards 65476-65500)

Batch 2621/3783 (cards 65501-65525)

Batch 2622/3783 (cards 65526-65550)

Batch 2623/3783 (cards 65551-65575)

Batch 2624/3783 (cards 65576-65600)

Batch 2625/3783 (cards 65601-65625)

Batch 2626/3783 (cards 65626-65650)

Batch 2627/3783 (cards 65651-65675)

Batch 2628/3783 (cards 65676-65700)

Batch 2629/3783 (cards 65701-65725)

Batch 2630/3783 (cards 65726-65750)

Batch 2631/3783 (cards 65751-65775)

Batch 2632/3783 (cards 65776-65800)

Batch 2633/3783 (cards 65801-65825)

Batch 2634/3783 (cards 65826-65850)

Batch 2635/3783 (cards 65851-65875)

Batch 2636/3783 (cards 65876-65900)

Batch 2637/3783 (cards 65901-65925)

Batch 2638/3783 (cards 65926-65950)

Batch 2639/3783 (cards 65951-65975)

Batch 2640/3783 (cards 65976-66000)

Batch 2641/3783 (cards 66001-66025)

Batch 2642/3783 (cards 66026-66050)

Batch 2643/3783 (cards 66051-66075)

Batch 2644/3783 (cards 66076-66100)

Batch 2645/3783 (cards 66101-66125)

Batch 2646/3783 (cards 66126-66150)

Batch 2647/3783 (cards 66151-66175)

Batch 2648/3783 (cards 66176-66200)

Batch 2649/3783 (cards 66201-66225)

Batch 2650/3783 (cards 66226-66250)

Batch 2651/3783 (cards 66251-66275)

Batch 2652/3783 (cards 66276-66300)

Batch 2653/3783 (cards 66301-66325)

Batch 2654/3783 (cards 66326-66350)

Batch 2655/3783 (cards 66351-66375)

Batch 2656/3783 (cards 66376-66400)

Batch 2657/3783 (cards 66401-66425)

Batch 2658/3783 (cards 66426-66450)

Batch 2659/3783 (cards 66451-66475)

Batch 2660/3783 (cards 66476-66500)

Batch 2661/3783 (cards 66501-66525)

Batch 2662/3783 (cards 66526-66550)

Batch 2663/3783 (cards 66551-66575)

Batch 2664/3783 (cards 66576-66600)

Batch 2665/3783 (cards 66601-66625)

Batch 2666/3783 (cards 66626-66650)

Batch 2667/3783 (cards 66651-66675)

Batch 2668/3783 (cards 66676-66700)

Batch 2669/3783 (cards 66701-66725)

Batch 2670/3783 (cards 66726-66750)

Batch 2671/3783 (cards 66751-66775)

Batch 2672/3783 (cards 66776-66800)

Batch 2673/3783 (cards 66801-66825)

Batch 2674/3783 (cards 66826-66850)

Batch 2675/3783 (cards 66851-66875)

Batch 2676/3783 (cards 66876-66900)

Batch 2677/3783 (cards 66901-66925)

Batch 2678/3783 (cards 66926-66950)

Batch 2679/3783 (cards 66951-66975)

Batch 2680/3783 (cards 66976-67000)

Batch 2681/3783 (cards 67001-67025)

Batch 2682/3783 (cards 67026-67050)

Batch 2683/3783 (cards 67051-67075)

Batch 2684/3783 (cards 67076-67100)

Batch 2685/3783 (cards 67101-67125)

Batch 2686/3783 (cards 67126-67150)

Batch 2687/3783 (cards 67151-67175)

Batch 2688/3783 (cards 67176-67200)

Batch 2689/3783 (cards 67201-67225)

Batch 2690/3783 (cards 67226-67250)

Batch 2691/3783 (cards 67251-67275)

Batch 2692/3783 (cards 67276-67300)

Batch 2693/3783 (cards 67301-67325)

Batch 2694/3783 (cards 67326-67350)

Batch 2695/3783 (cards 67351-67375)

Batch 2696/3783 (cards 67376-67400)

Batch 2697/3783 (cards 67401-67425)

Batch 2698/3783 (cards 67426-67450)

Batch 2699/3783 (cards 67451-67475)

Batch 2700/3783 (cards 67476-67500)

Batch 2701/3783 (cards 67501-67525)

Batch 2702/3783 (cards 67526-67550)

Batch 2703/3783 (cards 67551-67575)
2026-01-22 12:47:47,402 - INFO - Progress: Products: 7 created, 66239 skipped, 1354 failed | Variants: 50 created, 0 failed | Time: 6848.3s
2026-01-22 12:47:49,734 - INFO - Progress: Products: 7 created, 66264 skipped, 1354 failed | Variants: 50 created, 0 failed | Time: 6850.6s
2026-01-22 12:47:52,090 - INFO - Progress: Products: 7 created, 66287 skipped, 1356 failed | Variants: 50 created, 0 failed | Time: 6853.0s
2026-01-22 12:47:54,511 - INFO - Progress: Products: 7 created, 66312 skipped, 1356 failed | Variants: 50 created, 0 failed | Time: 6855.4s
2026-01-22 12:47:56,993 - INFO - Progress: Products: 7 created, 66337 skipped, 1356 failed | Variants: 50 created, 0 failed | Time: 6857.9s
2026-01-22 12:47:59,316 - INFO - Progress: Products: 7 created, 66361 skipped, 1357 failed | Variants: 50 created, 0 failed | Time: 6860.2s
2026-01-22 12:48:02,607 - INFO - Progress: Products: 7 created, 66386 skipped, 1357 failed | Variants: 50 created, 0 failed | Time: 6863.5s
2026-01-22 12:48:05,610 - INFO - Progress: Products: 7 created, 66410 skipped, 1358 failed | Variants: 50 created, 0 failed | Time: 6866.5s
2026-01-22 12:48:08,015 - INFO - Progress: Products: 7 created, 66435 skipped, 1358 failed | Variants: 50 created, 0 failed | Time: 6868.9s
2026-01-22 12:48:10,515 - INFO - Progress: Products: 7 created, 66460 skipped, 1358 failed | Variants: 50 created, 0 failed | Time: 6871.4s
2026-01-22 12:48:13,348 - INFO - Progress: Products: 7 created, 66482 skipped, 1361 failed | Variants: 50 created, 0 failed | Time: 6874.2s
2026-01-22 12:48:15,805 - INFO - Progress: Products: 7 created, 66507 skipped, 1361 failed | Variants: 50 created, 0 failed | Time: 6876.7s
2026-01-22 12:48:18,210 - INFO - Progress: Products: 7 created, 66532 skipped, 1361 failed | Variants: 50 created, 0 failed | Time: 6879.1s
2026-01-22 12:48:20,806 - INFO - Progress: Products: 7 created, 66557 skipped, 1361 failed | Variants: 50 created, 0 failed | Time: 6881.7s
2026-01-22 12:48:23,289 - INFO - Progress: Products: 7 created, 66582 skipped, 1361 failed | Variants: 50 created, 0 failed | Time: 6884.2s
2026-01-22 12:48:25,726 - INFO - Progress: Products: 7 created, 66607 skipped, 1361 failed | Variants: 50 created, 0 failed | Time: 6886.6s
2026-01-22 12:48:28,110 - INFO - Progress: Products: 7 created, 66632 skipped, 1361 failed | Variants: 50 created, 0 failed | Time: 6889.0s
2026-01-22 12:48:30,505 - INFO - Progress: Products: 7 created, 66657 skipped, 1361 failed | Variants: 50 created, 0 failed | Time: 6891.4s
2026-01-22 12:48:32,824 - INFO - Progress: Products: 7 created, 66682 skipped, 1361 failed | Variants: 50 created, 0 failed | Time: 6893.7s
2026-01-22 12:48:35,290 - INFO - Progress: Products: 7 created, 66707 skipped, 1361 failed | Variants: 50 created, 0 failed | Time: 6896.2s
2026-01-22 12:48:37,712 - INFO - Progress: Products: 7 created, 66732 skipped, 1361 failed | Variants: 50 created, 0 failed | Time: 6898.6s
2026-01-22 12:48:40,103 - INFO - Progress: Products: 7 created, 66757 skipped, 1361 failed | Variants: 50 created, 0 failed | Time: 6901.0s
2026-01-22 12:48:42,750 - INFO - Progress: Products: 7 created, 66782 skipped, 1361 failed | Variants: 50 created, 0 failed | Time: 6903.6s
2026-01-22 12:48:45,252 - INFO - Progress: Products: 7 created, 66807 skipped, 1361 failed | Variants: 50 created, 0 failed | Time: 6906.2s
2026-01-22 12:48:47,609 - INFO - Progress: Products: 7 created, 66832 skipped, 1361 failed | Variants: 50 created, 0 failed | Time: 6908.5s
2026-01-22 12:48:50,107 - INFO - Progress: Products: 7 created, 66857 skipped, 1361 failed | Variants: 50 created, 0 failed | Time: 6911.0s
2026-01-22 12:48:52,602 - INFO - Progress: Products: 7 created, 66882 skipped, 1361 failed | Variants: 50 created, 0 failed | Time: 6913.5s
2026-01-22 12:48:55,191 - INFO - Progress: Products: 7 created, 66906 skipped, 1362 failed | Variants: 50 created, 0 failed | Time: 6916.1s
2026-01-22 12:48:57,816 - INFO - Progress: Products: 7 created, 66929 skipped, 1364 failed | Variants: 50 created, 0 failed | Time: 6918.7s
2026-01-22 12:49:00,492 - INFO - Progress: Products: 7 created, 66952 skipped, 1366 failed | Variants: 50 created, 0 failed | Time: 6921.4s
2026-01-22 12:49:03,695 - INFO - Progress: Products: 7 created, 66977 skipped, 1366 failed | Variants: 50 created, 0 failed | Time: 6924.6s
2026-01-22 12:49:06,323 - INFO - Progress: Products: 7 created, 67001 skipped, 1367 failed | Variants: 50 created, 0 failed | Time: 6927.2s
2026-01-22 12:49:08,901 - INFO - Progress: Products: 7 created, 67024 skipped, 1369 failed | Variants: 50 created, 0 failed | Time: 6929.8s
2026-01-22 12:49:11,599 - INFO - Progress: Products: 7 created, 67049 skipped, 1369 failed | Variants: 50 created, 0 failed | Time: 6932.5s
2026-01-22 12:49:14,028 - INFO - Progress: Products: 7 created, 67073 skipped, 1370 failed | Variants: 50 created, 0 failed | Time: 6934.9s
2026-01-22 12:49:16,543 - INFO - Progress: Products: 7 created, 67098 skipped, 1370 failed | Variants: 50 created, 0 failed | Time: 6937.4s
2026-01-22 12:49:18,926 - INFO - Progress: Products: 7 created, 67123 skipped, 1370 failed | Variants: 50 created, 0 failed | Time: 6939.8s
2026-01-22 12:49:21,354 - INFO - Progress: Products: 7 created, 67148 skipped, 1370 failed | Variants: 50 created, 0 failed | Time: 6942.3s
2026-01-22 12:49:23,799 - INFO - Progress: Products: 7 created, 67172 skipped, 1371 failed | Variants: 50 created, 0 failed | Time: 6944.7s
2026-01-22 12:49:26,312 - INFO - Progress: Products: 7 created, 67197 skipped, 1371 failed | Variants: 50 created, 0 failed | Time: 6947.2s
2026-01-22 12:49:28,806 - INFO - Progress: Products: 7 created, 67220 skipped, 1373 failed | Variants: 50 created, 0 failed | Time: 6949.7s
2026-01-22 12:49:31,292 - INFO - Progress: Products: 7 created, 67245 skipped, 1373 failed | Variants: 50 created, 0 failed | Time: 6952.2s
2026-01-22 12:49:33,703 - INFO - Progress: Products: 7 created, 67268 skipped, 1375 failed | Variants: 50 created, 0 failed | Time: 6954.6s
2026-01-22 12:49:36,316 - INFO - Progress: Products: 7 created, 67292 skipped, 1376 failed | Variants: 50 created, 0 failed | Time: 6957.2s
2026-01-22 12:49:39,008 - INFO - Progress: Products: 7 created, 67317 skipped, 1376 failed | Variants: 50 created, 0 failed | Time: 6959.9s
2026-01-22 12:49:41,720 - INFO - Progress: Products: 7 created, 67341 skipped, 1377 failed | Variants: 50 created, 0 failed | Time: 6962.6s
2026-01-22 12:49:44,312 - INFO - Progress: Products: 7 created, 67366 skipped, 1377 failed | Variants: 50 created, 0 failed | Time: 6965.2s
2026-01-22 12:49:46,723 - INFO - Progress: Products: 7 created, 67391 skipped, 1377 failed | Variants: 50 created, 0 failed | Time: 6967.6s
2026-01-22 12:49:49,195 - INFO - Progress: Products: 7 created, 67416 skipped, 1377 failed | Variants: 50 created, 0 failed | Time: 6970.1s
2026-01-22 12:49:51,738 - INFO - Progress: Products: 7 created, 67439 skipped, 1379 failed | Variants: 50 created, 0 failed | Time: 6972.6s
2026-01-22 12:49:54,281 - INFO - Progress: Products: 7 created, 67464 skipped, 1379 failed | Variants: 50 created, 0 failed | Time: 6975.2s
2026-01-22 12:49:56,716 - INFO - Progress: Products: 7 created, 67489 skipped, 1379 failed | Variants: 50 created, 0 failed | Time: 6977.6s
2026-01-22 12:49:59,193 - INFO - Progress: Products: 7 created, 67514 skipped, 1379 failed | Variants: 50 created, 0 failed | Time: 6980.1s
2026-01-22 12:50:02,368 - INFO - Progress: Products: 7 created, 67537 skipped, 1381 failed | Variants: 50 created, 0 failed | Time: 6983.3s
2026-01-22 12:50:05,309 - INFO - Progress: Products: 7 created, 67562 skipped, 1381 failed | Variants: 50 created, 0 failed | Time: 6986.2s
2026-01-22 12:50:07,804 - INFO - Progress: Products: 7 created, 67586 skipped, 1382 failed | Variants: 50 created, 0 failed | Time: 6988.7s
2026-01-22 12:50:10,301 - INFO - Progress: Products: 7 created, 67611 skipped, 1382 failed | Variants: 50 created, 0 failed | Time: 6991.2s
2026-01-22 12:50:13,214 - INFO - Progress: Products: 7 created, 67636 skipped, 1382 failed | Variants: 50 created, 0 failed | Time: 6994.1s
2026-01-22 12:50:15,800 - INFO - Progress: Products: 7 created, 67661 skipped, 1382 failed | Variants: 50 created, 0 failed | Time: 6996.7s
2026-01-22 12:50:18,213 - INFO - Progress: Products: 7 created, 67686 skipped, 1382 failed | Variants: 50 created, 0 failed | Time: 6999.1s
2026-01-22 12:50:20,800 - INFO - Progress: Products: 7 created, 67711 skipped, 1382 failed | Variants: 50 created, 0 failed | Time: 7001.7s
2026-01-22 12:50:23,327 - INFO - Progress: Products: 7 created, 67735 skipped, 1383 failed | Variants: 50 created, 0 failed | Time: 7004.2s
2026-01-22 12:50:25,838 - INFO - Progress: Products: 7 created, 67760 skipped, 1383 failed | Variants: 50 created, 0 failed | Time: 7006.7s
2026-01-22 12:50:28,282 - INFO - Progress: Products: 7 created, 67784 skipped, 1384 failed | Variants: 50 created, 0 failed | Time: 7009.2s
2026-01-22 12:50:30,653 - INFO - Progress: Products: 7 created, 67809 skipped, 1384 failed | Variants: 50 created, 0 failed | Time: 7011.6s
2026-01-22 12:50:33,204 - INFO - Progress: Products: 7 created, 67833 skipped, 1385 failed | Variants: 50 created, 0 failed | Time: 7014.1s
2026-01-22 12:50:35,904 - INFO - Progress: Products: 7 created, 67858 skipped, 1385 failed | Variants: 50 created, 0 failed | Time: 7016.8s
2026-01-22 12:50:38,323 - INFO - Progress: Products: 7 created, 67883 skipped, 1385 failed | Variants: 50 created, 0 failed | Time: 7019.2s
2026-01-22 12:50:40,723 - INFO - Progress: Products: 7 created, 67906 skipped, 1387 failed | Variants: 50 created, 0 failed | Time: 7021.6s
2026-01-22 12:50:43,406 - INFO - Progress: Products: 7 created, 67931 skipped, 1387 failed | Variants: 50 created, 0 failed | Time: 7024.3s
2026-01-22 12:50:46,005 - INFO - Progress: Products: 7 created, 67956 skipped, 1387 failed | Variants: 50 created, 0 failed | Time: 7026.9s
2026-01-22 12:50:48,429 - INFO - Progress: Products: 7 created, 67980 skipped, 1388 failed | Variants: 50 created, 0 failed | Time: 7029.3s
2026-01-22 12:50:50,851 - INFO - Progress: Products: 7 created, 68005 skipped, 1388 failed | Variants: 50 created, 0 failed | Time: 7031.7s
2026-01-22 12:50:53,196 - INFO - Progress: Products: 7 created, 68030 skipped, 1388 failed | Variants: 50 created, 0 failed | Time: 7034.1s
2026-01-22 12:50:55,601 - INFO - Progress: Products: 7 created, 68055 skipped, 1388 failed | Variants: 50 created, 0 failed | Time: 7036.5s
2026-01-22 12:50:57,996 - INFO - Progress: Products: 7 created, 68080 skipped, 1388 failed | Variants: 50 created, 0 failed | Time: 7038.9s
2026-01-22 12:51:00,353 - INFO - Progress: Products: 7 created, 68105 skipped, 1388 failed | Variants: 50 created, 0 failed | Time: 7041.3s
2026-01-22 12:51:03,337 - INFO - Progress: Products: 7 created, 68130 skipped, 1388 failed | Variants: 50 created, 0 failed | Time: 7044.2s
2026-01-22 12:51:05,890 - INFO - Progress: Products: 7 created, 68154 skipped, 1389 failed | Variants: 50 created, 0 failed | Time: 7046.8s
2026-01-22 12:51:08,302 - INFO - Progress: Products: 7 created, 68178 skipped, 1390 failed | Variants: 50 created, 0 failed | Time: 7049.2s
2026-01-22 12:51:10,816 - INFO - Progress: Products: 7 created, 68203 skipped, 1390 failed | Variants: 50 created, 0 failed | Time: 7051.7s
2026-01-22 12:51:13,725 - INFO - Progress: Products: 7 created, 68228 skipped, 1390 failed | Variants: 50 created, 0 failed | Time: 7054.6s
2026-01-22 12:51:16,265 - INFO - Progress: Products: 7 created, 68252 skipped, 1391 failed | Variants: 50 created, 0 failed | Time: 7057.2s
2026-01-22 12:51:18,815 - INFO - Progress: Products: 7 created, 68277 skipped, 1391 failed | Variants: 50 created, 0 failed | Time: 7059.7s
2026-01-22 12:51:21,327 - INFO - Progress: Products: 7 created, 68302 skipped, 1391 failed | Variants: 50 created, 0 failed | Time: 7062.2s
2026-01-22 12:51:23,936 - INFO - Progress: Products: 7 created, 68327 skipped, 1391 failed | Variants: 50 created, 0 failed | Time: 7064.8s
2026-01-22 12:51:26,503 - INFO - Progress: Products: 7 created, 68352 skipped, 1391 failed | Variants: 50 created, 0 failed | Time: 7067.4s
2026-01-22 12:51:28,915 - INFO - Progress: Products: 7 created, 68377 skipped, 1391 failed | Variants: 50 created, 0 failed | Time: 7069.8s
2026-01-22 12:51:31,395 - INFO - Progress: Products: 7 created, 68401 skipped, 1392 failed | Variants: 50 created, 0 failed | Time: 7072.3s
2026-01-22 12:51:33,804 - INFO - Progress: Products: 7 created, 68425 skipped, 1393 failed | Variants: 50 created, 0 failed | Time: 7074.7s
2026-01-22 12:51:36,309 - INFO - Progress: Products: 7 created, 68450 skipped, 1393 failed | Variants: 50 created, 0 failed | Time: 7077.2s
2026-01-22 12:51:38,723 - INFO - Progress: Products: 7 created, 68475 skipped, 1393 failed | Variants: 50 created, 0 failed | Time: 7079.6s
2026-01-22 12:51:41,414 - INFO - Progress: Products: 7 created, 68500 skipped, 1393 failed | Variants: 50 created, 0 failed | Time: 7082.3s
2026-01-22 12:51:43,821 - INFO - Progress: Products: 7 created, 68524 skipped, 1394 failed | Variants: 50 created, 0 failed | Time: 7084.7s
2026-01-22 12:51:46,331 - INFO - Progress: Products: 7 created, 68549 skipped, 1394 failed | Variants: 50 created, 0 failed | Time: 7087.2s
2026-01-22 12:51:48,738 - INFO - Progress: Products: 7 created, 68574 skipped, 1394 failed | Variants: 50 created, 0 failed | Time: 7089.6s
2026-01-22 12:51:51,087 - INFO - Progress: Products: 7 created, 68598 skipped, 1395 failed | Variants: 50 created, 0 failed | Time: 7092.0s
2026-01-22 12:51:53,418 - INFO - Progress: Products: 7 created, 68622 skipped, 1396 failed | Variants: 50 created, 0 failed | Time: 7094.3s
2026-01-22 12:51:55,889 - INFO - Progress: Products: 7 created, 68646 skipped, 1397 failed | Variants: 50 created, 0 failed | Time: 7096.8s
2026-01-22 12:51:58,211 - INFO - Progress: Products: 7 created, 68669 skipped, 1399 failed | Variants: 50 created, 0 failed | Time: 7099.1s
2026-01-22 12:52:00,789 - INFO - Progress: Products: 7 created, 68693 skipped, 1400 failed | Variants: 50 created, 0 failed | Time: 7101.7s
2026-01-22 12:52:04,212 - INFO - Progress: Products: 7 created, 68718 skipped, 1400 failed | Variants: 50 created, 0 failed | Time: 7105.1s
2026-01-22 12:52:07,092 - INFO - Progress: Products: 7 created, 68742 skipped, 1401 failed | Variants: 50 created, 0 failed | Time: 7108.0s
2026-01-22 12:52:09,605 - INFO - Progress: Products: 7 created, 68767 skipped, 1401 failed | Variants: 50 created, 0 failed | Time: 7110.5s
2026-01-22 12:52:12,308 - INFO - Progress: Products: 7 created, 68792 skipped, 1401 failed | Variants: 50 created, 0 failed | Time: 7113.2s
2026-01-22 12:52:14,815 - INFO - Progress: Products: 7 created, 68815 skipped, 1403 failed | Variants: 50 created, 0 failed | Time: 7115.7s
2026-01-22 12:52:17,220 - INFO - Progress: Products: 7 created, 68840 skipped, 1403 failed | Variants: 50 created, 0 failed | Time: 7118.1s
2026-01-22 12:52:19,615 - INFO - Progress: Products: 7 created, 68864 skipped, 1404 failed | Variants: 50 created, 0 failed | Time: 7120.5s
2026-01-22 12:52:22,139 - INFO - Progress: Products: 7 created, 68888 skipped, 1405 failed | Variants: 50 created, 0 failed | Time: 7123.0s
2026-01-22 12:52:24,616 - INFO - Progress: Products: 7 created, 68912 skipped, 1406 failed | Variants: 50 created, 0 failed | Time: 7125.5s
2026-01-22 12:52:27,191 - INFO - Progress: Products: 7 created, 68937 skipped, 1406 failed | Variants: 50 created, 0 failed | Time: 7128.1s
2026-01-22 12:52:29,890 - INFO - Progress: Products: 7 created, 68962 skipped, 1406 failed | Variants: 50 created, 0 failed | Time: 7130.8s
2026-01-22 12:52:32,351 - INFO - Progress: Products: 7 created, 68987 skipped, 1406 failed | Variants: 50 created, 0 failed | Time: 7133.2s
2026-01-22 12:52:34,729 - INFO - Progress: Products: 7 created, 69011 skipped, 1407 failed | Variants: 50 created, 0 failed | Time: 7135.6s
2026-01-22 12:52:37,201 - INFO - Progress: Products: 7 created, 69036 skipped, 1407 failed | Variants: 50 created, 0 failed | Time: 7138.1s
2026-01-22 12:52:39,724 - INFO - Progress: Products: 7 created, 69061 skipped, 1407 failed | Variants: 50 created, 0 failed | Time: 7140.6s
2026-01-22 12:52:42,412 - INFO - Progress: Products: 7 created, 69086 skipped, 1407 failed | Variants: 50 created, 0 failed | Time: 7143.3s
2026-01-22 12:52:44,814 - INFO - Progress: Products: 7 created, 69111 skipped, 1407 failed | Variants: 50 created, 0 failed | Time: 7145.7s
2026-01-22 12:52:47,301 - INFO - Progress: Products: 7 created, 69136 skipped, 1407 failed | Variants: 50 created, 0 failed | Time: 7148.2s
2026-01-22 12:52:49,832 - INFO - Progress: Products: 7 created, 69160 skipped, 1408 failed | Variants: 50 created, 0 failed | Time: 7150.7s
2026-01-22 12:52:52,314 - INFO - Progress: Products: 7 created, 69183 skipped, 1410 failed | Variants: 50 created, 0 failed | Time: 7153.2s
2026-01-22 12:52:54,715 - INFO - Progress: Products: 7 created, 69205 skipped, 1413 failed | Variants: 50 created, 0 failed | Time: 7155.6s
2026-01-22 12:52:57,288 - INFO - Progress: Products: 7 created, 69229 skipped, 1414 failed | Variants: 50 created, 0 failed | Time: 7158.2s
2026-01-22 12:52:59,793 - INFO - Progress: Products: 7 created, 69254 skipped, 1414 failed | Variants: 50 created, 0 failed | Time: 7160.7s
2026-01-22 12:53:02,940 - INFO - Progress: Products: 7 created, 69279 skipped, 1414 failed | Variants: 50 created, 0 failed | Time: 7163.8s
2026-01-22 12:53:05,607 - INFO - Progress: Products: 7 created, 69303 skipped, 1415 failed | Variants: 50 created, 0 failed | Time: 7166.5s
2026-01-22 12:53:08,112 - INFO - Progress: Products: 7 created, 69328 skipped, 1415 failed | Variants: 50 created, 0 failed | Time: 7169.0s
2026-01-22 12:53:10,480 - INFO - Progress: Products: 7 created, 69353 skipped, 1415 failed | Variants: 50 created, 0 failed | Time: 7171.4s
2026-01-22 12:53:13,096 - INFO - Progress: Products: 7 created, 69377 skipped, 1416 failed | Variants: 50 created, 0 failed | Time: 7174.0s
2026-01-22 12:53:15,526 - INFO - Progress: Products: 7 created, 69402 skipped, 1416 failed | Variants: 50 created, 0 failed | Time: 7176.4s
2026-01-22 12:53:17,820 - INFO - Progress: Products: 7 created, 69427 skipped, 1416 failed | Variants: 50 created, 0 failed | Time: 7178.7s
2026-01-22 12:53:20,313 - INFO - Progress: Products: 7 created, 69452 skipped, 1416 failed | Variants: 50 created, 0 failed | Time: 7181.2s
2026-01-22 12:53:22,827 - INFO - Progress: Products: 7 created, 69477 skipped, 1416 failed | Variants: 50 created, 0 failed | Time: 7183.7s
2026-01-22 12:53:25,182 - INFO - Progress: Products: 7 created, 69501 skipped, 1417 failed | Variants: 50 created, 0 failed | Time: 7186.1s
2026-01-22 12:53:27,726 - INFO - Progress: Products: 7 created, 69525 skipped, 1418 failed | Variants: 50 created, 0 failed | Time: 7188.6s
2026-01-22 12:53:30,198 - INFO - Progress: Products: 7 created, 69550 skipped, 1418 failed | Variants: 50 created, 0 failed | Time: 7191.1s
2026-01-22 12:53:32,611 - INFO - Progress: Products: 7 created, 69575 skipped, 1418 failed | Variants: 50 created, 0 failed | Time: 7193.5s
2026-01-22 12:53:35,100 - INFO - Progress: Products: 7 created, 69600 skipped, 1418 failed | Variants: 50 created, 0 failed | Time: 7196.0s
2026-01-22 12:53:37,418 - INFO - Progress: Products: 7 created, 69625 skipped, 1418 failed | Variants: 50 created, 0 failed | Time: 7198.3s
2026-01-22 12:53:39,927 - INFO - Progress: Products: 7 created, 69649 skipped, 1419 failed | Variants: 50 created, 0 failed | Time: 7200.8s
2026-01-22 12:53:42,711 - INFO - Progress: Products: 7 created, 69674 skipped, 1419 failed | Variants: 50 created, 0 failed | Time: 7203.6s
2026-01-22 12:53:45,285 - INFO - Progress: Products: 7 created, 69698 skipped, 1420 failed | Variants: 50 created, 0 failed | Time: 7206.2s
2026-01-22 12:53:47,789 - INFO - Progress: Products: 7 created, 69722 skipped, 1421 failed | Variants: 50 created, 0 failed | Time: 7208.7s
2026-01-22 12:53:50,317 - INFO - Progress: Products: 7 created, 69745 skipped, 1423 failed | Variants: 50 created, 0 failed | Time: 7211.2s
2026-01-22 12:53:53,001 - INFO - Progress: Products: 7 created, 69769 skipped, 1424 failed | Variants: 50 created, 0 failed | Time: 7213.9s
2026-01-22 12:53:55,508 - INFO - Progress: Products: 7 created, 69794 skipped, 1424 failed | Variants: 50 created, 0 failed | Time: 7216.4s
2026-01-22 12:53:57,996 - INFO - Progress: Products: 7 created, 69819 skipped, 1424 failed | Variants: 50 created, 0 failed | Time: 7218.9s
2026-01-22 12:54:00,509 - INFO - Progress: Products: 7 created, 69844 skipped, 1424 failed | Variants: 50 created, 0 failed | Time: 7221.4s
2026-01-22 12:54:03,917 - INFO - Progress: Products: 7 created, 69869 skipped, 1424 failed | Variants: 50 created, 0 failed | Time: 7224.8s
2026-01-22 12:54:06,514 - INFO - Progress: Products: 7 created, 69894 skipped, 1424 failed | Variants: 50 created, 0 failed | Time: 7227.4s
2026-01-22 12:54:08,901 - INFO - Progress: Products: 7 created, 69919 skipped, 1424 failed | Variants: 50 created, 0 failed | Time: 7229.8s
2026-01-22 12:54:11,717 - INFO - Progress: Products: 7 created, 69943 skipped, 1425 failed | Variants: 50 created, 0 failed | Time: 7232.6s
2026-01-22 12:54:14,241 - INFO - Progress: Products: 7 created, 69967 skipped, 1426 failed | Variants: 50 created, 0 failed | Time: 7235.1s
2026-01-22 12:54:16,808 - INFO - Progress: Products: 7 created, 69992 skipped, 1426 failed | Variants: 50 created, 0 failed | Time: 7237.7s
2026-01-22 12:54:19,306 - INFO - Progress: Products: 7 created, 70017 skipped, 1426 failed | Variants: 50 created, 0 failed | Time: 7240.2s
2026-01-22 12:54:21,719 - INFO - Progress: Products: 7 created, 70042 skipped, 1426 failed | Variants: 50 created, 0 failed | Time: 7242.6s
2026-01-22 12:54:24,114 - INFO - Progress: Products: 7 created, 70067 skipped, 1426 failed | Variants: 50 created, 0 failed | Time: 7245.0s
2026-01-22 12:54:26,515 - INFO - Progress: Products: 7 created, 70092 skipped, 1426 failed | Variants: 50 created, 0 failed | Time: 7247.4s
2026-01-22 12:54:28,838 - INFO - Progress: Products: 7 created, 70117 skipped, 1426 failed | Variants: 50 created, 0 failed | Time: 7249.7s
2026-01-22 12:54:31,195 - INFO - Progress: Products: 7 created, 70142 skipped, 1426 failed | Variants: 50 created, 0 failed | Time: 7252.1s
2026-01-22 12:54:33,628 - INFO - Progress: Products: 7 created, 70167 skipped, 1426 failed | Variants: 50 created, 0 failed | Time: 7254.5s
2026-01-22 12:54:36,006 - INFO - Progress: Products: 7 created, 70192 skipped, 1426 failed | Variants: 50 created, 0 failed | Time: 7256.9s
2026-01-22 12:54:38,410 - INFO - Progress: Products: 7 created, 70217 skipped, 1426 failed | Variants: 50 created, 0 failed | Time: 7259.3s
2026-01-22 12:54:41,082 - INFO - Progress: Products: 7 created, 70242 skipped, 1426 failed | Variants: 50 created, 0 failed | Time: 7262.0s
2026-01-22 12:54:43,522 - INFO - Progress: Products: 7 created, 70267 skipped, 1426 failed | Variants: 50 created, 0 failed | Time: 7264.4s
2026-01-22 12:54:45,905 - INFO - Progress: Products: 7 created, 70291 skipped, 1427 failed | Variants: 50 created, 0 failed | Time: 7266.8s
2026-01-22 12:54:48,330 - INFO - Progress: Products: 7 created, 70313 skipped, 1430 failed | Variants: 50 created, 0 failed | Time: 7269.2s
2026-01-22 12:54:50,619 - INFO - Progress: Products: 7 created, 70338 skipped, 1430 failed | Variants: 50 created, 0 failed | Time: 7271.5s
2026-01-22 12:54:52,944 - INFO - Progress: Products: 7 created, 70363 skipped, 1430 failed | Variants: 50 created, 0 failed | Time: 7273.8s
2026-01-22 12:54:55,389 - INFO - Progress: Products: 7 created, 70388 skipped, 1430 failed | Variants: 50 created, 0 failed | Time: 7276.3s
2026-01-22 12:54:57,693 - INFO - Progress: Products: 7 created, 70411 skipped, 1432 failed | Variants: 50 created, 0 failed | Time: 7278.6s
2026-01-22 12:55:00,253 - INFO - Progress: Products: 7 created, 70435 skipped, 1433 failed | Variants: 50 created, 0 failed | Time: 7281.2s
2026-01-22 12:55:03,404 - INFO - Progress: Products: 7 created, 70460 skipped, 1433 failed | Variants: 50 created, 0 failed | Time: 7284.3s
2026-01-22 12:55:06,069 - INFO - Progress: Products: 7 created, 70485 skipped, 1433 failed | Variants: 50 created, 0 failed | Time: 7287.0s
2026-01-22 12:55:08,441 - INFO - Progress: Products: 7 created, 70509 skipped, 1434 failed | Variants: 50 created, 0 failed | Time: 7289.3s
2026-01-22 12:55:10,820 - INFO - Progress: Products: 7 created, 70533 skipped, 1435 failed | Variants: 50 created, 0 failed | Time: 7291.7s
2026-01-22 12:55:13,415 - INFO - Progress: Products: 7 created, 70557 skipped, 1436 failed | Variants: 50 created, 0 failed | Time: 7294.3s
2026-01-22 12:55:15,795 - INFO - Progress: Products: 7 created, 70582 skipped, 1436 failed | Variants: 50 created, 0 failed | Time: 7296.7s
2026-01-22 12:55:18,090 - INFO - Progress: Products: 7 created, 70607 skipped, 1436 failed | Variants: 50 created, 0 failed | Time: 7299.0s
2026-01-22 12:55:20,429 - INFO - Progress: Products: 7 created, 70632 skipped, 1436 failed | Variants: 50 created, 0 failed | Time: 7301.3s
2026-01-22 12:55:22,798 - INFO - Progress: Products: 7 created, 70657 skipped, 1436 failed | Variants: 50 created, 0 failed | Time: 7303.7s
2026-01-22 12:55:25,121 - INFO - Progress: Products: 7 created, 70682 skipped, 1436 failed | Variants: 50 created, 0 failed | Time: 7306.0s
2026-01-22 12:55:27,581 - INFO - Progress: Products: 7 created, 70707 skipped, 1436 failed | Variants: 50 created, 0 failed | Time: 7308.5s
2026-01-22 12:55:29,908 - INFO - Progress: Products: 7 created, 70732 skipped, 1436 failed | Variants: 50 created, 0 failed | Time: 7310.8s
2026-01-22 12:55:32,300 - INFO - Progress: Products: 7 created, 70756 skipped, 1437 failed | Variants: 50 created, 0 failed | Time: 7313.2s
2026-01-22 12:55:34,796 - INFO - Progress: Products: 7 created, 70781 skipped, 1437 failed | Variants: 50 created, 0 failed | Time: 7315.7s
2026-01-22 12:55:37,295 - INFO - Progress: Products: 7 created, 70806 skipped, 1437 failed | Variants: 50 created, 0 failed | Time: 7318.2s
2026-01-22 12:55:39,703 - INFO - Progress: Products: 7 created, 70831 skipped, 1437 failed | Variants: 50 created, 0 failed | Time: 7320.6s
2026-01-22 12:55:42,504 - INFO - Progress: Products: 7 created, 70855 skipped, 1438 failed | Variants: 50 created, 0 failed | Time: 7323.4s
2026-01-22 12:55:44,910 - INFO - Progress: Products: 7 created, 70880 skipped, 1438 failed | Variants: 50 created, 0 failed | Time: 7325.8s
2026-01-22 12:55:47,396 - INFO - Progress: Products: 7 created, 70903 skipped, 1440 failed | Variants: 50 created, 0 failed | Time: 7328.3s
2026-01-22 12:55:49,899 - INFO - Progress: Products: 7 created, 70927 skipped, 1441 failed | Variants: 50 created, 0 failed | Time: 7330.8s
2026-01-22 12:55:52,397 - INFO - Progress: Products: 7 created, 70952 skipped, 1441 failed | Variants: 50 created, 0 failed | Time: 7333.3s
2026-01-22 12:55:54,892 - INFO - Progress: Products: 7 created, 70977 skipped, 1441 failed | Variants: 50 created, 0 failed | Time: 7335.8s
2026-01-22 12:55:57,440 - INFO - Progress: Products: 7 created, 71001 skipped, 1442 failed | Variants: 50 created, 0 failed | Time: 7338.3s
2026-01-22 12:55:59,905 - INFO - Progress: Products: 7 created, 71026 skipped, 1442 failed | Variants: 50 created, 0 failed | Time: 7340.8s
2026-01-22 12:56:03,517 - INFO - Progress: Products: 7 created, 71050 skipped, 1443 failed | Variants: 50 created, 0 failed | Time: 7344.4s
2026-01-22 12:56:06,416 - INFO - Progress: Products: 7 created, 71075 skipped, 1443 failed | Variants: 50 created, 0 failed | Time: 7347.3s
2026-01-22 12:56:08,893 - INFO - Progress: Products: 7 created, 71100 skipped, 1443 failed | Variants: 50 created, 0 failed | Time: 7349.8s
2026-01-22 12:56:11,553 - INFO - Progress: Products: 7 created, 71123 skipped, 1445 failed | Variants: 50 created, 0 failed | Time: 7352.5s
2026-01-22 12:56:14,140 - INFO - Progress: Products: 7 created, 71147 skipped, 1446 failed | Variants: 50 created, 0 failed | Time: 7355.0s
2026-01-22 12:56:16,699 - INFO - Progress: Products: 7 created, 71172 skipped, 1446 failed | Variants: 50 created, 0 failed | Time: 7357.6s
2026-01-22 12:56:19,199 - INFO - Progress: Products: 7 created, 71196 skipped, 1447 failed | Variants: 50 created, 0 failed | Time: 7360.1s
2026-01-22 12:56:21,717 - INFO - Progress: Products: 7 created, 71221 skipped, 1447 failed | Variants: 50 created, 0 failed | Time: 7362.6s
2026-01-22 12:56:24,125 - INFO - Progress: Products: 7 created, 71245 skipped, 1448 failed | Variants: 50 created, 0 failed | Time: 7365.0s
2026-01-22 12:56:26,625 - INFO - Progress: Products: 7 created, 71270 skipped, 1448 failed | Variants: 50 created, 0 failed | Time: 7367.5s
2026-01-22 12:56:29,092 - INFO - Progress: Products: 7 created, 71295 skipped, 1448 failed | Variants: 50 created, 0 failed | Time: 7370.0s
2026-01-22 12:56:31,416 - INFO - Progress: Products: 7 created, 71320 skipped, 1448 failed | Variants: 50 created, 0 failed | Time: 7372.3s
2026-01-22 12:56:33,897 - INFO - Progress: Products: 7 created, 71345 skipped, 1448 failed | Variants: 50 created, 0 failed | Time: 7374.8s
2026-01-22 12:56:36,401 - INFO - Progress: Products: 7 created, 71370 skipped, 1448 failed | Variants: 50 created, 0 failed | Time: 7377.3s
2026-01-22 12:56:38,815 - INFO - Progress: Products: 7 created, 71394 skipped, 1449 failed | Variants: 50 created, 0 failed | Time: 7379.7s
2026-01-22 12:56:41,381 - INFO - Progress: Products: 7 created, 71419 skipped, 1449 failed | Variants: 50 created, 0 failed | Time: 7382.3s
2026-01-22 12:56:43,695 - INFO - Progress: Products: 7 created, 71443 skipped, 1450 failed | Variants: 50 created, 0 failed | Time: 7384.6s
2026-01-22 12:56:46,218 - INFO - Progress: Products: 7 created, 71468 skipped, 1450 failed | Variants: 50 created, 0 failed | Time: 7387.1s
2026-01-22 12:56:48,596 - INFO - Progress: Products: 7 created, 71493 skipped, 1450 failed | Variants: 50 created, 0 failed | Time: 7389.5s
2026-01-22 12:56:50,916 - INFO - Progress: Products: 7 created, 71518 skipped, 1450 failed | Variants: 50 created, 0 failed | Time: 7391.8s
2026-01-22 12:56:53,228 - INFO - Progress: Products: 7 created, 71542 skipped, 1451 failed | Variants: 50 created, 0 failed | Time: 7394.1s
2026-01-22 12:56:55,534 - INFO - Progress: Products: 7 created, 71567 skipped, 1451 failed | Variants: 50 created, 0 failed | Time: 7396.4s
2026-01-22 12:56:57,924 - INFO - Progress: Products: 7 created, 71591 skipped, 1452 failed | Variants: 50 created, 0 failed | Time: 7398.8s
2026-01-22 12:57:00,323 - INFO - Progress: Products: 7 created, 71615 skipped, 1453 failed | Variants: 50 created, 0 failed | Time: 7401.2s
2026-01-22 12:57:03,392 - INFO - Progress: Products: 7 created, 71640 skipped, 1453 failed | Variants: 50 created, 0 failed | Time: 7404.3s

Batch 2704/3783 (cards 67576-67600)

Batch 2705/3783 (cards 67601-67625)

Batch 2706/3783 (cards 67626-67650)

Batch 2707/3783 (cards 67651-67675)

Batch 2708/3783 (cards 67676-67700)

Batch 2709/3783 (cards 67701-67725)

Batch 2710/3783 (cards 67726-67750)

Batch 2711/3783 (cards 67751-67775)

Batch 2712/3783 (cards 67776-67800)

Batch 2713/3783 (cards 67801-67825)

Batch 2714/3783 (cards 67826-67850)

Batch 2715/3783 (cards 67851-67875)

Batch 2716/3783 (cards 67876-67900)

Batch 2717/3783 (cards 67901-67925)

Batch 2718/3783 (cards 67926-67950)

Batch 2719/3783 (cards 67951-67975)

Batch 2720/3783 (cards 67976-68000)

Batch 2721/3783 (cards 68001-68025)

Batch 2722/3783 (cards 68026-68050)

Batch 2723/3783 (cards 68051-68075)

Batch 2724/3783 (cards 68076-68100)

Batch 2725/3783 (cards 68101-68125)

Batch 2726/3783 (cards 68126-68150)

Batch 2727/3783 (cards 68151-68175)

Batch 2728/3783 (cards 68176-68200)

Batch 2729/3783 (cards 68201-68225)

Batch 2730/3783 (cards 68226-68250)

Batch 2731/3783 (cards 68251-68275)

Batch 2732/3783 (cards 68276-68300)

Batch 2733/3783 (cards 68301-68325)

Batch 2734/3783 (cards 68326-68350)

Batch 2735/3783 (cards 68351-68375)

Batch 2736/3783 (cards 68376-68400)

Batch 2737/3783 (cards 68401-68425)

Batch 2738/3783 (cards 68426-68450)

Batch 2739/3783 (cards 68451-68475)

Batch 2740/3783 (cards 68476-68500)

Batch 2741/3783 (cards 68501-68525)

Batch 2742/3783 (cards 68526-68550)

Batch 2743/3783 (cards 68551-68575)

Batch 2744/3783 (cards 68576-68600)

Batch 2745/3783 (cards 68601-68625)

Batch 2746/3783 (cards 68626-68650)

Batch 2747/3783 (cards 68651-68675)

Batch 2748/3783 (cards 68676-68700)

Batch 2749/3783 (cards 68701-68725)

Batch 2750/3783 (cards 68726-68750)

Batch 2751/3783 (cards 68751-68775)

Batch 2752/3783 (cards 68776-68800)

Batch 2753/3783 (cards 68801-68825)

Batch 2754/3783 (cards 68826-68850)

Batch 2755/3783 (cards 68851-68875)

Batch 2756/3783 (cards 68876-68900)

Batch 2757/3783 (cards 68901-68925)

Batch 2758/3783 (cards 68926-68950)

Batch 2759/3783 (cards 68951-68975)

Batch 2760/3783 (cards 68976-69000)

Batch 2761/3783 (cards 69001-69025)

Batch 2762/3783 (cards 69026-69050)

Batch 2763/3783 (cards 69051-69075)

Batch 2764/3783 (cards 69076-69100)

Batch 2765/3783 (cards 69101-69125)

Batch 2766/3783 (cards 69126-69150)

Batch 2767/3783 (cards 69151-69175)

Batch 2768/3783 (cards 69176-69200)

Batch 2769/3783 (cards 69201-69225)

Batch 2770/3783 (cards 69226-69250)

Batch 2771/3783 (cards 69251-69275)

Batch 2772/3783 (cards 69276-69300)

Batch 2773/3783 (cards 69301-69325)

Batch 2774/3783 (cards 69326-69350)

Batch 2775/3783 (cards 69351-69375)

Batch 2776/3783 (cards 69376-69400)

Batch 2777/3783 (cards 69401-69425)

Batch 2778/3783 (cards 69426-69450)

Batch 2779/3783 (cards 69451-69475)

Batch 2780/3783 (cards 69476-69500)

Batch 2781/3783 (cards 69501-69525)

Batch 2782/3783 (cards 69526-69550)

Batch 2783/3783 (cards 69551-69575)

Batch 2784/3783 (cards 69576-69600)

Batch 2785/3783 (cards 69601-69625)

Batch 2786/3783 (cards 69626-69650)

Batch 2787/3783 (cards 69651-69675)

Batch 2788/3783 (cards 69676-69700)

Batch 2789/3783 (cards 69701-69725)

Batch 2790/3783 (cards 69726-69750)

Batch 2791/3783 (cards 69751-69775)

Batch 2792/3783 (cards 69776-69800)

Batch 2793/3783 (cards 69801-69825)

Batch 2794/3783 (cards 69826-69850)

Batch 2795/3783 (cards 69851-69875)

Batch 2796/3783 (cards 69876-69900)

Batch 2797/3783 (cards 69901-69925)

Batch 2798/3783 (cards 69926-69950)

Batch 2799/3783 (cards 69951-69975)

Batch 2800/3783 (cards 69976-70000)

Batch 2801/3783 (cards 70001-70025)

Batch 2802/3783 (cards 70026-70050)

Batch 2803/3783 (cards 70051-70075)

Batch 2804/3783 (cards 70076-70100)

Batch 2805/3783 (cards 70101-70125)

Batch 2806/3783 (cards 70126-70150)

Batch 2807/3783 (cards 70151-70175)

Batch 2808/3783 (cards 70176-70200)

Batch 2809/3783 (cards 70201-70225)

Batch 2810/3783 (cards 70226-70250)

Batch 2811/3783 (cards 70251-70275)

Batch 2812/3783 (cards 70276-70300)

Batch 2813/3783 (cards 70301-70325)

Batch 2814/3783 (cards 70326-70350)

Batch 2815/3783 (cards 70351-70375)

Batch 2816/3783 (cards 70376-70400)

Batch 2817/3783 (cards 70401-70425)

Batch 2818/3783 (cards 70426-70450)

Batch 2819/3783 (cards 70451-70475)

Batch 2820/3783 (cards 70476-70500)

Batch 2821/3783 (cards 70501-70525)

Batch 2822/3783 (cards 70526-70550)

Batch 2823/3783 (cards 70551-70575)

Batch 2824/3783 (cards 70576-70600)

Batch 2825/3783 (cards 70601-70625)

Batch 2826/3783 (cards 70626-70650)

Batch 2827/3783 (cards 70651-70675)

Batch 2828/3783 (cards 70676-70700)

Batch 2829/3783 (cards 70701-70725)

Batch 2830/3783 (cards 70726-70750)

Batch 2831/3783 (cards 70751-70775)

Batch 2832/3783 (cards 70776-70800)

Batch 2833/3783 (cards 70801-70825)

Batch 2834/3783 (cards 70826-70850)

Batch 2835/3783 (cards 70851-70875)

Batch 2836/3783 (cards 70876-70900)

Batch 2837/3783 (cards 70901-70925)

Batch 2838/3783 (cards 70926-70950)

Batch 2839/3783 (cards 70951-70975)

Batch 2840/3783 (cards 70976-71000)

Batch 2841/3783 (cards 71001-71025)

Batch 2842/3783 (cards 71026-71050)

Batch 2843/3783 (cards 71051-71075)

Batch 2844/3783 (cards 71076-71100)

Batch 2845/3783 (cards 71101-71125)

Batch 2846/3783 (cards 71126-71150)

Batch 2847/3783 (cards 71151-71175)

Batch 2848/3783 (cards 71176-71200)

Batch 2849/3783 (cards 71201-71225)

Batch 2850/3783 (cards 71226-71250)

Batch 2851/3783 (cards 71251-71275)

Batch 2852/3783 (cards 71276-71300)

Batch 2853/3783 (cards 71301-71325)

Batch 2854/3783 (cards 71326-71350)

Batch 2855/3783 (cards 71351-71375)

Batch 2856/3783 (cards 71376-71400)

Batch 2857/3783 (cards 71401-71425)

Batch 2858/3783 (cards 71426-71450)

Batch 2859/3783 (cards 71451-71475)

Batch 2860/3783 (cards 71476-71500)

Batch 2861/3783 (cards 71501-71525)

Batch 2862/3783 (cards 71526-71550)

Batch 2863/3783 (cards 71551-71575)

Batch 2864/3783 (cards 71576-71600)

Batch 2865/3783 (cards 71601-71625)

Batch 2866/3783 (cards 71626-71650)

Batch 2867/3783 (cards 71651-71675)

Batch 2868/3783 (cards 71676-71700)

Batch 2869/3783 (cards 71701-71725)

Batch 2870/3783 (cards 71726-71750)

Batch 2871/3783 (cards 71751-71775)

Batch 2872/3783 (cards 71776-71800)

Batch 2873/3783 (cards 71801-71825)

Batch 2874/3783 (cards 71826-71850)

Batch 2875/3783 (cards 71851-71875)

Batch 2876/3783 (cards 71876-71900)

Batch 2877/3783 (cards 71901-71925)

Batch 2878/3783 (cards 71926-71950)

Batch 2879/3783 (cards 71951-71975)

Batch 2880/3783 (cards 71976-72000)

Batch 2881/3783 (cards 72001-72025)

Batch 2882/3783 (cards 72026-72050)

Batch 2883/3783 (cards 72051-72075)

Batch 2884/3783 (cards 72076-72100)

Batch 2885/3783 (cards 72101-72125)

Batch 2886/3783 (cards 72126-72150)

Batch 2887/3783 (cards 72151-72175)

Batch 2888/3783 (cards 72176-72200)

Batch 2889/3783 (cards 72201-72225)

Batch 2890/3783 (cards 72226-72250)

Batch 2891/3783 (cards 72251-72275)

Batch 2892/3783 (cards 72276-72300)

Batch 2893/3783 (cards 72301-72325)

Batch 2894/3783 (cards 72326-72350)

Batch 2895/3783 (cards 72351-72375)

Batch 2896/3783 (cards 72376-72400)

Batch 2897/3783 (cards 72401-72425)

Batch 2898/3783 (cards 72426-72450)

Batch 2899/3783 (cards 72451-72475)

Batch 2900/3783 (cards 72476-72500)

Batch 2901/3783 (cards 72501-72525)

Batch 2902/3783 (cards 72526-72550)

Batch 2903/3783 (cards 72551-72575)

Batch 2904/3783 (cards 72576-72600)

Batch 2905/3783 (cards 72601-72625)

Batch 2906/3783 (cards 72626-72650)

Batch 2907/3783 (cards 72651-72675)

Batch 2908/3783 (cards 72676-72700)

Batch 2909/3783 (cards 72701-72725)

Batch 2910/3783 (cards 72726-72750)

Batch 2911/3783 (cards 72751-72775)

Batch 2912/3783 (cards 72776-72800)

Batch 2913/3783 (cards 72801-72825)

Batch 2914/3783 (cards 72826-72850)

Batch 2915/3783 (cards 72851-72875)

Batch 2916/3783 (cards 72876-72900)

Batch 2917/3783 (cards 72901-72925)

Batch 2918/3783 (cards 72926-72950)

Batch 2919/3783 (cards 72951-72975)

Batch 2920/3783 (cards 72976-73000)

Batch 2921/3783 (cards 73001-73025)

Batch 2922/3783 (cards 73026-73050)

Batch 2923/3783 (cards 73051-73075)

Batch 2924/3783 (cards 73076-73100)
2026-01-22 12:57:05,935 - INFO - Progress: Products: 7 created, 71665 skipped, 1453 failed | Variants: 50 created, 0 failed | Time: 7406.8s
2026-01-22 12:57:08,316 - INFO - Progress: Products: 7 created, 71689 skipped, 1454 failed | Variants: 50 created, 0 failed | Time: 7409.2s
2026-01-22 12:57:10,827 - INFO - Progress: Products: 7 created, 71714 skipped, 1454 failed | Variants: 50 created, 0 failed | Time: 7411.7s
2026-01-22 12:57:13,421 - INFO - Progress: Products: 7 created, 71738 skipped, 1455 failed | Variants: 50 created, 0 failed | Time: 7414.3s
2026-01-22 12:57:15,820 - INFO - Progress: Products: 7 created, 71763 skipped, 1455 failed | Variants: 50 created, 0 failed | Time: 7416.7s
2026-01-22 12:57:18,209 - INFO - Progress: Products: 7 created, 71788 skipped, 1455 failed | Variants: 50 created, 0 failed | Time: 7419.1s
2026-01-22 12:57:20,522 - INFO - Progress: Products: 7 created, 71812 skipped, 1456 failed | Variants: 50 created, 0 failed | Time: 7421.4s
2026-01-22 12:57:22,927 - INFO - Progress: Products: 7 created, 71837 skipped, 1456 failed | Variants: 50 created, 0 failed | Time: 7423.8s
2026-01-22 12:57:25,306 - INFO - Progress: Products: 7 created, 71862 skipped, 1456 failed | Variants: 50 created, 0 failed | Time: 7426.2s
2026-01-22 12:57:27,608 - INFO - Progress: Products: 7 created, 71885 skipped, 1458 failed | Variants: 50 created, 0 failed | Time: 7428.5s
2026-01-22 12:57:29,991 - INFO - Progress: Products: 7 created, 71909 skipped, 1459 failed | Variants: 50 created, 0 failed | Time: 7430.9s
2026-01-22 12:57:32,283 - INFO - Progress: Products: 7 created, 71934 skipped, 1459 failed | Variants: 50 created, 0 failed | Time: 7433.2s
2026-01-22 12:57:34,689 - INFO - Progress: Products: 7 created, 71958 skipped, 1460 failed | Variants: 50 created, 0 failed | Time: 7435.6s
2026-01-22 12:57:37,016 - INFO - Progress: Products: 7 created, 71982 skipped, 1461 failed | Variants: 50 created, 0 failed | Time: 7437.9s
2026-01-22 12:57:39,432 - INFO - Progress: Products: 7 created, 72006 skipped, 1462 failed | Variants: 50 created, 0 failed | Time: 7440.3s
2026-01-22 12:57:42,133 - INFO - Progress: Products: 7 created, 72031 skipped, 1462 failed | Variants: 50 created, 0 failed | Time: 7443.0s
2026-01-22 12:57:44,501 - INFO - Progress: Products: 7 created, 72056 skipped, 1462 failed | Variants: 50 created, 0 failed | Time: 7445.4s
2026-01-22 12:57:46,985 - INFO - Progress: Products: 7 created, 72081 skipped, 1462 failed | Variants: 50 created, 0 failed | Time: 7447.9s
2026-01-22 12:57:49,335 - INFO - Progress: Products: 7 created, 72105 skipped, 1463 failed | Variants: 50 created, 0 failed | Time: 7450.2s
2026-01-22 12:57:51,783 - INFO - Progress: Products: 7 created, 72129 skipped, 1464 failed | Variants: 50 created, 0 failed | Time: 7452.7s
2026-01-22 12:57:54,134 - INFO - Progress: Products: 7 created, 72154 skipped, 1464 failed | Variants: 50 created, 0 failed | Time: 7455.0s
2026-01-22 12:57:56,611 - INFO - Progress: Products: 7 created, 72179 skipped, 1464 failed | Variants: 50 created, 0 failed | Time: 7457.5s
2026-01-22 12:57:59,098 - INFO - Progress: Products: 7 created, 72203 skipped, 1465 failed | Variants: 50 created, 0 failed | Time: 7460.0s
2026-01-22 12:58:01,913 - INFO - Progress: Products: 7 created, 72228 skipped, 1465 failed | Variants: 50 created, 0 failed | Time: 7462.8s
2026-01-22 12:58:04,812 - INFO - Progress: Products: 7 created, 72252 skipped, 1466 failed | Variants: 50 created, 0 failed | Time: 7465.7s
2026-01-22 12:58:07,396 - INFO - Progress: Products: 7 created, 72277 skipped, 1466 failed | Variants: 50 created, 0 failed | Time: 7468.3s
2026-01-22 12:58:09,816 - INFO - Progress: Products: 7 created, 72302 skipped, 1466 failed | Variants: 50 created, 0 failed | Time: 7470.7s
2026-01-22 12:58:12,506 - INFO - Progress: Products: 7 created, 72326 skipped, 1467 failed | Variants: 50 created, 0 failed | Time: 7473.4s
2026-01-22 12:58:14,892 - INFO - Progress: Products: 7 created, 72351 skipped, 1467 failed | Variants: 50 created, 0 failed | Time: 7475.8s
2026-01-22 12:58:17,215 - INFO - Progress: Products: 7 created, 72375 skipped, 1468 failed | Variants: 50 created, 0 failed | Time: 7478.1s
2026-01-22 12:58:19,596 - INFO - Progress: Products: 7 created, 72400 skipped, 1468 failed | Variants: 50 created, 0 failed | Time: 7480.5s
2026-01-22 12:58:21,936 - INFO - Progress: Products: 7 created, 72425 skipped, 1468 failed | Variants: 50 created, 0 failed | Time: 7482.8s
2026-01-22 12:58:24,392 - INFO - Progress: Products: 7 created, 72450 skipped, 1468 failed | Variants: 50 created, 0 failed | Time: 7485.3s
2026-01-22 12:58:26,728 - INFO - Progress: Products: 7 created, 72475 skipped, 1468 failed | Variants: 50 created, 0 failed | Time: 7487.6s
2026-01-22 12:58:29,194 - INFO - Progress: Products: 7 created, 72500 skipped, 1468 failed | Variants: 50 created, 0 failed | Time: 7490.1s
2026-01-22 12:58:31,598 - INFO - Progress: Products: 7 created, 72524 skipped, 1469 failed | Variants: 50 created, 0 failed | Time: 7492.5s
2026-01-22 12:58:34,002 - INFO - Progress: Products: 7 created, 72548 skipped, 1470 failed | Variants: 50 created, 0 failed | Time: 7494.9s
2026-01-22 12:58:36,347 - INFO - Progress: Products: 7 created, 72573 skipped, 1470 failed | Variants: 50 created, 0 failed | Time: 7497.2s
2026-01-22 12:58:38,703 - INFO - Progress: Products: 7 created, 72596 skipped, 1472 failed | Variants: 50 created, 0 failed | Time: 7499.6s
2026-01-22 12:58:41,394 - INFO - Progress: Products: 7 created, 72620 skipped, 1473 failed | Variants: 50 created, 0 failed | Time: 7502.3s
2026-01-22 12:58:44,126 - INFO - Progress: Products: 7 created, 72645 skipped, 1473 failed | Variants: 50 created, 0 failed | Time: 7505.0s
2026-01-22 12:58:46,894 - INFO - Progress: Products: 7 created, 72669 skipped, 1474 failed | Variants: 50 created, 0 failed | Time: 7507.8s
2026-01-22 12:58:49,229 - INFO - Progress: Products: 7 created, 72694 skipped, 1474 failed | Variants: 50 created, 0 failed | Time: 7510.1s
2026-01-22 12:58:51,605 - INFO - Progress: Products: 7 created, 72718 skipped, 1475 failed | Variants: 50 created, 0 failed | Time: 7512.5s
2026-01-22 12:58:54,030 - INFO - Progress: Products: 7 created, 72742 skipped, 1476 failed | Variants: 50 created, 0 failed | Time: 7514.9s
2026-01-22 12:58:56,409 - INFO - Progress: Products: 7 created, 72766 skipped, 1477 failed | Variants: 50 created, 0 failed | Time: 7517.3s
2026-01-22 12:58:58,741 - INFO - Progress: Products: 7 created, 72791 skipped, 1477 failed | Variants: 50 created, 0 failed | Time: 7519.6s
2026-01-22 12:59:01,357 - INFO - Progress: Products: 7 created, 72814 skipped, 1479 failed | Variants: 50 created, 0 failed | Time: 7522.3s
2026-01-22 12:59:04,609 - INFO - Progress: Products: 7 created, 72839 skipped, 1479 failed | Variants: 50 created, 0 failed | Time: 7525.5s
2026-01-22 12:59:07,112 - INFO - Progress: Products: 7 created, 72864 skipped, 1479 failed | Variants: 50 created, 0 failed | Time: 7528.0s
2026-01-22 12:59:09,593 - INFO - Progress: Products: 7 created, 72888 skipped, 1480 failed | Variants: 50 created, 0 failed | Time: 7530.5s
2026-01-22 12:59:12,125 - INFO - Progress: Products: 7 created, 72911 skipped, 1482 failed | Variants: 50 created, 0 failed | Time: 7533.0s
2026-01-22 12:59:14,507 - INFO - Progress: Products: 7 created, 72936 skipped, 1482 failed | Variants: 50 created, 0 failed | Time: 7535.4s
2026-01-22 12:59:16,925 - INFO - Progress: Products: 7 created, 72960 skipped, 1483 failed | Variants: 50 created, 0 failed | Time: 7537.8s
2026-01-22 12:59:19,408 - INFO - Progress: Products: 7 created, 72984 skipped, 1484 failed | Variants: 50 created, 0 failed | Time: 7540.3s
2026-01-22 12:59:21,808 - INFO - Progress: Products: 7 created, 73007 skipped, 1486 failed | Variants: 50 created, 0 failed | Time: 7542.7s
2026-01-22 12:59:24,293 - INFO - Progress: Products: 7 created, 73031 skipped, 1487 failed | Variants: 50 created, 0 failed | Time: 7545.2s
2026-01-22 12:59:26,692 - INFO - Progress: Products: 7 created, 73056 skipped, 1487 failed | Variants: 50 created, 0 failed | Time: 7547.6s
2026-01-22 12:59:29,016 - INFO - Progress: Products: 7 created, 73081 skipped, 1487 failed | Variants: 50 created, 0 failed | Time: 7549.9s
2026-01-22 12:59:31,513 - INFO - Progress: Products: 7 created, 73106 skipped, 1487 failed | Variants: 50 created, 0 failed | Time: 7552.4s
2026-01-22 12:59:33,904 - INFO - Progress: Products: 7 created, 73129 skipped, 1489 failed | Variants: 50 created, 0 failed | Time: 7554.8s
2026-01-22 12:59:36,406 - INFO - Progress: Products: 7 created, 73154 skipped, 1489 failed | Variants: 50 created, 0 failed | Time: 7557.3s
2026-01-22 12:59:38,852 - INFO - Progress: Products: 7 created, 73179 skipped, 1489 failed | Variants: 50 created, 0 failed | Time: 7559.8s
2026-01-22 12:59:41,642 - INFO - Progress: Products: 7 created, 73204 skipped, 1489 failed | Variants: 50 created, 0 failed | Time: 7562.5s
2026-01-22 12:59:44,122 - INFO - Progress: Products: 7 created, 73228 skipped, 1490 failed | Variants: 50 created, 0 failed | Time: 7565.0s
2026-01-22 12:59:46,496 - INFO - Progress: Products: 7 created, 73252 skipped, 1491 failed | Variants: 50 created, 0 failed | Time: 7567.4s
2026-01-22 12:59:48,905 - INFO - Progress: Products: 7 created, 73276 skipped, 1492 failed | Variants: 50 created, 0 failed | Time: 7569.8s
2026-01-22 12:59:51,309 - INFO - Progress: Products: 7 created, 73301 skipped, 1492 failed | Variants: 50 created, 0 failed | Time: 7572.2s
2026-01-22 12:59:53,632 - INFO - Progress: Products: 7 created, 73325 skipped, 1493 failed | Variants: 50 created, 0 failed | Time: 7574.5s
2026-01-22 12:59:56,130 - INFO - Progress: Products: 7 created, 73350 skipped, 1493 failed | Variants: 50 created, 0 failed | Time: 7577.0s
2026-01-22 12:59:58,501 - INFO - Progress: Products: 7 created, 73375 skipped, 1493 failed | Variants: 50 created, 0 failed | Time: 7579.4s
2026-01-22 13:00:02,610 - INFO - Progress: Products: 7 created, 73399 skipped, 1494 failed | Variants: 50 created, 0 failed | Time: 7583.5s
2026-01-22 13:00:07,380 - INFO - Progress: Products: 7 created, 73423 skipped, 1495 failed | Variants: 50 created, 0 failed | Time: 7588.3s
2026-01-22 13:00:10,664 - INFO - Progress: Products: 7 created, 73445 skipped, 1498 failed | Variants: 50 created, 0 failed | Time: 7591.6s
2026-01-22 13:00:13,718 - INFO - Progress: Products: 7 created, 73470 skipped, 1498 failed | Variants: 50 created, 0 failed | Time: 7594.6s
2026-01-22 13:00:16,348 - INFO - Progress: Products: 7 created, 73495 skipped, 1498 failed | Variants: 50 created, 0 failed | Time: 7597.2s
2026-01-22 13:00:18,818 - INFO - Progress: Products: 7 created, 73520 skipped, 1498 failed | Variants: 50 created, 0 failed | Time: 7599.7s
2026-01-22 13:00:21,599 - INFO - Progress: Products: 7 created, 73545 skipped, 1498 failed | Variants: 50 created, 0 failed | Time: 7602.5s
2026-01-22 13:00:24,230 - INFO - Progress: Products: 7 created, 73569 skipped, 1499 failed | Variants: 50 created, 0 failed | Time: 7605.1s
2026-01-22 13:00:27,002 - INFO - Progress: Products: 7 created, 73593 skipped, 1500 failed | Variants: 50 created, 0 failed | Time: 7607.9s
2026-01-22 13:00:29,598 - INFO - Progress: Products: 7 created, 73618 skipped, 1500 failed | Variants: 50 created, 0 failed | Time: 7610.5s
2026-01-22 13:00:32,695 - INFO - Progress: Products: 7 created, 73643 skipped, 1500 failed | Variants: 50 created, 0 failed | Time: 7613.6s
2026-01-22 13:00:35,020 - INFO - Progress: Products: 7 created, 73668 skipped, 1500 failed | Variants: 50 created, 0 failed | Time: 7615.9s
2026-01-22 13:00:37,804 - INFO - Progress: Products: 7 created, 73692 skipped, 1501 failed | Variants: 50 created, 0 failed | Time: 7618.7s
2026-01-22 13:00:40,816 - INFO - Progress: Products: 7 created, 73716 skipped, 1502 failed | Variants: 50 created, 0 failed | Time: 7621.7s
2026-01-22 13:00:44,202 - INFO - Progress: Products: 7 created, 73741 skipped, 1502 failed | Variants: 50 created, 0 failed | Time: 7625.1s
2026-01-22 13:00:47,801 - INFO - Progress: Products: 7 created, 73765 skipped, 1503 failed | Variants: 50 created, 0 failed | Time: 7628.7s
2026-01-22 13:00:50,300 - INFO - Progress: Products: 7 created, 73790 skipped, 1503 failed | Variants: 50 created, 0 failed | Time: 7631.2s
2026-01-22 13:00:52,814 - INFO - Progress: Products: 7 created, 73815 skipped, 1503 failed | Variants: 50 created, 0 failed | Time: 7633.7s
2026-01-22 13:00:55,363 - INFO - Progress: Products: 7 created, 73840 skipped, 1503 failed | Variants: 50 created, 0 failed | Time: 7636.3s
2026-01-22 13:00:58,209 - INFO - Progress: Products: 7 created, 73865 skipped, 1503 failed | Variants: 50 created, 0 failed | Time: 7639.1s
2026-01-22 13:01:03,215 - INFO - Progress: Products: 7 created, 73890 skipped, 1503 failed | Variants: 50 created, 0 failed | Time: 7644.1s
2026-01-22 13:01:05,923 - INFO - Progress: Products: 7 created, 73913 skipped, 1505 failed | Variants: 50 created, 0 failed | Time: 7646.8s
2026-01-22 13:01:08,427 - INFO - Progress: Products: 7 created, 73937 skipped, 1506 failed | Variants: 50 created, 0 failed | Time: 7649.3s
2026-01-22 13:01:11,098 - INFO - Progress: Products: 7 created, 73962 skipped, 1506 failed | Variants: 50 created, 0 failed | Time: 7652.0s
2026-01-22 13:01:13,705 - INFO - Progress: Products: 7 created, 73986 skipped, 1507 failed | Variants: 50 created, 0 failed | Time: 7654.6s
2026-01-22 13:01:16,211 - INFO - Progress: Products: 7 created, 74011 skipped, 1507 failed | Variants: 50 created, 0 failed | Time: 7657.1s
2026-01-22 13:01:19,018 - INFO - Progress: Products: 7 created, 74036 skipped, 1507 failed | Variants: 50 created, 0 failed | Time: 7659.9s
2026-01-22 13:01:21,718 - INFO - Progress: Products: 7 created, 74060 skipped, 1508 failed | Variants: 50 created, 0 failed | Time: 7662.6s
2026-01-22 13:01:24,293 - INFO - Progress: Products: 7 created, 74085 skipped, 1508 failed | Variants: 50 created, 0 failed | Time: 7665.2s
2026-01-22 13:01:26,801 - INFO - Progress: Products: 7 created, 74110 skipped, 1508 failed | Variants: 50 created, 0 failed | Time: 7667.7s
2026-01-22 13:01:29,316 - INFO - Progress: Products: 7 created, 74135 skipped, 1508 failed | Variants: 50 created, 0 failed | Time: 7670.2s
2026-01-22 13:01:31,913 - INFO - Progress: Products: 7 created, 74159 skipped, 1509 failed | Variants: 50 created, 0 failed | Time: 7672.8s
2026-01-22 13:01:34,418 - INFO - Progress: Products: 7 created, 74184 skipped, 1509 failed | Variants: 50 created, 0 failed | Time: 7675.3s
2026-01-22 13:01:36,899 - INFO - Progress: Products: 7 created, 74208 skipped, 1510 failed | Variants: 50 created, 0 failed | Time: 7677.8s
2026-01-22 13:01:40,401 - INFO - Progress: Products: 7 created, 74232 skipped, 1511 failed | Variants: 50 created, 0 failed | Time: 7681.3s
2026-01-22 13:01:45,604 - INFO - Progress: Products: 7 created, 74256 skipped, 1512 failed | Variants: 50 created, 0 failed | Time: 7686.5s
2026-01-22 13:01:50,807 - INFO - Progress: Products: 7 created, 74280 skipped, 1513 failed | Variants: 50 created, 0 failed | Time: 7691.7s
2026-01-22 13:01:55,881 - INFO - Progress: Products: 7 created, 74305 skipped, 1513 failed | Variants: 50 created, 0 failed | Time: 7696.8s
2026-01-22 13:02:00,898 - INFO - Progress: Products: 7 created, 74330 skipped, 1513 failed | Variants: 50 created, 0 failed | Time: 7701.8s
2026-01-22 13:02:07,180 - INFO - Progress: Products: 7 created, 74355 skipped, 1513 failed | Variants: 50 created, 0 failed | Time: 7708.1s
2026-01-22 13:02:09,648 - INFO - Progress: Products: 7 created, 74379 skipped, 1514 failed | Variants: 50 created, 0 failed | Time: 7710.5s
2026-01-22 13:02:12,303 - INFO - Progress: Products: 7 created, 74403 skipped, 1515 failed | Variants: 50 created, 0 failed | Time: 7713.2s
2026-01-22 13:02:14,770 - INFO - Progress: Products: 7 created, 74428 skipped, 1515 failed | Variants: 50 created, 0 failed | Time: 7715.7s
2026-01-22 13:02:17,303 - INFO - Progress: Products: 7 created, 74453 skipped, 1515 failed | Variants: 50 created, 0 failed | Time: 7718.2s
2026-01-22 13:02:19,737 - INFO - Progress: Products: 7 created, 74478 skipped, 1515 failed | Variants: 50 created, 0 failed | Time: 7720.6s
2026-01-22 13:02:22,140 - INFO - Progress: Products: 7 created, 74502 skipped, 1516 failed | Variants: 50 created, 0 failed | Time: 7723.0s
2026-01-22 13:02:24,600 - INFO - Progress: Products: 7 created, 74527 skipped, 1516 failed | Variants: 50 created, 0 failed | Time: 7725.5s
2026-01-22 13:02:26,936 - INFO - Progress: Products: 7 created, 74552 skipped, 1516 failed | Variants: 50 created, 0 failed | Time: 7727.8s
2026-01-22 13:02:29,423 - INFO - Progress: Products: 7 created, 74576 skipped, 1517 failed | Variants: 50 created, 0 failed | Time: 7730.3s
2026-01-22 13:02:31,927 - INFO - Progress: Products: 7 created, 74601 skipped, 1517 failed | Variants: 50 created, 0 failed | Time: 7732.8s
2026-01-22 13:02:34,395 - INFO - Progress: Products: 7 created, 74626 skipped, 1517 failed | Variants: 50 created, 0 failed | Time: 7735.3s
2026-01-22 13:02:36,821 - INFO - Progress: Products: 7 created, 74651 skipped, 1517 failed | Variants: 50 created, 0 failed | Time: 7737.7s
2026-01-22 13:02:39,213 - INFO - Progress: Products: 7 created, 74676 skipped, 1517 failed | Variants: 50 created, 0 failed | Time: 7740.1s
2026-01-22 13:02:41,839 - INFO - Progress: Products: 7 created, 74700 skipped, 1518 failed | Variants: 50 created, 0 failed | Time: 7742.7s
2026-01-22 13:02:44,208 - INFO - Progress: Products: 7 created, 74724 skipped, 1519 failed | Variants: 50 created, 0 failed | Time: 7745.1s
2026-01-22 13:02:46,601 - INFO - Progress: Products: 7 created, 74748 skipped, 1520 failed | Variants: 50 created, 0 failed | Time: 7747.5s
2026-01-22 13:02:49,100 - INFO - Progress: Products: 7 created, 74773 skipped, 1520 failed | Variants: 50 created, 0 failed | Time: 7750.0s
2026-01-22 13:02:51,539 - INFO - Progress: Products: 7 created, 74798 skipped, 1520 failed | Variants: 50 created, 0 failed | Time: 7752.4s
2026-01-22 13:02:54,074 - INFO - Progress: Products: 7 created, 74821 skipped, 1522 failed | Variants: 50 created, 0 failed | Time: 7755.0s
2026-01-22 13:02:56,497 - INFO - Progress: Products: 7 created, 74846 skipped, 1522 failed | Variants: 50 created, 0 failed | Time: 7757.4s
2026-01-22 13:02:59,023 - INFO - Progress: Products: 7 created, 74870 skipped, 1523 failed | Variants: 50 created, 0 failed | Time: 7759.9s
2026-01-22 13:03:01,932 - INFO - Progress: Products: 7 created, 74894 skipped, 1524 failed | Variants: 50 created, 0 failed | Time: 7762.8s
2026-01-22 13:03:04,720 - INFO - Progress: Products: 7 created, 74918 skipped, 1525 failed | Variants: 50 created, 0 failed | Time: 7765.6s
2026-01-22 13:03:07,191 - INFO - Progress: Products: 7 created, 74942 skipped, 1526 failed | Variants: 50 created, 0 failed | Time: 7768.1s
2026-01-22 13:03:09,528 - INFO - Progress: Products: 7 created, 74967 skipped, 1526 failed | Variants: 50 created, 0 failed | Time: 7770.4s
2026-01-22 13:03:12,237 - INFO - Progress: Products: 7 created, 74990 skipped, 1528 failed | Variants: 50 created, 0 failed | Time: 7773.1s
2026-01-22 13:03:14,740 - INFO - Progress: Products: 7 created, 75015 skipped, 1528 failed | Variants: 50 created, 0 failed | Time: 7775.6s
2026-01-22 13:03:17,239 - INFO - Progress: Products: 7 created, 75040 skipped, 1528 failed | Variants: 50 created, 0 failed | Time: 7778.1s
2026-01-22 13:03:19,738 - INFO - Progress: Products: 7 created, 75064 skipped, 1529 failed | Variants: 50 created, 0 failed | Time: 7780.6s
2026-01-22 13:03:22,218 - INFO - Progress: Products: 7 created, 75089 skipped, 1529 failed | Variants: 50 created, 0 failed | Time: 7783.1s
2026-01-22 13:03:24,633 - INFO - Progress: Products: 7 created, 75113 skipped, 1530 failed | Variants: 50 created, 0 failed | Time: 7785.5s
2026-01-22 13:03:27,018 - INFO - Progress: Products: 7 created, 75137 skipped, 1531 failed | Variants: 50 created, 0 failed | Time: 7787.9s
2026-01-22 13:03:29,363 - INFO - Progress: Products: 7 created, 75161 skipped, 1532 failed | Variants: 50 created, 0 failed | Time: 7790.3s
2026-01-22 13:03:31,814 - INFO - Progress: Products: 7 created, 75186 skipped, 1532 failed | Variants: 50 created, 0 failed | Time: 7792.7s
2026-01-22 13:03:34,260 - INFO - Progress: Products: 7 created, 75210 skipped, 1533 failed | Variants: 50 created, 0 failed | Time: 7795.2s
2026-01-22 13:03:36,751 - INFO - Progress: Products: 7 created, 75235 skipped, 1533 failed | Variants: 50 created, 0 failed | Time: 7797.6s
2026-01-22 13:03:39,197 - INFO - Progress: Products: 7 created, 75257 skipped, 1536 failed | Variants: 50 created, 0 failed | Time: 7800.1s
2026-01-22 13:03:41,912 - INFO - Progress: Products: 7 created, 75282 skipped, 1536 failed | Variants: 50 created, 0 failed | Time: 7802.8s
2026-01-22 13:03:44,348 - INFO - Progress: Products: 7 created, 75305 skipped, 1538 failed | Variants: 50 created, 0 failed | Time: 7805.2s
2026-01-22 13:03:46,895 - INFO - Progress: Products: 7 created, 75330 skipped, 1538 failed | Variants: 50 created, 0 failed | Time: 7807.8s
2026-01-22 13:03:49,407 - INFO - Progress: Products: 7 created, 75353 skipped, 1540 failed | Variants: 50 created, 0 failed | Time: 7810.3s
2026-01-22 13:03:51,911 - INFO - Progress: Products: 7 created, 75376 skipped, 1542 failed | Variants: 50 created, 0 failed | Time: 7812.8s
2026-01-22 13:03:54,321 - INFO - Progress: Products: 7 created, 75401 skipped, 1542 failed | Variants: 50 created, 0 failed | Time: 7815.2s
2026-01-22 13:03:56,822 - INFO - Progress: Products: 7 created, 75426 skipped, 1542 failed | Variants: 50 created, 0 failed | Time: 7817.7s
2026-01-22 13:03:59,231 - INFO - Progress: Products: 7 created, 75449 skipped, 1544 failed | Variants: 50 created, 0 failed | Time: 7820.1s
2026-01-22 13:04:02,203 - INFO - Progress: Products: 7 created, 75474 skipped, 1544 failed | Variants: 50 created, 0 failed | Time: 7823.1s
2026-01-22 13:04:05,540 - INFO - Progress: Products: 7 created, 75498 skipped, 1545 failed | Variants: 50 created, 0 failed | Time: 7826.4s
2026-01-22 13:04:08,181 - INFO - Progress: Products: 7 created, 75523 skipped, 1545 failed | Variants: 50 created, 0 failed | Time: 7829.1s
2026-01-22 13:04:10,628 - INFO - Progress: Products: 7 created, 75547 skipped, 1546 failed | Variants: 50 created, 0 failed | Time: 7831.5s
2026-01-22 13:04:13,239 - INFO - Progress: Products: 7 created, 75571 skipped, 1547 failed | Variants: 50 created, 0 failed | Time: 7834.1s
2026-01-22 13:04:15,688 - INFO - Progress: Products: 7 created, 75595 skipped, 1548 failed | Variants: 50 created, 0 failed | Time: 7836.6s
2026-01-22 13:04:18,142 - INFO - Progress: Products: 7 created, 75619 skipped, 1549 failed | Variants: 50 created, 0 failed | Time: 7839.0s
2026-01-22 13:04:20,641 - INFO - Progress: Products: 7 created, 75643 skipped, 1550 failed | Variants: 50 created, 0 failed | Time: 7841.5s
2026-01-22 13:04:23,112 - INFO - Progress: Products: 7 created, 75667 skipped, 1551 failed | Variants: 50 created, 0 failed | Time: 7844.0s
2026-01-22 13:04:25,531 - INFO - Progress: Products: 7 created, 75692 skipped, 1551 failed | Variants: 50 created, 0 failed | Time: 7846.4s
2026-01-22 13:04:27,910 - INFO - Progress: Products: 7 created, 75717 skipped, 1551 failed | Variants: 50 created, 0 failed | Time: 7848.8s
2026-01-22 13:04:30,328 - INFO - Progress: Products: 7 created, 75742 skipped, 1551 failed | Variants: 50 created, 0 failed | Time: 7851.2s
2026-01-22 13:04:32,740 - INFO - Progress: Products: 7 created, 75767 skipped, 1551 failed | Variants: 50 created, 0 failed | Time: 7853.6s
2026-01-22 13:04:35,235 - INFO - Progress: Products: 7 created, 75792 skipped, 1551 failed | Variants: 50 created, 0 failed | Time: 7856.1s
2026-01-22 13:04:37,689 - INFO - Progress: Products: 7 created, 75817 skipped, 1551 failed | Variants: 50 created, 0 failed | Time: 7858.6s
2026-01-22 13:04:40,167 - INFO - Progress: Products: 7 created, 75842 skipped, 1551 failed | Variants: 50 created, 0 failed | Time: 7861.1s
2026-01-22 13:04:42,819 - INFO - Progress: Products: 7 created, 75867 skipped, 1551 failed | Variants: 50 created, 0 failed | Time: 7863.7s
2026-01-22 13:04:45,406 - INFO - Progress: Products: 7 created, 75892 skipped, 1551 failed | Variants: 50 created, 0 failed | Time: 7866.3s
2026-01-22 13:04:47,924 - INFO - Progress: Products: 7 created, 75917 skipped, 1551 failed | Variants: 50 created, 0 failed | Time: 7868.8s
2026-01-22 13:04:50,406 - INFO - Progress: Products: 7 created, 75942 skipped, 1551 failed | Variants: 50 created, 0 failed | Time: 7871.3s
2026-01-22 13:04:52,946 - INFO - Progress: Products: 7 created, 75967 skipped, 1551 failed | Variants: 50 created, 0 failed | Time: 7873.8s
2026-01-22 13:04:55,424 - INFO - Progress: Products: 7 created, 75992 skipped, 1551 failed | Variants: 50 created, 0 failed | Time: 7876.3s
2026-01-22 13:04:57,956 - INFO - Progress: Products: 7 created, 76016 skipped, 1552 failed | Variants: 50 created, 0 failed | Time: 7878.9s
2026-01-22 13:05:00,595 - INFO - Progress: Products: 7 created, 76041 skipped, 1552 failed | Variants: 50 created, 0 failed | Time: 7881.5s
2026-01-22 13:05:03,910 - INFO - Progress: Products: 7 created, 76064 skipped, 1554 failed | Variants: 50 created, 0 failed | Time: 7884.8s
2026-01-22 13:05:06,537 - INFO - Progress: Products: 7 created, 76089 skipped, 1554 failed | Variants: 50 created, 0 failed | Time: 7887.4s
2026-01-22 13:05:09,034 - INFO - Progress: Products: 7 created, 76114 skipped, 1554 failed | Variants: 50 created, 0 failed | Time: 7889.9s
2026-01-22 13:05:11,720 - INFO - Progress: Products: 7 created, 76139 skipped, 1554 failed | Variants: 50 created, 0 failed | Time: 7892.6s
2026-01-22 13:05:14,256 - INFO - Progress: Products: 7 created, 76164 skipped, 1554 failed | Variants: 50 created, 0 failed | Time: 7895.2s
2026-01-22 13:05:16,727 - INFO - Progress: Products: 7 created, 76188 skipped, 1555 failed | Variants: 50 created, 0 failed | Time: 7897.6s
2026-01-22 13:05:19,218 - INFO - Progress: Products: 7 created, 76212 skipped, 1556 failed | Variants: 50 created, 0 failed | Time: 7900.1s
2026-01-22 13:05:21,706 - INFO - Progress: Products: 7 created, 76235 skipped, 1558 failed | Variants: 50 created, 0 failed | Time: 7902.6s
2026-01-22 13:05:24,233 - INFO - Progress: Products: 7 created, 76259 skipped, 1559 failed | Variants: 50 created, 0 failed | Time: 7905.1s
2026-01-22 13:05:26,756 - INFO - Progress: Products: 7 created, 76284 skipped, 1559 failed | Variants: 50 created, 0 failed | Time: 7907.7s
2026-01-22 13:05:29,238 - INFO - Progress: Products: 7 created, 76309 skipped, 1559 failed | Variants: 50 created, 0 failed | Time: 7910.1s
2026-01-22 13:05:31,805 - INFO - Progress: Products: 7 created, 76334 skipped, 1559 failed | Variants: 50 created, 0 failed | Time: 7912.7s
2026-01-22 13:05:34,248 - INFO - Progress: Products: 7 created, 76359 skipped, 1559 failed | Variants: 50 created, 0 failed | Time: 7915.1s
2026-01-22 13:05:36,815 - INFO - Progress: Products: 7 created, 76384 skipped, 1559 failed | Variants: 50 created, 0 failed | Time: 7917.7s
2026-01-22 13:05:39,312 - INFO - Progress: Products: 7 created, 76409 skipped, 1559 failed | Variants: 50 created, 0 failed | Time: 7920.2s
2026-01-22 13:05:42,025 - INFO - Progress: Products: 7 created, 76433 skipped, 1560 failed | Variants: 50 created, 0 failed | Time: 7922.9s
2026-01-22 13:05:44,536 - INFO - Progress: Products: 7 created, 76457 skipped, 1561 failed | Variants: 50 created, 0 failed | Time: 7925.4s
2026-01-22 13:05:47,093 - INFO - Progress: Products: 7 created, 76482 skipped, 1561 failed | Variants: 50 created, 0 failed | Time: 7928.0s
2026-01-22 13:05:49,499 - INFO - Progress: Products: 7 created, 76507 skipped, 1561 failed | Variants: 50 created, 0 failed | Time: 7930.4s
2026-01-22 13:05:51,905 - INFO - Progress: Products: 7 created, 76530 skipped, 1563 failed | Variants: 50 created, 0 failed | Time: 7932.8s
2026-01-22 13:05:54,335 - INFO - Progress: Products: 7 created, 76553 skipped, 1565 failed | Variants: 50 created, 0 failed | Time: 7935.2s
2026-01-22 13:05:56,816 - INFO - Progress: Products: 7 created, 76577 skipped, 1566 failed | Variants: 50 created, 0 failed | Time: 7937.7s
2026-01-22 13:05:59,295 - INFO - Progress: Products: 7 created, 76599 skipped, 1569 failed | Variants: 50 created, 0 failed | Time: 7940.2s
2026-01-22 13:06:02,426 - INFO - Progress: Products: 7 created, 76622 skipped, 1571 failed | Variants: 50 created, 0 failed | Time: 7943.3s
2026-01-22 13:06:05,462 - INFO - Progress: Products: 7 created, 76645 skipped, 1573 failed | Variants: 50 created, 0 failed | Time: 7946.4s
2026-01-22 13:06:08,012 - INFO - Progress: Products: 7 created, 76670 skipped, 1573 failed | Variants: 50 created, 0 failed | Time: 7948.9s
2026-01-22 13:06:10,521 - INFO - Progress: Products: 7 created, 76695 skipped, 1573 failed | Variants: 50 created, 0 failed | Time: 7951.4s
2026-01-22 13:06:13,307 - INFO - Progress: Products: 7 created, 76719 skipped, 1574 failed | Variants: 50 created, 0 failed | Time: 7954.2s
2026-01-22 13:06:15,718 - INFO - Progress: Products: 7 created, 76743 skipped, 1575 failed | Variants: 50 created, 0 failed | Time: 7956.6s
2026-01-22 13:06:18,202 - INFO - Progress: Products: 7 created, 76768 skipped, 1575 failed | Variants: 50 created, 0 failed | Time: 7959.1s
2026-01-22 13:06:20,815 - INFO - Progress: Products: 7 created, 76791 skipped, 1577 failed | Variants: 50 created, 0 failed | Time: 7961.7s
2026-01-22 13:06:23,317 - INFO - Progress: Products: 7 created, 76813 skipped, 1580 failed | Variants: 50 created, 0 failed | Time: 7964.2s
2026-01-22 13:06:25,852 - INFO - Progress: Products: 7 created, 76838 skipped, 1580 failed | Variants: 50 created, 0 failed | Time: 7966.8s
2026-01-22 13:06:28,345 - INFO - Progress: Products: 7 created, 76862 skipped, 1581 failed | Variants: 50 created, 0 failed | Time: 7969.2s
2026-01-22 13:06:30,849 - INFO - Progress: Products: 7 created, 76887 skipped, 1581 failed | Variants: 50 created, 0 failed | Time: 7971.7s
2026-01-22 13:06:33,318 - INFO - Progress: Products: 7 created, 76912 skipped, 1581 failed | Variants: 50 created, 0 failed | Time: 7974.2s
2026-01-22 13:06:35,815 - INFO - Progress: Products: 7 created, 76937 skipped, 1581 failed | Variants: 50 created, 0 failed | Time: 7976.7s
2026-01-22 13:06:38,320 - INFO - Progress: Products: 7 created, 76959 skipped, 1584 failed | Variants: 50 created, 0 failed | Time: 7979.2s
2026-01-22 13:06:40,796 - INFO - Progress: Products: 7 created, 76983 skipped, 1585 failed | Variants: 50 created, 0 failed | Time: 7981.7s
2026-01-22 13:06:43,537 - INFO - Progress: Products: 7 created, 77008 skipped, 1585 failed | Variants: 50 created, 0 failed | Time: 7984.4s
2026-01-22 13:06:46,038 - INFO - Progress: Products: 7 created, 77033 skipped, 1585 failed | Variants: 50 created, 0 failed | Time: 7986.9s

Batch 2925/3783 (cards 73101-73125)

Batch 2926/3783 (cards 73126-73150)

Batch 2927/3783 (cards 73151-73175)

Batch 2928/3783 (cards 73176-73200)

Batch 2929/3783 (cards 73201-73225)

Batch 2930/3783 (cards 73226-73250)

Batch 2931/3783 (cards 73251-73275)

Batch 2932/3783 (cards 73276-73300)

Batch 2933/3783 (cards 73301-73325)

Batch 2934/3783 (cards 73326-73350)

Batch 2935/3783 (cards 73351-73375)

Batch 2936/3783 (cards 73376-73400)

Batch 2937/3783 (cards 73401-73425)

Batch 2938/3783 (cards 73426-73450)

Batch 2939/3783 (cards 73451-73475)

Batch 2940/3783 (cards 73476-73500)

Batch 2941/3783 (cards 73501-73525)

Batch 2942/3783 (cards 73526-73550)

Batch 2943/3783 (cards 73551-73575)

Batch 2944/3783 (cards 73576-73600)

Batch 2945/3783 (cards 73601-73625)

Batch 2946/3783 (cards 73626-73650)

Batch 2947/3783 (cards 73651-73675)

Batch 2948/3783 (cards 73676-73700)

Batch 2949/3783 (cards 73701-73725)

Batch 2950/3783 (cards 73726-73750)

Batch 2951/3783 (cards 73751-73775)

Batch 2952/3783 (cards 73776-73800)

Batch 2953/3783 (cards 73801-73825)

Batch 2954/3783 (cards 73826-73850)

Batch 2955/3783 (cards 73851-73875)

Batch 2956/3783 (cards 73876-73900)

Batch 2957/3783 (cards 73901-73925)

Batch 2958/3783 (cards 73926-73950)

Batch 2959/3783 (cards 73951-73975)

Batch 2960/3783 (cards 73976-74000)

Batch 2961/3783 (cards 74001-74025)

Batch 2962/3783 (cards 74026-74050)

Batch 2963/3783 (cards 74051-74075)

Batch 2964/3783 (cards 74076-74100)

Batch 2965/3783 (cards 74101-74125)

Batch 2966/3783 (cards 74126-74150)

Batch 2967/3783 (cards 74151-74175)

Batch 2968/3783 (cards 74176-74200)

Batch 2969/3783 (cards 74201-74225)

Batch 2970/3783 (cards 74226-74250)

Batch 2971/3783 (cards 74251-74275)

Batch 2972/3783 (cards 74276-74300)

Batch 2973/3783 (cards 74301-74325)

Batch 2974/3783 (cards 74326-74350)

Batch 2975/3783 (cards 74351-74375)

Batch 2976/3783 (cards 74376-74400)

Batch 2977/3783 (cards 74401-74425)

Batch 2978/3783 (cards 74426-74450)

Batch 2979/3783 (cards 74451-74475)

Batch 2980/3783 (cards 74476-74500)

Batch 2981/3783 (cards 74501-74525)

Batch 2982/3783 (cards 74526-74550)

Batch 2983/3783 (cards 74551-74575)

Batch 2984/3783 (cards 74576-74600)

Batch 2985/3783 (cards 74601-74625)

Batch 2986/3783 (cards 74626-74650)

Batch 2987/3783 (cards 74651-74675)

Batch 2988/3783 (cards 74676-74700)

Batch 2989/3783 (cards 74701-74725)

Batch 2990/3783 (cards 74726-74750)

Batch 2991/3783 (cards 74751-74775)

Batch 2992/3783 (cards 74776-74800)

Batch 2993/3783 (cards 74801-74825)

Batch 2994/3783 (cards 74826-74850)

Batch 2995/3783 (cards 74851-74875)

Batch 2996/3783 (cards 74876-74900)

Batch 2997/3783 (cards 74901-74925)

Batch 2998/3783 (cards 74926-74950)

Batch 2999/3783 (cards 74951-74975)

Batch 3000/3783 (cards 74976-75000)

Batch 3001/3783 (cards 75001-75025)

Batch 3002/3783 (cards 75026-75050)

Batch 3003/3783 (cards 75051-75075)

Batch 3004/3783 (cards 75076-75100)

Batch 3005/3783 (cards 75101-75125)

Batch 3006/3783 (cards 75126-75150)

Batch 3007/3783 (cards 75151-75175)

Batch 3008/3783 (cards 75176-75200)

Batch 3009/3783 (cards 75201-75225)

Batch 3010/3783 (cards 75226-75250)

Batch 3011/3783 (cards 75251-75275)

Batch 3012/3783 (cards 75276-75300)

Batch 3013/3783 (cards 75301-75325)

Batch 3014/3783 (cards 75326-75350)

Batch 3015/3783 (cards 75351-75375)

Batch 3016/3783 (cards 75376-75400)

Batch 3017/3783 (cards 75401-75425)

Batch 3018/3783 (cards 75426-75450)

Batch 3019/3783 (cards 75451-75475)

Batch 3020/3783 (cards 75476-75500)

Batch 3021/3783 (cards 75501-75525)

Batch 3022/3783 (cards 75526-75550)

Batch 3023/3783 (cards 75551-75575)

Batch 3024/3783 (cards 75576-75600)

Batch 3025/3783 (cards 75601-75625)

Batch 3026/3783 (cards 75626-75650)

Batch 3027/3783 (cards 75651-75675)

Batch 3028/3783 (cards 75676-75700)

Batch 3029/3783 (cards 75701-75725)

Batch 3030/3783 (cards 75726-75750)

Batch 3031/3783 (cards 75751-75775)

Batch 3032/3783 (cards 75776-75800)

Batch 3033/3783 (cards 75801-75825)

Batch 3034/3783 (cards 75826-75850)

Batch 3035/3783 (cards 75851-75875)

Batch 3036/3783 (cards 75876-75900)

Batch 3037/3783 (cards 75901-75925)

Batch 3038/3783 (cards 75926-75950)

Batch 3039/3783 (cards 75951-75975)

Batch 3040/3783 (cards 75976-76000)

Batch 3041/3783 (cards 76001-76025)

Batch 3042/3783 (cards 76026-76050)

Batch 3043/3783 (cards 76051-76075)

Batch 3044/3783 (cards 76076-76100)

Batch 3045/3783 (cards 76101-76125)

Batch 3046/3783 (cards 76126-76150)

Batch 3047/3783 (cards 76151-76175)

Batch 3048/3783 (cards 76176-76200)

Batch 3049/3783 (cards 76201-76225)

Batch 3050/3783 (cards 76226-76250)

Batch 3051/3783 (cards 76251-76275)

Batch 3052/3783 (cards 76276-76300)

Batch 3053/3783 (cards 76301-76325)

Batch 3054/3783 (cards 76326-76350)

Batch 3055/3783 (cards 76351-76375)

Batch 3056/3783 (cards 76376-76400)

Batch 3057/3783 (cards 76401-76425)

Batch 3058/3783 (cards 76426-76450)

Batch 3059/3783 (cards 76451-76475)

Batch 3060/3783 (cards 76476-76500)

Batch 3061/3783 (cards 76501-76525)

Batch 3062/3783 (cards 76526-76550)

Batch 3063/3783 (cards 76551-76575)

Batch 3064/3783 (cards 76576-76600)

Batch 3065/3783 (cards 76601-76625)

Batch 3066/3783 (cards 76626-76650)

Batch 3067/3783 (cards 76651-76675)

Batch 3068/3783 (cards 76676-76700)

Batch 3069/3783 (cards 76701-76725)

Batch 3070/3783 (cards 76726-76750)

Batch 3071/3783 (cards 76751-76775)

Batch 3072/3783 (cards 76776-76800)

Batch 3073/3783 (cards 76801-76825)

Batch 3074/3783 (cards 76826-76850)

Batch 3075/3783 (cards 76851-76875)

Batch 3076/3783 (cards 76876-76900)

Batch 3077/3783 (cards 76901-76925)

Batch 3078/3783 (cards 76926-76950)

Batch 3079/3783 (cards 76951-76975)

Batch 3080/3783 (cards 76976-77000)

Batch 3081/3783 (cards 77001-77025)

Batch 3082/3783 (cards 77026-77050)

Batch 3083/3783 (cards 77051-77075)

Batch 3084/3783 (cards 77076-77100)

Batch 3085/3783 (cards 77101-77125)

Batch 3086/3783 (cards 77126-77150)

Batch 3087/3783 (cards 77151-77175)

Batch 3088/3783 (cards 77176-77200)

Batch 3089/3783 (cards 77201-77225)

Batch 3090/3783 (cards 77226-77250)

Batch 3091/3783 (cards 77251-77275)

Batch 3092/3783 (cards 77276-77300)

Batch 3093/3783 (cards 77301-77325)

Batch 3094/3783 (cards 77326-77350)

Batch 3095/3783 (cards 77351-77375)

Batch 3096/3783 (cards 77376-77400)

Batch 3097/3783 (cards 77401-77425)

Batch 3098/3783 (cards 77426-77450)

Batch 3099/3783 (cards 77451-77475)

Batch 3100/3783 (cards 77476-77500)

Batch 3101/3783 (cards 77501-77525)

Batch 3102/3783 (cards 77526-77550)

Batch 3103/3783 (cards 77551-77575)

Batch 3104/3783 (cards 77576-77600)

Batch 3105/3783 (cards 77601-77625)

Batch 3106/3783 (cards 77626-77650)

Batch 3107/3783 (cards 77651-77675)

Batch 3108/3783 (cards 77676-77700)

Batch 3109/3783 (cards 77701-77725)

Batch 3110/3783 (cards 77726-77750)

Batch 3111/3783 (cards 77751-77775)

Batch 3112/3783 (cards 77776-77800)

Batch 3113/3783 (cards 77801-77825)

Batch 3114/3783 (cards 77826-77850)

Batch 3115/3783 (cards 77851-77875)

Batch 3116/3783 (cards 77876-77900)

Batch 3117/3783 (cards 77901-77925)

Batch 3118/3783 (cards 77926-77950)

Batch 3119/3783 (cards 77951-77975)

Batch 3120/3783 (cards 77976-78000)

Batch 3121/3783 (cards 78001-78025)

Batch 3122/3783 (cards 78026-78050)

Batch 3123/3783 (cards 78051-78075)

Batch 3124/3783 (cards 78076-78100)

Batch 3125/3783 (cards 78101-78125)

Batch 3126/3783 (cards 78126-78150)

Batch 3127/3783 (cards 78151-78175)

Batch 3128/3783 (cards 78176-78200)

Batch 3129/3783 (cards 78201-78225)

Batch 3130/3783 (cards 78226-78250)

Batch 3131/3783 (cards 78251-78275)

Batch 3132/3783 (cards 78276-78300)

Batch 3133/3783 (cards 78301-78325)

Batch 3134/3783 (cards 78326-78350)

Batch 3135/3783 (cards 78351-78375)

Batch 3136/3783 (cards 78376-78400)

Batch 3137/3783 (cards 78401-78425)

Batch 3138/3783 (cards 78426-78450)

Batch 3139/3783 (cards 78451-78475)

Batch 3140/3783 (cards 78476-78500)

Batch 3141/3783 (cards 78501-78525)

Batch 3142/3783 (cards 78526-78550)

Batch 3143/3783 (cards 78551-78575)

Batch 3144/3783 (cards 78576-78600)

Batch 3145/3783 (cards 78601-78625)
2026-01-22 13:06:48,534 - INFO - Progress: Products: 7 created, 77057 skipped, 1586 failed | Variants: 50 created, 0 failed | Time: 7989.4s
2026-01-22 13:06:50,983 - INFO - Progress: Products: 7 created, 77081 skipped, 1587 failed | Variants: 50 created, 0 failed | Time: 7991.9s
2026-01-22 13:06:53,412 - INFO - Progress: Products: 7 created, 77106 skipped, 1587 failed | Variants: 50 created, 0 failed | Time: 7994.3s
2026-01-22 13:06:55,841 - INFO - Progress: Products: 7 created, 77131 skipped, 1587 failed | Variants: 50 created, 0 failed | Time: 7996.7s
2026-01-22 13:06:58,211 - INFO - Progress: Products: 7 created, 77155 skipped, 1588 failed | Variants: 50 created, 0 failed | Time: 7999.1s
2026-01-22 13:07:00,715 - INFO - Progress: Products: 7 created, 77179 skipped, 1589 failed | Variants: 50 created, 0 failed | Time: 8001.6s
2026-01-22 13:07:03,909 - INFO - Progress: Products: 7 created, 77204 skipped, 1589 failed | Variants: 50 created, 0 failed | Time: 8004.8s
2026-01-22 13:07:06,452 - INFO - Progress: Products: 7 created, 77228 skipped, 1590 failed | Variants: 50 created, 0 failed | Time: 8007.4s
2026-01-22 13:07:08,952 - INFO - Progress: Products: 7 created, 77252 skipped, 1591 failed | Variants: 50 created, 0 failed | Time: 8009.9s
2026-01-22 13:07:11,833 - INFO - Progress: Products: 7 created, 77276 skipped, 1592 failed | Variants: 50 created, 0 failed | Time: 8012.7s
2026-01-22 13:07:14,360 - INFO - Progress: Products: 7 created, 77301 skipped, 1592 failed | Variants: 50 created, 0 failed | Time: 8015.3s
2026-01-22 13:07:16,925 - INFO - Progress: Products: 7 created, 77325 skipped, 1593 failed | Variants: 50 created, 0 failed | Time: 8017.8s
2026-01-22 13:07:19,396 - INFO - Progress: Products: 7 created, 77349 skipped, 1594 failed | Variants: 50 created, 0 failed | Time: 8020.3s
2026-01-22 13:07:21,897 - INFO - Progress: Products: 7 created, 77374 skipped, 1594 failed | Variants: 50 created, 0 failed | Time: 8022.8s
2026-01-22 13:07:24,441 - INFO - Progress: Products: 7 created, 77398 skipped, 1595 failed | Variants: 50 created, 0 failed | Time: 8025.3s
2026-01-22 13:07:26,949 - INFO - Progress: Products: 7 created, 77422 skipped, 1596 failed | Variants: 50 created, 0 failed | Time: 8027.8s
2026-01-22 13:07:29,413 - INFO - Progress: Products: 7 created, 77447 skipped, 1596 failed | Variants: 50 created, 0 failed | Time: 8030.3s
2026-01-22 13:07:32,002 - INFO - Progress: Products: 7 created, 77471 skipped, 1597 failed | Variants: 50 created, 0 failed | Time: 8032.9s
2026-01-22 13:07:34,523 - INFO - Progress: Products: 7 created, 77495 skipped, 1598 failed | Variants: 50 created, 0 failed | Time: 8035.4s
2026-01-22 13:07:37,123 - INFO - Progress: Products: 7 created, 77518 skipped, 1600 failed | Variants: 50 created, 0 failed | Time: 8038.0s
2026-01-22 13:07:39,629 - INFO - Progress: Products: 7 created, 77543 skipped, 1600 failed | Variants: 50 created, 0 failed | Time: 8040.5s
2026-01-22 13:07:42,415 - INFO - Progress: Products: 7 created, 77568 skipped, 1600 failed | Variants: 50 created, 0 failed | Time: 8043.3s
2026-01-22 13:07:44,883 - INFO - Progress: Products: 7 created, 77593 skipped, 1600 failed | Variants: 50 created, 0 failed | Time: 8045.8s
2026-01-22 13:07:47,408 - INFO - Progress: Products: 7 created, 77617 skipped, 1601 failed | Variants: 50 created, 0 failed | Time: 8048.3s
2026-01-22 13:07:49,913 - INFO - Progress: Products: 7 created, 77640 skipped, 1603 failed | Variants: 50 created, 0 failed | Time: 8050.8s
2026-01-22 13:07:52,436 - INFO - Progress: Products: 7 created, 77664 skipped, 1604 failed | Variants: 50 created, 0 failed | Time: 8053.3s
2026-01-22 13:07:54,912 - INFO - Progress: Products: 7 created, 77688 skipped, 1605 failed | Variants: 50 created, 0 failed | Time: 8055.8s
2026-01-22 13:07:57,425 - INFO - Progress: Products: 7 created, 77712 skipped, 1606 failed | Variants: 50 created, 0 failed | Time: 8058.3s
2026-01-22 13:07:59,917 - INFO - Progress: Products: 7 created, 77737 skipped, 1606 failed | Variants: 50 created, 0 failed | Time: 8060.8s
2026-01-22 13:08:02,786 - INFO - Progress: Products: 7 created, 77762 skipped, 1606 failed | Variants: 50 created, 0 failed | Time: 8063.7s
2026-01-22 13:08:05,320 - INFO - Progress: Products: 7 created, 77787 skipped, 1606 failed | Variants: 50 created, 0 failed | Time: 8066.2s
2026-01-22 13:08:07,849 - INFO - Progress: Products: 7 created, 77812 skipped, 1606 failed | Variants: 50 created, 0 failed | Time: 8068.7s
2026-01-22 13:08:10,399 - INFO - Progress: Products: 7 created, 77836 skipped, 1607 failed | Variants: 50 created, 0 failed | Time: 8071.3s
2026-01-22 13:08:13,289 - INFO - Progress: Products: 7 created, 77861 skipped, 1607 failed | Variants: 50 created, 0 failed | Time: 8074.2s
2026-01-22 13:08:15,839 - INFO - Progress: Products: 7 created, 77885 skipped, 1608 failed | Variants: 50 created, 0 failed | Time: 8076.7s
2026-01-22 13:08:18,346 - INFO - Progress: Products: 7 created, 77910 skipped, 1608 failed | Variants: 50 created, 0 failed | Time: 8079.2s
2026-01-22 13:08:20,809 - INFO - Progress: Products: 7 created, 77935 skipped, 1608 failed | Variants: 50 created, 0 failed | Time: 8081.7s
2026-01-22 13:08:23,285 - INFO - Progress: Products: 7 created, 77959 skipped, 1609 failed | Variants: 50 created, 0 failed | Time: 8084.2s
2026-01-22 13:08:25,735 - INFO - Progress: Products: 7 created, 77981 skipped, 1612 failed | Variants: 50 created, 0 failed | Time: 8086.6s
2026-01-22 13:08:28,221 - INFO - Progress: Products: 7 created, 78006 skipped, 1612 failed | Variants: 50 created, 0 failed | Time: 8089.1s
2026-01-22 13:08:30,612 - INFO - Progress: Products: 7 created, 78031 skipped, 1612 failed | Variants: 50 created, 0 failed | Time: 8091.5s
2026-01-22 13:08:33,059 - INFO - Progress: Products: 7 created, 78055 skipped, 1613 failed | Variants: 50 created, 0 failed | Time: 8094.0s
2026-01-22 13:08:35,631 - INFO - Progress: Products: 7 created, 78079 skipped, 1614 failed | Variants: 50 created, 0 failed | Time: 8096.5s
2026-01-22 13:08:38,221 - INFO - Progress: Products: 7 created, 78104 skipped, 1614 failed | Variants: 50 created, 0 failed | Time: 8099.1s
2026-01-22 13:08:40,793 - INFO - Progress: Products: 7 created, 78129 skipped, 1614 failed | Variants: 50 created, 0 failed | Time: 8101.7s
2026-01-22 13:08:43,422 - INFO - Progress: Products: 7 created, 78154 skipped, 1614 failed | Variants: 50 created, 0 failed | Time: 8104.3s
2026-01-22 13:08:45,920 - INFO - Progress: Products: 7 created, 78178 skipped, 1615 failed | Variants: 50 created, 0 failed | Time: 8106.8s
2026-01-22 13:08:48,399 - INFO - Progress: Products: 7 created, 78202 skipped, 1616 failed | Variants: 50 created, 0 failed | Time: 8109.3s
2026-01-22 13:08:50,881 - INFO - Progress: Products: 7 created, 78226 skipped, 1617 failed | Variants: 50 created, 0 failed | Time: 8111.8s
2026-01-22 13:08:53,348 - INFO - Progress: Products: 7 created, 78251 skipped, 1617 failed | Variants: 50 created, 0 failed | Time: 8114.2s
2026-01-22 13:08:55,832 - INFO - Progress: Products: 7 created, 78276 skipped, 1617 failed | Variants: 50 created, 0 failed | Time: 8116.7s
2026-01-22 13:08:58,433 - INFO - Progress: Products: 7 created, 78300 skipped, 1618 failed | Variants: 50 created, 0 failed | Time: 8119.3s
2026-01-22 13:09:01,004 - INFO - Progress: Products: 7 created, 78324 skipped, 1619 failed | Variants: 50 created, 0 failed | Time: 8121.9s
2026-01-22 13:09:04,083 - INFO - Progress: Products: 7 created, 78348 skipped, 1620 failed | Variants: 50 created, 0 failed | Time: 8125.0s
2026-01-22 13:09:06,911 - INFO - Progress: Products: 7 created, 78372 skipped, 1621 failed | Variants: 50 created, 0 failed | Time: 8127.8s
2026-01-22 13:09:09,437 - INFO - Progress: Products: 7 created, 78397 skipped, 1621 failed | Variants: 50 created, 0 failed | Time: 8130.3s
2026-01-22 13:09:12,155 - INFO - Progress: Products: 7 created, 78421 skipped, 1622 failed | Variants: 50 created, 0 failed | Time: 8133.1s
2026-01-22 13:09:14,699 - INFO - Progress: Products: 7 created, 78445 skipped, 1623 failed | Variants: 50 created, 0 failed | Time: 8135.6s
2026-01-22 13:09:17,141 - INFO - Progress: Products: 7 created, 78470 skipped, 1623 failed | Variants: 50 created, 0 failed | Time: 8138.0s
2026-01-22 13:09:19,599 - INFO - Progress: Products: 7 created, 78495 skipped, 1623 failed | Variants: 50 created, 0 failed | Time: 8140.5s
2026-01-22 13:09:22,199 - INFO - Progress: Products: 7 created, 78519 skipped, 1624 failed | Variants: 50 created, 0 failed | Time: 8143.1s
2026-01-22 13:09:24,623 - INFO - Progress: Products: 7 created, 78543 skipped, 1625 failed | Variants: 50 created, 0 failed | Time: 8145.5s
2026-01-22 13:09:27,104 - INFO - Progress: Products: 7 created, 78567 skipped, 1626 failed | Variants: 50 created, 0 failed | Time: 8148.0s
2026-01-22 13:09:29,490 - INFO - Progress: Products: 7 created, 78592 skipped, 1626 failed | Variants: 50 created, 0 failed | Time: 8150.4s
2026-01-22 13:09:31,950 - INFO - Progress: Products: 7 created, 78617 skipped, 1626 failed | Variants: 50 created, 0 failed | Time: 8152.8s
2026-01-22 13:09:34,499 - INFO - Progress: Products: 7 created, 78640 skipped, 1628 failed | Variants: 50 created, 0 failed | Time: 8155.4s
2026-01-22 13:09:36,951 - INFO - Progress: Products: 7 created, 78664 skipped, 1629 failed | Variants: 50 created, 0 failed | Time: 8157.8s
2026-01-22 13:09:39,345 - INFO - Progress: Products: 7 created, 78687 skipped, 1631 failed | Variants: 50 created, 0 failed | Time: 8160.2s
2026-01-22 13:09:42,072 - INFO - Progress: Products: 7 created, 78712 skipped, 1631 failed | Variants: 50 created, 0 failed | Time: 8163.0s
2026-01-22 13:09:44,546 - INFO - Progress: Products: 7 created, 78737 skipped, 1631 failed | Variants: 50 created, 0 failed | Time: 8165.4s
2026-01-22 13:09:47,112 - INFO - Progress: Products: 7 created, 78762 skipped, 1631 failed | Variants: 50 created, 0 failed | Time: 8168.0s
2026-01-22 13:09:49,502 - INFO - Progress: Products: 7 created, 78786 skipped, 1632 failed | Variants: 50 created, 0 failed | Time: 8170.4s
2026-01-22 13:09:51,921 - INFO - Progress: Products: 7 created, 78811 skipped, 1632 failed | Variants: 50 created, 0 failed | Time: 8172.8s
2026-01-22 13:09:54,333 - INFO - Progress: Products: 7 created, 78836 skipped, 1632 failed | Variants: 50 created, 0 failed | Time: 8175.2s
2026-01-22 13:09:56,809 - INFO - Progress: Products: 7 created, 78861 skipped, 1632 failed | Variants: 50 created, 0 failed | Time: 8177.7s
2026-01-22 13:09:59,195 - INFO - Progress: Products: 7 created, 78884 skipped, 1634 failed | Variants: 50 created, 0 failed | Time: 8180.1s
2026-01-22 13:10:02,505 - INFO - Progress: Products: 7 created, 78908 skipped, 1635 failed | Variants: 50 created, 0 failed | Time: 8183.4s
2026-01-22 13:10:05,434 - INFO - Progress: Products: 7 created, 78933 skipped, 1635 failed | Variants: 50 created, 0 failed | Time: 8186.3s
2026-01-22 13:10:07,938 - INFO - Progress: Products: 7 created, 78958 skipped, 1635 failed | Variants: 50 created, 0 failed | Time: 8188.8s
2026-01-22 13:10:10,508 - INFO - Progress: Products: 7 created, 78983 skipped, 1635 failed | Variants: 50 created, 0 failed | Time: 8191.4s
2026-01-22 13:10:13,248 - INFO - Progress: Products: 7 created, 79008 skipped, 1635 failed | Variants: 50 created, 0 failed | Time: 8194.1s
2026-01-22 13:10:15,629 - INFO - Progress: Products: 7 created, 79033 skipped, 1635 failed | Variants: 50 created, 0 failed | Time: 8196.5s
2026-01-22 13:10:18,150 - INFO - Progress: Products: 7 created, 79057 skipped, 1636 failed | Variants: 50 created, 0 failed | Time: 8199.0s
2026-01-22 13:10:20,597 - INFO - Progress: Products: 7 created, 79081 skipped, 1637 failed | Variants: 50 created, 0 failed | Time: 8201.5s
2026-01-22 13:10:23,015 - INFO - Progress: Products: 7 created, 79106 skipped, 1637 failed | Variants: 50 created, 0 failed | Time: 8203.9s
2026-01-22 13:10:25,510 - INFO - Progress: Products: 7 created, 79131 skipped, 1637 failed | Variants: 50 created, 0 failed | Time: 8206.4s
2026-01-22 13:10:27,959 - INFO - Progress: Products: 7 created, 79152 skipped, 1641 failed | Variants: 50 created, 0 failed | Time: 8208.9s
2026-01-22 13:10:30,510 - INFO - Progress: Products: 7 created, 79177 skipped, 1641 failed | Variants: 50 created, 0 failed | Time: 8211.4s
2026-01-22 13:10:32,982 - INFO - Progress: Products: 7 created, 79200 skipped, 1643 failed | Variants: 50 created, 0 failed | Time: 8213.9s
2026-01-22 13:10:35,431 - INFO - Progress: Products: 7 created, 79225 skipped, 1643 failed | Variants: 50 created, 0 failed | Time: 8216.3s
2026-01-22 13:10:37,882 - INFO - Progress: Products: 7 created, 79250 skipped, 1643 failed | Variants: 50 created, 0 failed | Time: 8218.8s
2026-01-22 13:10:40,355 - INFO - Progress: Products: 7 created, 79274 skipped, 1644 failed | Variants: 50 created, 0 failed | Time: 8221.3s
2026-01-22 13:10:43,110 - INFO - Progress: Products: 7 created, 79297 skipped, 1646 failed | Variants: 50 created, 0 failed | Time: 8224.0s
2026-01-22 13:10:45,534 - INFO - Progress: Products: 7 created, 79322 skipped, 1646 failed | Variants: 50 created, 0 failed | Time: 8226.4s
2026-01-22 13:10:47,991 - INFO - Progress: Products: 7 created, 79347 skipped, 1646 failed | Variants: 50 created, 0 failed | Time: 8228.9s
2026-01-22 13:10:50,416 - INFO - Progress: Products: 7 created, 79372 skipped, 1646 failed | Variants: 50 created, 0 failed | Time: 8231.3s
2026-01-22 13:10:52,748 - INFO - Progress: Products: 7 created, 79397 skipped, 1646 failed | Variants: 50 created, 0 failed | Time: 8233.6s
2026-01-22 13:10:55,229 - INFO - Progress: Products: 7 created, 79421 skipped, 1647 failed | Variants: 50 created, 0 failed | Time: 8236.1s
2026-01-22 13:10:57,738 - INFO - Progress: Products: 7 created, 79445 skipped, 1648 failed | Variants: 50 created, 0 failed | Time: 8238.6s
2026-01-22 13:11:00,372 - INFO - Progress: Products: 7 created, 79469 skipped, 1649 failed | Variants: 50 created, 0 failed | Time: 8241.3s
2026-01-22 13:11:03,617 - INFO - Progress: Products: 7 created, 79494 skipped, 1649 failed | Variants: 50 created, 0 failed | Time: 8244.5s
2026-01-22 13:11:06,363 - INFO - Progress: Products: 7 created, 79518 skipped, 1650 failed | Variants: 50 created, 0 failed | Time: 8247.3s
2026-01-22 13:11:08,845 - INFO - Progress: Products: 7 created, 79543 skipped, 1650 failed | Variants: 50 created, 0 failed | Time: 8249.7s
2026-01-22 13:11:11,570 - INFO - Progress: Products: 7 created, 79568 skipped, 1650 failed | Variants: 50 created, 0 failed | Time: 8252.5s
2026-01-22 13:11:14,042 - INFO - Progress: Products: 7 created, 79593 skipped, 1650 failed | Variants: 50 created, 0 failed | Time: 8254.9s
2026-01-22 13:11:16,633 - INFO - Progress: Products: 7 created, 79617 skipped, 1651 failed | Variants: 50 created, 0 failed | Time: 8257.5s
2026-01-22 13:11:19,045 - INFO - Progress: Products: 7 created, 79641 skipped, 1652 failed | Variants: 50 created, 0 failed | Time: 8259.9s
2026-01-22 13:11:21,498 - INFO - Progress: Products: 7 created, 79665 skipped, 1653 failed | Variants: 50 created, 0 failed | Time: 8262.4s
2026-01-22 13:11:24,049 - INFO - Progress: Products: 7 created, 79690 skipped, 1653 failed | Variants: 50 created, 0 failed | Time: 8264.9s
2026-01-22 13:11:26,498 - INFO - Progress: Products: 7 created, 79715 skipped, 1653 failed | Variants: 50 created, 0 failed | Time: 8267.4s
2026-01-22 13:11:28,889 - INFO - Progress: Products: 7 created, 79740 skipped, 1653 failed | Variants: 50 created, 0 failed | Time: 8269.8s
2026-01-22 13:11:31,260 - INFO - Progress: Products: 7 created, 79765 skipped, 1653 failed | Variants: 50 created, 0 failed | Time: 8272.2s
2026-01-22 13:11:33,713 - INFO - Progress: Products: 7 created, 79789 skipped, 1654 failed | Variants: 50 created, 0 failed | Time: 8274.6s
2026-01-22 13:11:36,139 - INFO - Progress: Products: 7 created, 79813 skipped, 1655 failed | Variants: 50 created, 0 failed | Time: 8277.0s
2026-01-22 13:11:38,671 - INFO - Progress: Products: 7 created, 79837 skipped, 1656 failed | Variants: 50 created, 0 failed | Time: 8279.6s
2026-01-22 13:11:41,740 - INFO - Progress: Products: 7 created, 79862 skipped, 1656 failed | Variants: 50 created, 0 failed | Time: 8282.6s
2026-01-22 13:11:44,255 - INFO - Progress: Products: 7 created, 79886 skipped, 1657 failed | Variants: 50 created, 0 failed | Time: 8285.2s
2026-01-22 13:11:46,747 - INFO - Progress: Products: 7 created, 79910 skipped, 1658 failed | Variants: 50 created, 0 failed | Time: 8287.6s
2026-01-22 13:11:49,221 - INFO - Progress: Products: 7 created, 79935 skipped, 1658 failed | Variants: 50 created, 0 failed | Time: 8290.1s
2026-01-22 13:11:51,710 - INFO - Progress: Products: 7 created, 79960 skipped, 1658 failed | Variants: 50 created, 0 failed | Time: 8292.6s
2026-01-22 13:11:54,119 - INFO - Progress: Products: 7 created, 79983 skipped, 1660 failed | Variants: 50 created, 0 failed | Time: 8295.0s
2026-01-22 13:11:56,607 - INFO - Progress: Products: 7 created, 80008 skipped, 1660 failed | Variants: 50 created, 0 failed | Time: 8297.5s
2026-01-22 13:11:59,037 - INFO - Progress: Products: 7 created, 80033 skipped, 1660 failed | Variants: 50 created, 0 failed | Time: 8299.9s
2026-01-22 13:12:02,391 - INFO - Progress: Products: 7 created, 80058 skipped, 1660 failed | Variants: 50 created, 0 failed | Time: 8303.3s
2026-01-22 13:12:05,315 - INFO - Progress: Products: 7 created, 80082 skipped, 1661 failed | Variants: 50 created, 0 failed | Time: 8306.2s
2026-01-22 13:12:07,891 - INFO - Progress: Products: 7 created, 80107 skipped, 1661 failed | Variants: 50 created, 0 failed | Time: 8308.8s
2026-01-22 13:12:10,417 - INFO - Progress: Products: 7 created, 80132 skipped, 1661 failed | Variants: 50 created, 0 failed | Time: 8311.3s
2026-01-22 13:12:13,209 - INFO - Progress: Products: 7 created, 80156 skipped, 1662 failed | Variants: 50 created, 0 failed | Time: 8314.1s
2026-01-22 13:12:15,647 - INFO - Progress: Products: 7 created, 80181 skipped, 1662 failed | Variants: 50 created, 0 failed | Time: 8316.5s
2026-01-22 13:12:18,113 - INFO - Progress: Products: 7 created, 80206 skipped, 1662 failed | Variants: 50 created, 0 failed | Time: 8319.0s
2026-01-22 13:12:20,693 - INFO - Progress: Products: 7 created, 80231 skipped, 1662 failed | Variants: 50 created, 0 failed | Time: 8321.6s
2026-01-22 13:12:23,237 - INFO - Progress: Products: 7 created, 80256 skipped, 1662 failed | Variants: 50 created, 0 failed | Time: 8324.1s
2026-01-22 13:12:25,813 - INFO - Progress: Products: 7 created, 80281 skipped, 1662 failed | Variants: 50 created, 0 failed | Time: 8326.7s
2026-01-22 13:12:28,320 - INFO - Progress: Products: 7 created, 80306 skipped, 1662 failed | Variants: 50 created, 0 failed | Time: 8329.2s
2026-01-22 13:12:30,842 - INFO - Progress: Products: 7 created, 80331 skipped, 1662 failed | Variants: 50 created, 0 failed | Time: 8331.7s
2026-01-22 13:12:33,417 - INFO - Progress: Products: 7 created, 80355 skipped, 1663 failed | Variants: 50 created, 0 failed | Time: 8334.3s
2026-01-22 13:12:35,957 - INFO - Progress: Products: 7 created, 80379 skipped, 1664 failed | Variants: 50 created, 0 failed | Time: 8336.9s
2026-01-22 13:12:38,319 - INFO - Progress: Products: 7 created, 80403 skipped, 1665 failed | Variants: 50 created, 0 failed | Time: 8339.2s
2026-01-22 13:12:40,757 - INFO - Progress: Products: 7 created, 80427 skipped, 1666 failed | Variants: 50 created, 0 failed | Time: 8341.7s
2026-01-22 13:12:43,522 - INFO - Progress: Products: 7 created, 80451 skipped, 1667 failed | Variants: 50 created, 0 failed | Time: 8344.4s
2026-01-22 13:12:46,060 - INFO - Progress: Products: 7 created, 80475 skipped, 1668 failed | Variants: 50 created, 0 failed | Time: 8347.0s
2026-01-22 13:12:48,541 - INFO - Progress: Products: 7 created, 80500 skipped, 1668 failed | Variants: 50 created, 0 failed | Time: 8349.4s
2026-01-22 13:12:51,020 - INFO - Progress: Products: 7 created, 80524 skipped, 1669 failed | Variants: 50 created, 0 failed | Time: 8351.9s
2026-01-22 13:12:53,491 - INFO - Progress: Products: 7 created, 80548 skipped, 1670 failed | Variants: 50 created, 0 failed | Time: 8354.4s
2026-01-22 13:12:55,937 - INFO - Progress: Products: 7 created, 80573 skipped, 1670 failed | Variants: 50 created, 0 failed | Time: 8356.8s
2026-01-22 13:12:58,413 - INFO - Progress: Products: 7 created, 80598 skipped, 1670 failed | Variants: 50 created, 0 failed | Time: 8359.3s
2026-01-22 13:13:00,900 - INFO - Progress: Products: 7 created, 80623 skipped, 1670 failed | Variants: 50 created, 0 failed | Time: 8361.8s
2026-01-22 13:13:04,350 - INFO - Progress: Products: 7 created, 80648 skipped, 1670 failed | Variants: 50 created, 0 failed | Time: 8365.2s
2026-01-22 13:13:07,039 - INFO - Progress: Products: 7 created, 80672 skipped, 1671 failed | Variants: 50 created, 0 failed | Time: 8367.9s
2026-01-22 13:13:09,625 - INFO - Progress: Products: 7 created, 80696 skipped, 1672 failed | Variants: 50 created, 0 failed | Time: 8370.5s
2026-01-22 13:13:12,497 - INFO - Progress: Products: 7 created, 80720 skipped, 1673 failed | Variants: 50 created, 0 failed | Time: 8373.4s
2026-01-22 13:13:14,984 - INFO - Progress: Products: 7 created, 80744 skipped, 1674 failed | Variants: 50 created, 0 failed | Time: 8375.9s
2026-01-22 13:13:21,326 - INFO - Progress: Products: 7 created, 80768 skipped, 1675 failed | Variants: 50 created, 0 failed | Time: 8382.2s
2026-01-22 13:13:25,507 - INFO - Progress: Products: 7 created, 80792 skipped, 1676 failed | Variants: 50 created, 0 failed | Time: 8386.4s
2026-01-22 13:13:30,503 - INFO - Progress: Products: 7 created, 80817 skipped, 1676 failed | Variants: 50 created, 0 failed | Time: 8391.4s
2026-01-22 13:13:35,783 - INFO - Progress: Products: 7 created, 80842 skipped, 1676 failed | Variants: 50 created, 0 failed | Time: 8396.7s
2026-01-22 13:13:41,099 - INFO - Progress: Products: 7 created, 80866 skipped, 1677 failed | Variants: 50 created, 0 failed | Time: 8402.0s
2026-01-22 13:13:46,386 - INFO - Progress: Products: 7 created, 80891 skipped, 1677 failed | Variants: 50 created, 0 failed | Time: 8407.3s
2026-01-22 13:13:50,305 - INFO - Progress: Products: 7 created, 80916 skipped, 1677 failed | Variants: 50 created, 0 failed | Time: 8411.2s
2026-01-22 13:13:52,707 - INFO - Progress: Products: 7 created, 80940 skipped, 1678 failed | Variants: 50 created, 0 failed | Time: 8413.6s
2026-01-22 13:13:55,151 - INFO - Progress: Products: 7 created, 80965 skipped, 1678 failed | Variants: 50 created, 0 failed | Time: 8416.0s
2026-01-22 13:13:57,716 - INFO - Progress: Products: 7 created, 80990 skipped, 1678 failed | Variants: 50 created, 0 failed | Time: 8418.6s
2026-01-22 13:14:00,350 - INFO - Progress: Products: 7 created, 81013 skipped, 1680 failed | Variants: 50 created, 0 failed | Time: 8421.2s
2026-01-22 13:14:03,700 - INFO - Progress: Products: 7 created, 81037 skipped, 1681 failed | Variants: 50 created, 0 failed | Time: 8424.6s
2026-01-22 13:14:06,644 - INFO - Progress: Products: 7 created, 81062 skipped, 1681 failed | Variants: 50 created, 0 failed | Time: 8427.5s
2026-01-22 13:14:09,218 - INFO - Progress: Products: 7 created, 81087 skipped, 1681 failed | Variants: 50 created, 0 failed | Time: 8430.1s
2026-01-22 13:14:12,033 - INFO - Progress: Products: 7 created, 81111 skipped, 1682 failed | Variants: 50 created, 0 failed | Time: 8432.9s
2026-01-22 13:14:14,619 - INFO - Progress: Products: 7 created, 81136 skipped, 1682 failed | Variants: 50 created, 0 failed | Time: 8435.5s
2026-01-22 13:14:17,122 - INFO - Progress: Products: 7 created, 81161 skipped, 1682 failed | Variants: 50 created, 0 failed | Time: 8438.0s
2026-01-22 13:14:19,597 - INFO - Progress: Products: 7 created, 81185 skipped, 1683 failed | Variants: 50 created, 0 failed | Time: 8440.5s
2026-01-22 13:14:22,019 - INFO - Progress: Products: 7 created, 81210 skipped, 1683 failed | Variants: 50 created, 0 failed | Time: 8442.9s
2026-01-22 13:14:24,518 - INFO - Progress: Products: 7 created, 81234 skipped, 1684 failed | Variants: 50 created, 0 failed | Time: 8445.4s
2026-01-22 13:14:27,025 - INFO - Progress: Products: 7 created, 81258 skipped, 1685 failed | Variants: 50 created, 0 failed | Time: 8447.9s
2026-01-22 13:14:29,407 - INFO - Progress: Products: 7 created, 81283 skipped, 1685 failed | Variants: 50 created, 0 failed | Time: 8450.3s
2026-01-22 13:14:31,901 - INFO - Progress: Products: 7 created, 81307 skipped, 1686 failed | Variants: 50 created, 0 failed | Time: 8452.8s
2026-01-22 13:14:34,248 - INFO - Progress: Products: 7 created, 81331 skipped, 1687 failed | Variants: 50 created, 0 failed | Time: 8455.1s
2026-01-22 13:14:36,715 - INFO - Progress: Products: 7 created, 81355 skipped, 1688 failed | Variants: 50 created, 0 failed | Time: 8457.6s
2026-01-22 13:14:39,254 - INFO - Progress: Products: 7 created, 81378 skipped, 1690 failed | Variants: 50 created, 0 failed | Time: 8460.2s
2026-01-22 13:14:41,910 - INFO - Progress: Products: 7 created, 81403 skipped, 1690 failed | Variants: 50 created, 0 failed | Time: 8462.8s
2026-01-22 13:14:44,405 - INFO - Progress: Products: 7 created, 81426 skipped, 1692 failed | Variants: 50 created, 0 failed | Time: 8465.3s
2026-01-22 13:14:46,797 - INFO - Progress: Products: 7 created, 81451 skipped, 1692 failed | Variants: 50 created, 0 failed | Time: 8467.7s
2026-01-22 13:14:49,197 - INFO - Progress: Products: 7 created, 81476 skipped, 1692 failed | Variants: 50 created, 0 failed | Time: 8470.1s
2026-01-22 13:14:51,615 - INFO - Progress: Products: 7 created, 81501 skipped, 1692 failed | Variants: 50 created, 0 failed | Time: 8472.5s
2026-01-22 13:14:54,098 - INFO - Progress: Products: 7 created, 81525 skipped, 1693 failed | Variants: 50 created, 0 failed | Time: 8475.0s
2026-01-22 13:14:56,456 - INFO - Progress: Products: 7 created, 81550 skipped, 1693 failed | Variants: 50 created, 0 failed | Time: 8477.4s
2026-01-22 13:14:58,858 - INFO - Progress: Products: 7 created, 81575 skipped, 1693 failed | Variants: 50 created, 0 failed | Time: 8479.8s
2026-01-22 13:15:01,904 - INFO - Progress: Products: 7 created, 81598 skipped, 1695 failed | Variants: 50 created, 0 failed | Time: 8482.8s
2026-01-22 13:15:05,032 - INFO - Progress: Products: 7 created, 81623 skipped, 1695 failed | Variants: 50 created, 0 failed | Time: 8485.9s
2026-01-22 13:15:07,619 - INFO - Progress: Products: 7 created, 81648 skipped, 1695 failed | Variants: 50 created, 0 failed | Time: 8488.5s
2026-01-22 13:15:10,057 - INFO - Progress: Products: 7 created, 81672 skipped, 1696 failed | Variants: 50 created, 0 failed | Time: 8491.0s
2026-01-22 13:15:12,860 - INFO - Progress: Products: 7 created, 81697 skipped, 1696 failed | Variants: 50 created, 0 failed | Time: 8493.8s
2026-01-22 13:15:15,366 - INFO - Progress: Products: 7 created, 81722 skipped, 1696 failed | Variants: 50 created, 0 failed | Time: 8496.3s
2026-01-22 13:15:17,827 - INFO - Progress: Products: 7 created, 81747 skipped, 1696 failed | Variants: 50 created, 0 failed | Time: 8498.7s
2026-01-22 13:15:20,403 - INFO - Progress: Products: 7 created, 81770 skipped, 1698 failed | Variants: 50 created, 0 failed | Time: 8501.3s
2026-01-22 13:15:22,846 - INFO - Progress: Products: 7 created, 81795 skipped, 1698 failed | Variants: 50 created, 0 failed | Time: 8503.7s
2026-01-22 13:15:25,406 - INFO - Progress: Products: 7 created, 81820 skipped, 1698 failed | Variants: 50 created, 0 failed | Time: 8506.3s
2026-01-22 13:15:27,925 - INFO - Progress: Products: 7 created, 81845 skipped, 1698 failed | Variants: 50 created, 0 failed | Time: 8508.8s
2026-01-22 13:15:30,399 - INFO - Progress: Products: 7 created, 81869 skipped, 1699 failed | Variants: 50 created, 0 failed | Time: 8511.3s
2026-01-22 13:15:32,892 - INFO - Progress: Products: 7 created, 81894 skipped, 1699 failed | Variants: 50 created, 0 failed | Time: 8513.8s
2026-01-22 13:15:35,335 - INFO - Progress: Products: 7 created, 81919 skipped, 1699 failed | Variants: 50 created, 0 failed | Time: 8516.2s
2026-01-22 13:15:37,748 - INFO - Progress: Products: 7 created, 81944 skipped, 1699 failed | Variants: 50 created, 0 failed | Time: 8518.6s
2026-01-22 13:15:40,312 - INFO - Progress: Products: 7 created, 81969 skipped, 1699 failed | Variants: 50 created, 0 failed | Time: 8521.2s
2026-01-22 13:15:43,066 - INFO - Progress: Products: 7 created, 81993 skipped, 1700 failed | Variants: 50 created, 0 failed | Time: 8524.0s
2026-01-22 13:15:45,632 - INFO - Progress: Products: 7 created, 82017 skipped, 1701 failed | Variants: 50 created, 0 failed | Time: 8526.5s
2026-01-22 13:15:48,148 - INFO - Progress: Products: 7 created, 82041 skipped, 1702 failed | Variants: 50 created, 0 failed | Time: 8529.0s
2026-01-22 13:15:50,650 - INFO - Progress: Products: 7 created, 82064 skipped, 1704 failed | Variants: 50 created, 0 failed | Time: 8531.5s
2026-01-22 13:15:53,135 - INFO - Progress: Products: 7 created, 82088 skipped, 1705 failed | Variants: 50 created, 0 failed | Time: 8534.0s
2026-01-22 13:15:55,622 - INFO - Progress: Products: 7 created, 82113 skipped, 1705 failed | Variants: 50 created, 0 failed | Time: 8536.5s
2026-01-22 13:15:58,042 - INFO - Progress: Products: 7 created, 82136 skipped, 1707 failed | Variants: 50 created, 0 failed | Time: 8538.9s
2026-01-22 13:16:00,721 - INFO - Progress: Products: 7 created, 82160 skipped, 1708 failed | Variants: 50 created, 0 failed | Time: 8541.6s
2026-01-22 13:16:03,919 - INFO - Progress: Products: 7 created, 82185 skipped, 1708 failed | Variants: 50 created, 0 failed | Time: 8544.8s
2026-01-22 13:16:06,546 - INFO - Progress: Products: 7 created, 82210 skipped, 1708 failed | Variants: 50 created, 0 failed | Time: 8547.4s
2026-01-22 13:16:08,937 - INFO - Progress: Products: 7 created, 82235 skipped, 1708 failed | Variants: 50 created, 0 failed | Time: 8549.8s
2026-01-22 13:16:11,760 - INFO - Progress: Products: 7 created, 82260 skipped, 1708 failed | Variants: 50 created, 0 failed | Time: 8552.7s
2026-01-22 13:16:14,182 - INFO - Progress: Products: 7 created, 82285 skipped, 1708 failed | Variants: 50 created, 0 failed | Time: 8555.1s
2026-01-22 13:16:16,633 - INFO - Progress: Products: 7 created, 82310 skipped, 1708 failed | Variants: 50 created, 0 failed | Time: 8557.5s
2026-01-22 13:16:19,096 - INFO - Progress: Products: 7 created, 82335 skipped, 1708 failed | Variants: 50 created, 0 failed | Time: 8560.0s
2026-01-22 13:16:21,491 - INFO - Progress: Products: 7 created, 82359 skipped, 1709 failed | Variants: 50 created, 0 failed | Time: 8562.4s
2026-01-22 13:16:27,956 - INFO - Progress: Products: 8 created, 82383 skipped, 1709 failed | Variants: 55 created, 0 failed | Time: 8568.9s
2026-01-22 13:16:30,522 - INFO - Progress: Products: 8 created, 82408 skipped, 1709 failed | Variants: 55 created, 0 failed | Time: 8571.4s
2026-01-22 13:16:33,122 - INFO - Progress: Products: 8 created, 82431 skipped, 1711 failed | Variants: 55 created, 0 failed | Time: 8574.0s

Batch 3146/3783 (cards 78626-78650)

Batch 3147/3783 (cards 78651-78675)

Batch 3148/3783 (cards 78676-78700)

Batch 3149/3783 (cards 78701-78725)

Batch 3150/3783 (cards 78726-78750)

Batch 3151/3783 (cards 78751-78775)

Batch 3152/3783 (cards 78776-78800)

Batch 3153/3783 (cards 78801-78825)

Batch 3154/3783 (cards 78826-78850)

Batch 3155/3783 (cards 78851-78875)

Batch 3156/3783 (cards 78876-78900)

Batch 3157/3783 (cards 78901-78925)

Batch 3158/3783 (cards 78926-78950)

Batch 3159/3783 (cards 78951-78975)

Batch 3160/3783 (cards 78976-79000)

Batch 3161/3783 (cards 79001-79025)

Batch 3162/3783 (cards 79026-79050)

Batch 3163/3783 (cards 79051-79075)

Batch 3164/3783 (cards 79076-79100)

Batch 3165/3783 (cards 79101-79125)

Batch 3166/3783 (cards 79126-79150)

Batch 3167/3783 (cards 79151-79175)

Batch 3168/3783 (cards 79176-79200)

Batch 3169/3783 (cards 79201-79225)

Batch 3170/3783 (cards 79226-79250)

Batch 3171/3783 (cards 79251-79275)

Batch 3172/3783 (cards 79276-79300)

Batch 3173/3783 (cards 79301-79325)

Batch 3174/3783 (cards 79326-79350)

Batch 3175/3783 (cards 79351-79375)

Batch 3176/3783 (cards 79376-79400)

Batch 3177/3783 (cards 79401-79425)

Batch 3178/3783 (cards 79426-79450)

Batch 3179/3783 (cards 79451-79475)

Batch 3180/3783 (cards 79476-79500)

Batch 3181/3783 (cards 79501-79525)

Batch 3182/3783 (cards 79526-79550)

Batch 3183/3783 (cards 79551-79575)

Batch 3184/3783 (cards 79576-79600)

Batch 3185/3783 (cards 79601-79625)

Batch 3186/3783 (cards 79626-79650)

Batch 3187/3783 (cards 79651-79675)

Batch 3188/3783 (cards 79676-79700)

Batch 3189/3783 (cards 79701-79725)

Batch 3190/3783 (cards 79726-79750)

Batch 3191/3783 (cards 79751-79775)

Batch 3192/3783 (cards 79776-79800)

Batch 3193/3783 (cards 79801-79825)

Batch 3194/3783 (cards 79826-79850)

Batch 3195/3783 (cards 79851-79875)

Batch 3196/3783 (cards 79876-79900)

Batch 3197/3783 (cards 79901-79925)

Batch 3198/3783 (cards 79926-79950)

Batch 3199/3783 (cards 79951-79975)

Batch 3200/3783 (cards 79976-80000)

Batch 3201/3783 (cards 80001-80025)

Batch 3202/3783 (cards 80026-80050)

Batch 3203/3783 (cards 80051-80075)

Batch 3204/3783 (cards 80076-80100)

Batch 3205/3783 (cards 80101-80125)

Batch 3206/3783 (cards 80126-80150)

Batch 3207/3783 (cards 80151-80175)

Batch 3208/3783 (cards 80176-80200)

Batch 3209/3783 (cards 80201-80225)

Batch 3210/3783 (cards 80226-80250)

Batch 3211/3783 (cards 80251-80275)

Batch 3212/3783 (cards 80276-80300)

Batch 3213/3783 (cards 80301-80325)

Batch 3214/3783 (cards 80326-80350)

Batch 3215/3783 (cards 80351-80375)

Batch 3216/3783 (cards 80376-80400)

Batch 3217/3783 (cards 80401-80425)

Batch 3218/3783 (cards 80426-80450)

Batch 3219/3783 (cards 80451-80475)

Batch 3220/3783 (cards 80476-80500)

Batch 3221/3783 (cards 80501-80525)

Batch 3222/3783 (cards 80526-80550)

Batch 3223/3783 (cards 80551-80575)

Batch 3224/3783 (cards 80576-80600)

Batch 3225/3783 (cards 80601-80625)

Batch 3226/3783 (cards 80626-80650)

Batch 3227/3783 (cards 80651-80675)

Batch 3228/3783 (cards 80676-80700)

Batch 3229/3783 (cards 80701-80725)

Batch 3230/3783 (cards 80726-80750)

Batch 3231/3783 (cards 80751-80775)

Batch 3232/3783 (cards 80776-80800)

Batch 3233/3783 (cards 80801-80825)

Batch 3234/3783 (cards 80826-80850)

Batch 3235/3783 (cards 80851-80875)

Batch 3236/3783 (cards 80876-80900)

Batch 3237/3783 (cards 80901-80925)

Batch 3238/3783 (cards 80926-80950)

Batch 3239/3783 (cards 80951-80975)

Batch 3240/3783 (cards 80976-81000)

Batch 3241/3783 (cards 81001-81025)

Batch 3242/3783 (cards 81026-81050)

Batch 3243/3783 (cards 81051-81075)

Batch 3244/3783 (cards 81076-81100)

Batch 3245/3783 (cards 81101-81125)

Batch 3246/3783 (cards 81126-81150)

Batch 3247/3783 (cards 81151-81175)

Batch 3248/3783 (cards 81176-81200)

Batch 3249/3783 (cards 81201-81225)

Batch 3250/3783 (cards 81226-81250)

Batch 3251/3783 (cards 81251-81275)

Batch 3252/3783 (cards 81276-81300)

Batch 3253/3783 (cards 81301-81325)

Batch 3254/3783 (cards 81326-81350)

Batch 3255/3783 (cards 81351-81375)

Batch 3256/3783 (cards 81376-81400)

Batch 3257/3783 (cards 81401-81425)

Batch 3258/3783 (cards 81426-81450)

Batch 3259/3783 (cards 81451-81475)

Batch 3260/3783 (cards 81476-81500)

Batch 3261/3783 (cards 81501-81525)

Batch 3262/3783 (cards 81526-81550)

Batch 3263/3783 (cards 81551-81575)

Batch 3264/3783 (cards 81576-81600)

Batch 3265/3783 (cards 81601-81625)

Batch 3266/3783 (cards 81626-81650)

Batch 3267/3783 (cards 81651-81675)

Batch 3268/3783 (cards 81676-81700)

Batch 3269/3783 (cards 81701-81725)

Batch 3270/3783 (cards 81726-81750)

Batch 3271/3783 (cards 81751-81775)

Batch 3272/3783 (cards 81776-81800)

Batch 3273/3783 (cards 81801-81825)

Batch 3274/3783 (cards 81826-81850)

Batch 3275/3783 (cards 81851-81875)

Batch 3276/3783 (cards 81876-81900)

Batch 3277/3783 (cards 81901-81925)

Batch 3278/3783 (cards 81926-81950)

Batch 3279/3783 (cards 81951-81975)

Batch 3280/3783 (cards 81976-82000)

Batch 3281/3783 (cards 82001-82025)

Batch 3282/3783 (cards 82026-82050)

Batch 3283/3783 (cards 82051-82075)

Batch 3284/3783 (cards 82076-82100)

Batch 3285/3783 (cards 82101-82125)

Batch 3286/3783 (cards 82126-82150)

Batch 3287/3783 (cards 82151-82175)

Batch 3288/3783 (cards 82176-82200)

Batch 3289/3783 (cards 82201-82225)

Batch 3290/3783 (cards 82226-82250)

Batch 3291/3783 (cards 82251-82275)

Batch 3292/3783 (cards 82276-82300)

Batch 3293/3783 (cards 82301-82325)

Batch 3294/3783 (cards 82326-82350)

Batch 3295/3783 (cards 82351-82375)

Batch 3296/3783 (cards 82376-82400)

Batch 3297/3783 (cards 82401-82425)

Batch 3298/3783 (cards 82426-82450)

Batch 3299/3783 (cards 82451-82475)

Batch 3300/3783 (cards 82476-82500)

Batch 3301/3783 (cards 82501-82525)

Batch 3302/3783 (cards 82526-82550)

Batch 3303/3783 (cards 82551-82575)

Batch 3304/3783 (cards 82576-82600)

Batch 3305/3783 (cards 82601-82625)

Batch 3306/3783 (cards 82626-82650)

Batch 3307/3783 (cards 82651-82675)

Batch 3308/3783 (cards 82676-82700)

Batch 3309/3783 (cards 82701-82725)

Batch 3310/3783 (cards 82726-82750)

Batch 3311/3783 (cards 82751-82775)

Batch 3312/3783 (cards 82776-82800)

Batch 3313/3783 (cards 82801-82825)

Batch 3314/3783 (cards 82826-82850)

Batch 3315/3783 (cards 82851-82875)

Batch 3316/3783 (cards 82876-82900)

Batch 3317/3783 (cards 82901-82925)

Batch 3318/3783 (cards 82926-82950)

Batch 3319/3783 (cards 82951-82975)

Batch 3320/3783 (cards 82976-83000)

Batch 3321/3783 (cards 83001-83025)

Batch 3322/3783 (cards 83026-83050)

Batch 3323/3783 (cards 83051-83075)

Batch 3324/3783 (cards 83076-83100)

Batch 3325/3783 (cards 83101-83125)

Batch 3326/3783 (cards 83126-83150)

Batch 3327/3783 (cards 83151-83175)

Batch 3328/3783 (cards 83176-83200)

Batch 3329/3783 (cards 83201-83225)

Batch 3330/3783 (cards 83226-83250)

Batch 3331/3783 (cards 83251-83275)

Batch 3332/3783 (cards 83276-83300)

Batch 3333/3783 (cards 83301-83325)

Batch 3334/3783 (cards 83326-83350)

Batch 3335/3783 (cards 83351-83375)

Batch 3336/3783 (cards 83376-83400)

Batch 3337/3783 (cards 83401-83425)

Batch 3338/3783 (cards 83426-83450)

Batch 3339/3783 (cards 83451-83475)

Batch 3340/3783 (cards 83476-83500)

Batch 3341/3783 (cards 83501-83525)

Batch 3342/3783 (cards 83526-83550)

Batch 3343/3783 (cards 83551-83575)

Batch 3344/3783 (cards 83576-83600)

Batch 3345/3783 (cards 83601-83625)

Batch 3346/3783 (cards 83626-83650)

Batch 3347/3783 (cards 83651-83675)

Batch 3348/3783 (cards 83676-83700)

Batch 3349/3783 (cards 83701-83725)

Batch 3350/3783 (cards 83726-83750)

Batch 3351/3783 (cards 83751-83775)

Batch 3352/3783 (cards 83776-83800)

Batch 3353/3783 (cards 83801-83825)

Batch 3354/3783 (cards 83826-83850)

Batch 3355/3783 (cards 83851-83875)

Batch 3356/3783 (cards 83876-83900)

Batch 3357/3783 (cards 83901-83925)

Batch 3358/3783 (cards 83926-83950)

Batch 3359/3783 (cards 83951-83975)

Batch 3360/3783 (cards 83976-84000)

Batch 3361/3783 (cards 84001-84025)

Batch 3362/3783 (cards 84026-84050)

Batch 3363/3783 (cards 84051-84075)

Batch 3364/3783 (cards 84076-84100)

Batch 3365/3783 (cards 84101-84125)

Batch 3366/3783 (cards 84126-84150)
2026-01-22 13:16:35,600 - INFO - Progress: Products: 8 created, 82456 skipped, 1711 failed | Variants: 55 created, 0 failed | Time: 8576.5s
2026-01-22 13:16:37,995 - INFO - Progress: Products: 8 created, 82479 skipped, 1713 failed | Variants: 55 created, 0 failed | Time: 8578.9s
2026-01-22 13:16:40,361 - INFO - Progress: Products: 8 created, 82504 skipped, 1713 failed | Variants: 55 created, 0 failed | Time: 8581.3s
2026-01-22 13:16:43,107 - INFO - Progress: Products: 8 created, 82527 skipped, 1715 failed | Variants: 55 created, 0 failed | Time: 8584.0s
2026-01-22 13:16:45,595 - INFO - Progress: Products: 8 created, 82552 skipped, 1715 failed | Variants: 55 created, 0 failed | Time: 8586.5s
2026-01-22 13:16:48,020 - INFO - Progress: Products: 8 created, 82576 skipped, 1716 failed | Variants: 55 created, 0 failed | Time: 8588.9s
2026-01-22 13:16:50,533 - INFO - Progress: Products: 8 created, 82600 skipped, 1717 failed | Variants: 55 created, 0 failed | Time: 8591.4s
2026-01-22 13:16:52,985 - INFO - Progress: Products: 8 created, 82624 skipped, 1718 failed | Variants: 55 created, 0 failed | Time: 8593.9s
2026-01-22 13:16:55,424 - INFO - Progress: Products: 8 created, 82649 skipped, 1718 failed | Variants: 55 created, 0 failed | Time: 8596.3s
2026-01-22 13:16:57,919 - INFO - Progress: Products: 8 created, 82674 skipped, 1718 failed | Variants: 55 created, 0 failed | Time: 8598.8s
2026-01-22 13:17:00,434 - INFO - Progress: Products: 8 created, 82699 skipped, 1718 failed | Variants: 55 created, 0 failed | Time: 8601.3s
2026-01-22 13:17:03,564 - INFO - Progress: Products: 8 created, 82724 skipped, 1718 failed | Variants: 55 created, 0 failed | Time: 8604.5s
2026-01-22 13:17:06,213 - INFO - Progress: Products: 8 created, 82749 skipped, 1718 failed | Variants: 55 created, 0 failed | Time: 8607.1s
2026-01-22 13:17:08,738 - INFO - Progress: Products: 8 created, 82773 skipped, 1719 failed | Variants: 55 created, 0 failed | Time: 8609.6s
2026-01-22 13:17:11,524 - INFO - Progress: Products: 8 created, 82798 skipped, 1719 failed | Variants: 55 created, 0 failed | Time: 8612.4s
2026-01-22 13:17:14,100 - INFO - Progress: Products: 8 created, 82823 skipped, 1719 failed | Variants: 55 created, 0 failed | Time: 8615.0s
2026-01-22 13:17:16,633 - INFO - Progress: Products: 8 created, 82847 skipped, 1720 failed | Variants: 55 created, 0 failed | Time: 8617.5s
2026-01-22 13:17:19,092 - INFO - Progress: Products: 8 created, 82871 skipped, 1721 failed | Variants: 55 created, 0 failed | Time: 8620.0s
2026-01-22 13:17:21,420 - INFO - Progress: Products: 8 created, 82895 skipped, 1722 failed | Variants: 55 created, 0 failed | Time: 8622.3s
2026-01-22 13:17:23,909 - INFO - Progress: Products: 8 created, 82920 skipped, 1722 failed | Variants: 55 created, 0 failed | Time: 8624.8s
2026-01-22 13:17:26,394 - INFO - Progress: Products: 8 created, 82945 skipped, 1722 failed | Variants: 55 created, 0 failed | Time: 8627.3s
2026-01-22 13:17:28,917 - INFO - Progress: Products: 8 created, 82970 skipped, 1722 failed | Variants: 55 created, 0 failed | Time: 8629.8s
2026-01-22 13:17:31,421 - INFO - Progress: Products: 8 created, 82995 skipped, 1722 failed | Variants: 55 created, 0 failed | Time: 8632.3s
2026-01-22 13:17:33,960 - INFO - Progress: Products: 8 created, 83019 skipped, 1723 failed | Variants: 55 created, 0 failed | Time: 8634.9s
2026-01-22 13:17:36,510 - INFO - Progress: Products: 8 created, 83043 skipped, 1724 failed | Variants: 55 created, 0 failed | Time: 8637.4s
2026-01-22 13:17:39,125 - INFO - Progress: Products: 8 created, 83067 skipped, 1725 failed | Variants: 55 created, 0 failed | Time: 8640.0s
2026-01-22 13:17:41,915 - INFO - Progress: Products: 8 created, 83092 skipped, 1725 failed | Variants: 55 created, 0 failed | Time: 8642.8s
2026-01-22 13:17:44,396 - INFO - Progress: Products: 8 created, 83117 skipped, 1725 failed | Variants: 55 created, 0 failed | Time: 8645.3s
2026-01-22 13:17:46,897 - INFO - Progress: Products: 8 created, 83142 skipped, 1725 failed | Variants: 55 created, 0 failed | Time: 8647.8s
2026-01-22 13:17:49,511 - INFO - Progress: Products: 8 created, 83165 skipped, 1727 failed | Variants: 55 created, 0 failed | Time: 8650.4s
2026-01-22 13:17:52,055 - INFO - Progress: Products: 8 created, 83188 skipped, 1729 failed | Variants: 55 created, 0 failed | Time: 8653.0s
2026-01-22 13:17:54,613 - INFO - Progress: Products: 8 created, 83213 skipped, 1729 failed | Variants: 55 created, 0 failed | Time: 8655.5s
2026-01-22 13:17:57,121 - INFO - Progress: Products: 8 created, 83238 skipped, 1729 failed | Variants: 55 created, 0 failed | Time: 8658.0s
2026-01-22 13:17:59,623 - INFO - Progress: Products: 8 created, 83263 skipped, 1729 failed | Variants: 55 created, 0 failed | Time: 8660.5s
2026-01-22 13:18:03,286 - INFO - Progress: Products: 8 created, 83288 skipped, 1729 failed | Variants: 55 created, 0 failed | Time: 8664.2s
2026-01-22 13:18:06,262 - INFO - Progress: Products: 8 created, 83313 skipped, 1729 failed | Variants: 55 created, 0 failed | Time: 8667.2s
2026-01-22 13:18:08,817 - INFO - Progress: Products: 8 created, 83337 skipped, 1730 failed | Variants: 55 created, 0 failed | Time: 8669.7s
2026-01-22 13:18:11,713 - INFO - Progress: Products: 8 created, 83362 skipped, 1730 failed | Variants: 55 created, 0 failed | Time: 8672.6s
2026-01-22 13:18:14,326 - INFO - Progress: Products: 8 created, 83386 skipped, 1731 failed | Variants: 55 created, 0 failed | Time: 8675.2s
2026-01-22 13:18:16,931 - INFO - Progress: Products: 8 created, 83409 skipped, 1733 failed | Variants: 55 created, 0 failed | Time: 8677.8s
2026-01-22 13:18:19,543 - INFO - Progress: Products: 8 created, 83432 skipped, 1735 failed | Variants: 55 created, 0 failed | Time: 8680.4s
2026-01-22 13:18:22,085 - INFO - Progress: Products: 8 created, 83457 skipped, 1735 failed | Variants: 55 created, 0 failed | Time: 8683.0s
2026-01-22 13:18:24,435 - INFO - Progress: Products: 8 created, 83482 skipped, 1735 failed | Variants: 55 created, 0 failed | Time: 8685.3s
2026-01-22 13:18:26,938 - INFO - Progress: Products: 8 created, 83507 skipped, 1735 failed | Variants: 55 created, 0 failed | Time: 8687.8s
2026-01-22 13:18:29,323 - INFO - Progress: Products: 8 created, 83530 skipped, 1737 failed | Variants: 55 created, 0 failed | Time: 8690.2s
2026-01-22 13:18:31,841 - INFO - Progress: Products: 8 created, 83555 skipped, 1737 failed | Variants: 55 created, 0 failed | Time: 8692.7s
2026-01-22 13:18:34,243 - INFO - Progress: Products: 8 created, 83580 skipped, 1737 failed | Variants: 55 created, 0 failed | Time: 8695.1s
2026-01-22 13:18:36,715 - INFO - Progress: Products: 8 created, 83604 skipped, 1738 failed | Variants: 55 created, 0 failed | Time: 8697.6s
2026-01-22 13:18:39,191 - INFO - Progress: Products: 8 created, 83628 skipped, 1739 failed | Variants: 55 created, 0 failed | Time: 8700.1s
2026-01-22 13:18:41,836 - INFO - Progress: Products: 8 created, 83653 skipped, 1739 failed | Variants: 55 created, 0 failed | Time: 8702.7s
2026-01-22 13:18:44,234 - INFO - Progress: Products: 8 created, 83676 skipped, 1741 failed | Variants: 55 created, 0 failed | Time: 8705.1s
2026-01-22 13:18:46,626 - INFO - Progress: Products: 8 created, 83700 skipped, 1742 failed | Variants: 55 created, 0 failed | Time: 8707.5s
2026-01-22 13:18:49,135 - INFO - Progress: Products: 8 created, 83725 skipped, 1742 failed | Variants: 55 created, 0 failed | Time: 8710.0s
2026-01-22 13:18:51,897 - INFO - Progress: Products: 8 created, 83750 skipped, 1742 failed | Variants: 55 created, 0 failed | Time: 8712.8s
2026-01-22 13:18:54,335 - INFO - Progress: Products: 8 created, 83775 skipped, 1742 failed | Variants: 55 created, 0 failed | Time: 8715.2s
2026-01-22 13:18:56,808 - INFO - Progress: Products: 8 created, 83799 skipped, 1743 failed | Variants: 55 created, 0 failed | Time: 8717.7s
2026-01-22 13:18:59,232 - INFO - Progress: Products: 8 created, 83824 skipped, 1743 failed | Variants: 55 created, 0 failed | Time: 8720.1s
2026-01-22 13:19:02,147 - INFO - Progress: Products: 8 created, 83849 skipped, 1743 failed | Variants: 55 created, 0 failed | Time: 8723.0s
2026-01-22 13:19:05,020 - INFO - Progress: Products: 8 created, 83874 skipped, 1743 failed | Variants: 55 created, 0 failed | Time: 8725.9s
2026-01-22 13:19:07,699 - INFO - Progress: Products: 8 created, 83898 skipped, 1744 failed | Variants: 55 created, 0 failed | Time: 8728.6s
2026-01-22 13:19:10,064 - INFO - Progress: Products: 8 created, 83923 skipped, 1744 failed | Variants: 55 created, 0 failed | Time: 8731.0s
2026-01-22 13:19:12,883 - INFO - Progress: Products: 8 created, 83946 skipped, 1746 failed | Variants: 55 created, 0 failed | Time: 8733.8s
2026-01-22 13:19:15,300 - INFO - Progress: Products: 8 created, 83971 skipped, 1746 failed | Variants: 55 created, 0 failed | Time: 8736.2s
2026-01-22 13:19:17,822 - INFO - Progress: Products: 8 created, 83996 skipped, 1746 failed | Variants: 55 created, 0 failed | Time: 8738.7s
2026-01-22 13:19:20,343 - INFO - Progress: Products: 8 created, 84021 skipped, 1746 failed | Variants: 55 created, 0 failed | Time: 8741.2s
2026-01-22 13:19:22,798 - INFO - Progress: Products: 8 created, 84046 skipped, 1746 failed | Variants: 55 created, 0 failed | Time: 8743.7s
2026-01-22 13:19:25,234 - INFO - Progress: Products: 8 created, 84071 skipped, 1746 failed | Variants: 55 created, 0 failed | Time: 8746.1s
2026-01-22 13:19:27,613 - INFO - Progress: Products: 8 created, 84096 skipped, 1746 failed | Variants: 55 created, 0 failed | Time: 8748.5s
2026-01-22 13:19:29,995 - INFO - Progress: Products: 8 created, 84121 skipped, 1746 failed | Variants: 55 created, 0 failed | Time: 8750.9s
2026-01-22 13:19:32,488 - INFO - Progress: Products: 8 created, 84145 skipped, 1747 failed | Variants: 55 created, 0 failed | Time: 8753.4s
2026-01-22 13:19:34,952 - INFO - Progress: Products: 8 created, 84170 skipped, 1747 failed | Variants: 55 created, 0 failed | Time: 8755.9s
2026-01-22 13:19:37,540 - INFO - Progress: Products: 8 created, 84195 skipped, 1747 failed | Variants: 55 created, 0 failed | Time: 8758.4s
2026-01-22 13:19:40,014 - INFO - Progress: Products: 8 created, 84220 skipped, 1747 failed | Variants: 55 created, 0 failed | Time: 8760.9s
2026-01-22 13:19:42,713 - INFO - Progress: Products: 8 created, 84245 skipped, 1747 failed | Variants: 55 created, 0 failed | Time: 8763.6s
2026-01-22 13:19:45,025 - INFO - Progress: Products: 8 created, 84270 skipped, 1747 failed | Variants: 55 created, 0 failed | Time: 8765.9s
2026-01-22 13:19:47,507 - INFO - Progress: Products: 8 created, 84294 skipped, 1748 failed | Variants: 55 created, 0 failed | Time: 8768.4s
2026-01-22 13:19:49,952 - INFO - Progress: Products: 8 created, 84319 skipped, 1748 failed | Variants: 55 created, 0 failed | Time: 8770.9s
2026-01-22 13:19:52,543 - INFO - Progress: Products: 8 created, 84344 skipped, 1748 failed | Variants: 55 created, 0 failed | Time: 8773.4s
2026-01-22 13:19:55,027 - INFO - Progress: Products: 8 created, 84369 skipped, 1748 failed | Variants: 55 created, 0 failed | Time: 8775.9s
2026-01-22 13:19:57,596 - INFO - Progress: Products: 8 created, 84393 skipped, 1749 failed | Variants: 55 created, 0 failed | Time: 8778.5s
2026-01-22 13:20:00,316 - INFO - Progress: Products: 8 created, 84418 skipped, 1749 failed | Variants: 55 created, 0 failed | Time: 8781.2s
2026-01-22 13:20:04,137 - INFO - Progress: Products: 8 created, 84442 skipped, 1750 failed | Variants: 55 created, 0 failed | Time: 8785.0s
2026-01-22 13:20:06,836 - INFO - Progress: Products: 8 created, 84467 skipped, 1750 failed | Variants: 55 created, 0 failed | Time: 8787.7s
2026-01-22 13:20:09,407 - INFO - Progress: Products: 8 created, 84492 skipped, 1750 failed | Variants: 55 created, 0 failed | Time: 8790.3s
2026-01-22 13:20:12,311 - INFO - Progress: Products: 8 created, 84517 skipped, 1750 failed | Variants: 55 created, 0 failed | Time: 8793.2s
2026-01-22 13:20:14,814 - INFO - Progress: Products: 8 created, 84541 skipped, 1751 failed | Variants: 55 created, 0 failed | Time: 8795.7s
2026-01-22 13:20:17,323 - INFO - Progress: Products: 8 created, 84565 skipped, 1752 failed | Variants: 55 created, 0 failed | Time: 8798.2s
2026-01-22 13:20:19,934 - INFO - Progress: Products: 8 created, 84589 skipped, 1753 failed | Variants: 55 created, 0 failed | Time: 8800.8s
2026-01-22 13:20:22,558 - INFO - Progress: Products: 8 created, 84614 skipped, 1753 failed | Variants: 55 created, 0 failed | Time: 8803.5s
2026-01-22 13:20:25,218 - INFO - Progress: Products: 8 created, 84638 skipped, 1754 failed | Variants: 55 created, 0 failed | Time: 8806.1s
2026-01-22 13:20:27,794 - INFO - Progress: Products: 8 created, 84663 skipped, 1754 failed | Variants: 55 created, 0 failed | Time: 8808.7s
2026-01-22 13:20:30,345 - INFO - Progress: Products: 8 created, 84688 skipped, 1754 failed | Variants: 55 created, 0 failed | Time: 8811.2s
2026-01-22 13:20:32,852 - INFO - Progress: Products: 8 created, 84713 skipped, 1754 failed | Variants: 55 created, 0 failed | Time: 8813.8s
2026-01-22 13:20:35,442 - INFO - Progress: Products: 8 created, 84737 skipped, 1755 failed | Variants: 55 created, 0 failed | Time: 8816.3s
2026-01-22 13:20:37,948 - INFO - Progress: Products: 8 created, 84762 skipped, 1755 failed | Variants: 55 created, 0 failed | Time: 8818.8s
2026-01-22 13:20:40,319 - INFO - Progress: Products: 8 created, 84787 skipped, 1755 failed | Variants: 55 created, 0 failed | Time: 8821.2s
2026-01-22 13:20:43,108 - INFO - Progress: Products: 8 created, 84811 skipped, 1756 failed | Variants: 55 created, 0 failed | Time: 8824.0s
2026-01-22 13:20:45,595 - INFO - Progress: Products: 8 created, 84834 skipped, 1758 failed | Variants: 55 created, 0 failed | Time: 8826.5s
2026-01-22 13:20:47,997 - INFO - Progress: Products: 8 created, 84859 skipped, 1758 failed | Variants: 55 created, 0 failed | Time: 8828.9s
2026-01-22 13:20:50,624 - INFO - Progress: Products: 8 created, 84884 skipped, 1758 failed | Variants: 55 created, 0 failed | Time: 8831.5s
2026-01-22 13:20:53,120 - INFO - Progress: Products: 8 created, 84908 skipped, 1759 failed | Variants: 55 created, 0 failed | Time: 8834.0s
2026-01-22 13:20:55,721 - INFO - Progress: Products: 8 created, 84932 skipped, 1760 failed | Variants: 55 created, 0 failed | Time: 8836.6s
2026-01-22 13:20:58,110 - INFO - Progress: Products: 8 created, 84956 skipped, 1761 failed | Variants: 55 created, 0 failed | Time: 8839.0s
2026-01-22 13:21:00,690 - INFO - Progress: Products: 8 created, 84981 skipped, 1761 failed | Variants: 55 created, 0 failed | Time: 8841.6s
2026-01-22 13:21:03,808 - INFO - Progress: Products: 8 created, 85006 skipped, 1761 failed | Variants: 55 created, 0 failed | Time: 8844.7s
2026-01-22 13:21:06,508 - INFO - Progress: Products: 8 created, 85031 skipped, 1761 failed | Variants: 55 created, 0 failed | Time: 8847.4s
2026-01-22 13:21:08,922 - INFO - Progress: Products: 8 created, 85056 skipped, 1761 failed | Variants: 55 created, 0 failed | Time: 8849.8s
2026-01-22 13:21:11,702 - INFO - Progress: Products: 8 created, 85081 skipped, 1761 failed | Variants: 55 created, 0 failed | Time: 8852.6s
2026-01-22 13:21:14,320 - INFO - Progress: Products: 8 created, 85104 skipped, 1763 failed | Variants: 55 created, 0 failed | Time: 8855.2s
2026-01-22 13:21:16,956 - INFO - Progress: Products: 8 created, 85127 skipped, 1765 failed | Variants: 55 created, 0 failed | Time: 8857.9s
2026-01-22 13:21:19,616 - INFO - Progress: Products: 8 created, 85151 skipped, 1766 failed | Variants: 55 created, 0 failed | Time: 8860.5s
2026-01-22 13:21:22,238 - INFO - Progress: Products: 8 created, 85176 skipped, 1766 failed | Variants: 55 created, 0 failed | Time: 8863.1s
2026-01-22 13:21:24,856 - INFO - Progress: Products: 8 created, 85200 skipped, 1767 failed | Variants: 55 created, 0 failed | Time: 8865.8s
2026-01-22 13:21:27,411 - INFO - Progress: Products: 8 created, 85224 skipped, 1768 failed | Variants: 55 created, 0 failed | Time: 8868.3s
2026-01-22 13:21:29,950 - INFO - Progress: Products: 8 created, 85247 skipped, 1770 failed | Variants: 55 created, 0 failed | Time: 8870.8s
2026-01-22 13:21:32,406 - INFO - Progress: Products: 8 created, 85270 skipped, 1772 failed | Variants: 55 created, 0 failed | Time: 8873.3s
2026-01-22 13:21:34,828 - INFO - Progress: Products: 8 created, 85294 skipped, 1773 failed | Variants: 55 created, 0 failed | Time: 8875.7s
2026-01-22 13:21:37,343 - INFO - Progress: Products: 8 created, 85318 skipped, 1774 failed | Variants: 55 created, 0 failed | Time: 8878.2s
2026-01-22 13:21:39,845 - INFO - Progress: Products: 8 created, 85343 skipped, 1774 failed | Variants: 55 created, 0 failed | Time: 8880.7s
2026-01-22 13:21:42,545 - INFO - Progress: Products: 8 created, 85367 skipped, 1775 failed | Variants: 55 created, 0 failed | Time: 8883.4s
2026-01-22 13:21:44,996 - INFO - Progress: Products: 8 created, 85392 skipped, 1775 failed | Variants: 55 created, 0 failed | Time: 8885.9s
2026-01-22 13:21:47,485 - INFO - Progress: Products: 8 created, 85416 skipped, 1776 failed | Variants: 55 created, 0 failed | Time: 8888.4s
2026-01-22 13:21:49,840 - INFO - Progress: Products: 8 created, 85439 skipped, 1778 failed | Variants: 55 created, 0 failed | Time: 8890.7s
2026-01-22 13:21:52,314 - INFO - Progress: Products: 8 created, 85464 skipped, 1778 failed | Variants: 55 created, 0 failed | Time: 8893.2s
2026-01-22 13:21:54,793 - INFO - Progress: Products: 8 created, 85488 skipped, 1779 failed | Variants: 55 created, 0 failed | Time: 8895.7s
2026-01-22 13:21:57,321 - INFO - Progress: Products: 8 created, 85512 skipped, 1780 failed | Variants: 55 created, 0 failed | Time: 8898.2s
2026-01-22 13:21:59,886 - INFO - Progress: Products: 8 created, 85536 skipped, 1781 failed | Variants: 55 created, 0 failed | Time: 8900.8s
2026-01-22 13:22:03,026 - INFO - Progress: Products: 8 created, 85561 skipped, 1781 failed | Variants: 55 created, 0 failed | Time: 8903.9s
2026-01-22 13:22:05,927 - INFO - Progress: Products: 8 created, 85586 skipped, 1781 failed | Variants: 55 created, 0 failed | Time: 8906.8s
2026-01-22 13:22:08,346 - INFO - Progress: Products: 8 created, 85611 skipped, 1781 failed | Variants: 55 created, 0 failed | Time: 8909.2s
2026-01-22 13:22:10,896 - INFO - Progress: Products: 8 created, 85635 skipped, 1782 failed | Variants: 55 created, 0 failed | Time: 8911.8s
2026-01-22 13:22:13,620 - INFO - Progress: Products: 8 created, 85659 skipped, 1783 failed | Variants: 55 created, 0 failed | Time: 8914.5s
2026-01-22 13:22:16,094 - INFO - Progress: Products: 8 created, 85684 skipped, 1783 failed | Variants: 55 created, 0 failed | Time: 8917.0s
2026-01-22 13:22:18,537 - INFO - Progress: Products: 8 created, 85708 skipped, 1784 failed | Variants: 55 created, 0 failed | Time: 8919.4s
2026-01-22 13:22:20,996 - INFO - Progress: Products: 8 created, 85733 skipped, 1784 failed | Variants: 55 created, 0 failed | Time: 8921.9s
2026-01-22 13:22:23,516 - INFO - Progress: Products: 8 created, 85756 skipped, 1786 failed | Variants: 55 created, 0 failed | Time: 8924.4s
2026-01-22 13:22:25,825 - INFO - Progress: Products: 8 created, 85780 skipped, 1787 failed | Variants: 55 created, 0 failed | Time: 8926.7s
2026-01-22 13:22:28,216 - INFO - Progress: Products: 8 created, 85805 skipped, 1787 failed | Variants: 55 created, 0 failed | Time: 8929.1s
2026-01-22 13:22:30,718 - INFO - Progress: Products: 8 created, 85830 skipped, 1787 failed | Variants: 55 created, 0 failed | Time: 8931.6s
2026-01-22 13:22:33,199 - INFO - Progress: Products: 8 created, 85855 skipped, 1787 failed | Variants: 55 created, 0 failed | Time: 8934.1s
2026-01-22 13:22:35,642 - INFO - Progress: Products: 8 created, 85880 skipped, 1787 failed | Variants: 55 created, 0 failed | Time: 8936.5s
2026-01-22 13:22:38,097 - INFO - Progress: Products: 8 created, 85905 skipped, 1787 failed | Variants: 55 created, 0 failed | Time: 8939.0s
2026-01-22 13:22:40,504 - INFO - Progress: Products: 8 created, 85930 skipped, 1787 failed | Variants: 55 created, 0 failed | Time: 8941.4s
2026-01-22 13:22:43,214 - INFO - Progress: Products: 8 created, 85954 skipped, 1788 failed | Variants: 55 created, 0 failed | Time: 8944.1s
2026-01-22 13:22:45,697 - INFO - Progress: Products: 8 created, 85979 skipped, 1788 failed | Variants: 55 created, 0 failed | Time: 8946.6s
2026-01-22 13:22:48,142 - INFO - Progress: Products: 8 created, 86004 skipped, 1788 failed | Variants: 55 created, 0 failed | Time: 8949.0s
2026-01-22 13:22:50,616 - INFO - Progress: Products: 8 created, 86029 skipped, 1788 failed | Variants: 55 created, 0 failed | Time: 8951.5s
2026-01-22 13:22:52,996 - INFO - Progress: Products: 8 created, 86054 skipped, 1788 failed | Variants: 55 created, 0 failed | Time: 8953.9s
2026-01-22 13:22:55,518 - INFO - Progress: Products: 8 created, 86079 skipped, 1788 failed | Variants: 55 created, 0 failed | Time: 8956.4s
2026-01-22 13:22:58,207 - INFO - Progress: Products: 8 created, 86102 skipped, 1790 failed | Variants: 55 created, 0 failed | Time: 8959.1s
2026-01-22 13:23:00,720 - INFO - Progress: Products: 8 created, 86125 skipped, 1792 failed | Variants: 55 created, 0 failed | Time: 8961.6s
2026-01-22 13:23:04,426 - INFO - Progress: Products: 8 created, 86150 skipped, 1792 failed | Variants: 55 created, 0 failed | Time: 8965.3s
2026-01-22 13:23:07,216 - INFO - Progress: Products: 8 created, 86175 skipped, 1792 failed | Variants: 55 created, 0 failed | Time: 8968.1s
2026-01-22 13:23:09,617 - INFO - Progress: Products: 8 created, 86199 skipped, 1793 failed | Variants: 55 created, 0 failed | Time: 8970.5s
2026-01-22 13:23:12,505 - INFO - Progress: Products: 8 created, 86224 skipped, 1793 failed | Variants: 55 created, 0 failed | Time: 8973.4s
2026-01-22 13:23:15,020 - INFO - Progress: Products: 8 created, 86249 skipped, 1793 failed | Variants: 55 created, 0 failed | Time: 8975.9s
2026-01-22 13:23:17,539 - INFO - Progress: Products: 8 created, 86274 skipped, 1793 failed | Variants: 55 created, 0 failed | Time: 8978.4s
2026-01-22 13:23:20,156 - INFO - Progress: Products: 8 created, 86299 skipped, 1793 failed | Variants: 55 created, 0 failed | Time: 8981.1s
2026-01-22 13:23:22,688 - INFO - Progress: Products: 8 created, 86324 skipped, 1793 failed | Variants: 55 created, 0 failed | Time: 8983.6s
2026-01-22 13:23:25,198 - INFO - Progress: Products: 8 created, 86349 skipped, 1793 failed | Variants: 55 created, 0 failed | Time: 8986.1s
2026-01-22 13:23:27,686 - INFO - Progress: Products: 8 created, 86374 skipped, 1793 failed | Variants: 55 created, 0 failed | Time: 8988.6s
2026-01-22 13:23:30,063 - INFO - Progress: Products: 8 created, 86398 skipped, 1794 failed | Variants: 55 created, 0 failed | Time: 8991.0s
2026-01-22 13:23:32,514 - INFO - Progress: Products: 8 created, 86423 skipped, 1794 failed | Variants: 55 created, 0 failed | Time: 8993.4s
2026-01-22 13:23:35,097 - INFO - Progress: Products: 8 created, 86448 skipped, 1794 failed | Variants: 55 created, 0 failed | Time: 8996.0s
2026-01-22 13:23:37,506 - INFO - Progress: Products: 8 created, 86472 skipped, 1795 failed | Variants: 55 created, 0 failed | Time: 8998.4s
2026-01-22 13:23:39,916 - INFO - Progress: Products: 8 created, 86497 skipped, 1795 failed | Variants: 55 created, 0 failed | Time: 9000.8s
2026-01-22 13:23:42,649 - INFO - Progress: Products: 8 created, 86522 skipped, 1795 failed | Variants: 55 created, 0 failed | Time: 9003.5s
2026-01-22 13:23:45,163 - INFO - Progress: Products: 8 created, 86547 skipped, 1795 failed | Variants: 55 created, 0 failed | Time: 9006.1s
2026-01-22 13:23:47,610 - INFO - Progress: Products: 8 created, 86572 skipped, 1795 failed | Variants: 55 created, 0 failed | Time: 9008.5s
2026-01-22 13:23:50,156 - INFO - Progress: Products: 8 created, 86596 skipped, 1796 failed | Variants: 55 created, 0 failed | Time: 9011.1s
2026-01-22 13:23:52,620 - INFO - Progress: Products: 8 created, 86619 skipped, 1798 failed | Variants: 55 created, 0 failed | Time: 9013.5s
2026-01-22 13:23:55,135 - INFO - Progress: Products: 8 created, 86644 skipped, 1798 failed | Variants: 55 created, 0 failed | Time: 9016.0s
2026-01-22 13:23:57,616 - INFO - Progress: Products: 8 created, 86667 skipped, 1800 failed | Variants: 55 created, 0 failed | Time: 9018.5s
2026-01-22 13:24:00,324 - INFO - Progress: Products: 8 created, 86692 skipped, 1800 failed | Variants: 55 created, 0 failed | Time: 9021.2s
2026-01-22 13:24:03,413 - INFO - Progress: Products: 8 created, 86717 skipped, 1800 failed | Variants: 55 created, 0 failed | Time: 9024.3s
2026-01-22 13:24:06,098 - INFO - Progress: Products: 8 created, 86742 skipped, 1800 failed | Variants: 55 created, 0 failed | Time: 9027.0s
2026-01-22 13:24:08,661 - INFO - Progress: Products: 8 created, 86766 skipped, 1801 failed | Variants: 55 created, 0 failed | Time: 9029.6s
2026-01-22 13:24:11,107 - INFO - Progress: Products: 8 created, 86790 skipped, 1802 failed | Variants: 55 created, 0 failed | Time: 9032.0s
2026-01-22 13:24:13,585 - INFO - Progress: Products: 8 created, 86815 skipped, 1802 failed | Variants: 55 created, 0 failed | Time: 9034.5s
2026-01-22 13:24:16,003 - INFO - Progress: Products: 8 created, 86840 skipped, 1802 failed | Variants: 55 created, 0 failed | Time: 9036.9s
2026-01-22 13:24:18,411 - INFO - Progress: Products: 8 created, 86864 skipped, 1803 failed | Variants: 55 created, 0 failed | Time: 9039.3s
2026-01-22 13:24:20,833 - INFO - Progress: Products: 8 created, 86889 skipped, 1803 failed | Variants: 55 created, 0 failed | Time: 9041.7s
2026-01-22 13:24:23,300 - INFO - Progress: Products: 8 created, 86914 skipped, 1803 failed | Variants: 55 created, 0 failed | Time: 9044.2s
2026-01-22 13:24:25,695 - INFO - Progress: Products: 8 created, 86937 skipped, 1805 failed | Variants: 55 created, 0 failed | Time: 9046.6s
2026-01-22 13:24:28,117 - INFO - Progress: Products: 8 created, 86962 skipped, 1805 failed | Variants: 55 created, 0 failed | Time: 9049.0s
2026-01-22 13:24:30,587 - INFO - Progress: Products: 8 created, 86987 skipped, 1805 failed | Variants: 55 created, 0 failed | Time: 9051.5s
2026-01-22 13:24:32,895 - INFO - Progress: Products: 8 created, 87011 skipped, 1806 failed | Variants: 55 created, 0 failed | Time: 9053.8s
2026-01-22 13:24:35,237 - INFO - Progress: Products: 8 created, 87036 skipped, 1806 failed | Variants: 55 created, 0 failed | Time: 9056.1s
2026-01-22 13:24:37,588 - INFO - Progress: Products: 8 created, 87060 skipped, 1807 failed | Variants: 55 created, 0 failed | Time: 9058.5s
2026-01-22 13:24:40,057 - INFO - Progress: Products: 8 created, 87083 skipped, 1809 failed | Variants: 55 created, 0 failed | Time: 9061.0s
2026-01-22 13:24:42,712 - INFO - Progress: Products: 8 created, 87108 skipped, 1809 failed | Variants: 55 created, 0 failed | Time: 9063.6s
2026-01-22 13:24:45,118 - INFO - Progress: Products: 8 created, 87132 skipped, 1810 failed | Variants: 55 created, 0 failed | Time: 9066.0s
2026-01-22 13:24:47,646 - INFO - Progress: Products: 8 created, 87157 skipped, 1810 failed | Variants: 55 created, 0 failed | Time: 9068.5s
2026-01-22 13:24:49,996 - INFO - Progress: Products: 8 created, 87182 skipped, 1810 failed | Variants: 55 created, 0 failed | Time: 9070.9s
2026-01-22 13:24:52,416 - INFO - Progress: Products: 8 created, 87206 skipped, 1811 failed | Variants: 55 created, 0 failed | Time: 9073.3s
2026-01-22 13:24:54,818 - INFO - Progress: Products: 8 created, 87230 skipped, 1812 failed | Variants: 55 created, 0 failed | Time: 9075.7s
2026-01-22 13:24:57,250 - INFO - Progress: Products: 8 created, 87254 skipped, 1813 failed | Variants: 55 created, 0 failed | Time: 9078.1s
2026-01-22 13:24:59,741 - INFO - Progress: Products: 8 created, 87277 skipped, 1815 failed | Variants: 55 created, 0 failed | Time: 9080.6s
2026-01-22 13:25:03,515 - INFO - Progress: Products: 8 created, 87302 skipped, 1815 failed | Variants: 55 created, 0 failed | Time: 9084.4s
2026-01-22 13:25:06,331 - INFO - Progress: Products: 8 created, 87327 skipped, 1815 failed | Variants: 55 created, 0 failed | Time: 9087.2s
2026-01-22 13:25:08,895 - INFO - Progress: Products: 8 created, 87352 skipped, 1815 failed | Variants: 55 created, 0 failed | Time: 9089.8s
2026-01-22 13:25:11,721 - INFO - Progress: Products: 8 created, 87375 skipped, 1817 failed | Variants: 55 created, 0 failed | Time: 9092.6s
2026-01-22 13:25:14,309 - INFO - Progress: Products: 8 created, 87400 skipped, 1817 failed | Variants: 55 created, 0 failed | Time: 9095.2s
2026-01-22 13:25:16,726 - INFO - Progress: Products: 8 created, 87425 skipped, 1817 failed | Variants: 55 created, 0 failed | Time: 9097.6s
2026-01-22 13:25:19,224 - INFO - Progress: Products: 8 created, 87448 skipped, 1819 failed | Variants: 55 created, 0 failed | Time: 9100.1s
2026-01-22 13:25:21,716 - INFO - Progress: Products: 8 created, 87473 skipped, 1819 failed | Variants: 55 created, 0 failed | Time: 9102.6s
2026-01-22 13:25:24,326 - INFO - Progress: Products: 8 created, 87498 skipped, 1819 failed | Variants: 55 created, 0 failed | Time: 9105.2s
2026-01-22 13:25:26,917 - INFO - Progress: Products: 8 created, 87523 skipped, 1819 failed | Variants: 55 created, 0 failed | Time: 9107.8s
2026-01-22 13:25:29,429 - INFO - Progress: Products: 8 created, 87548 skipped, 1819 failed | Variants: 55 created, 0 failed | Time: 9110.3s
2026-01-22 13:25:32,006 - INFO - Progress: Products: 8 created, 87573 skipped, 1819 failed | Variants: 55 created, 0 failed | Time: 9112.9s
2026-01-22 13:25:34,610 - INFO - Progress: Products: 8 created, 87597 skipped, 1820 failed | Variants: 55 created, 0 failed | Time: 9115.5s
2026-01-22 13:25:37,190 - INFO - Progress: Products: 8 created, 87622 skipped, 1820 failed | Variants: 55 created, 0 failed | Time: 9118.1s
2026-01-22 13:25:39,823 - INFO - Progress: Products: 8 created, 87647 skipped, 1820 failed | Variants: 55 created, 0 failed | Time: 9120.7s
2026-01-22 13:25:42,591 - INFO - Progress: Products: 8 created, 87671 skipped, 1821 failed | Variants: 55 created, 0 failed | Time: 9123.5s
2026-01-22 13:25:45,215 - INFO - Progress: Products: 8 created, 87695 skipped, 1822 failed | Variants: 55 created, 0 failed | Time: 9126.1s
2026-01-22 13:25:47,725 - INFO - Progress: Products: 8 created, 87720 skipped, 1822 failed | Variants: 55 created, 0 failed | Time: 9128.6s
2026-01-22 13:25:50,236 - INFO - Progress: Products: 8 created, 87745 skipped, 1822 failed | Variants: 55 created, 0 failed | Time: 9131.1s
2026-01-22 13:25:52,815 - INFO - Progress: Products: 8 created, 87770 skipped, 1822 failed | Variants: 55 created, 0 failed | Time: 9133.7s
2026-01-22 13:25:55,337 - INFO - Progress: Products: 8 created, 87794 skipped, 1823 failed | Variants: 55 created, 0 failed | Time: 9136.2s
2026-01-22 13:25:57,854 - INFO - Progress: Products: 8 created, 87818 skipped, 1824 failed | Variants: 55 created, 0 failed | Time: 9138.8s
2026-01-22 13:26:00,586 - INFO - Progress: Products: 8 created, 87843 skipped, 1824 failed | Variants: 55 created, 0 failed | Time: 9141.5s

Batch 3367/3783 (cards 84151-84175)

Batch 3368/3783 (cards 84176-84200)

Batch 3369/3783 (cards 84201-84225)

Batch 3370/3783 (cards 84226-84250)

Batch 3371/3783 (cards 84251-84275)

Batch 3372/3783 (cards 84276-84300)

Batch 3373/3783 (cards 84301-84325)

Batch 3374/3783 (cards 84326-84350)

Batch 3375/3783 (cards 84351-84375)

Batch 3376/3783 (cards 84376-84400)

Batch 3377/3783 (cards 84401-84425)

Batch 3378/3783 (cards 84426-84450)

Batch 3379/3783 (cards 84451-84475)

Batch 3380/3783 (cards 84476-84500)

Batch 3381/3783 (cards 84501-84525)

Batch 3382/3783 (cards 84526-84550)

Batch 3383/3783 (cards 84551-84575)

Batch 3384/3783 (cards 84576-84600)

Batch 3385/3783 (cards 84601-84625)

Batch 3386/3783 (cards 84626-84650)

Batch 3387/3783 (cards 84651-84675)

Batch 3388/3783 (cards 84676-84700)

Batch 3389/3783 (cards 84701-84725)

Batch 3390/3783 (cards 84726-84750)

Batch 3391/3783 (cards 84751-84775)

Batch 3392/3783 (cards 84776-84800)

Batch 3393/3783 (cards 84801-84825)

Batch 3394/3783 (cards 84826-84850)

Batch 3395/3783 (cards 84851-84875)

Batch 3396/3783 (cards 84876-84900)

Batch 3397/3783 (cards 84901-84925)

Batch 3398/3783 (cards 84926-84950)

Batch 3399/3783 (cards 84951-84975)

Batch 3400/3783 (cards 84976-85000)

Batch 3401/3783 (cards 85001-85025)

Batch 3402/3783 (cards 85026-85050)

Batch 3403/3783 (cards 85051-85075)

Batch 3404/3783 (cards 85076-85100)

Batch 3405/3783 (cards 85101-85125)

Batch 3406/3783 (cards 85126-85150)

Batch 3407/3783 (cards 85151-85175)

Batch 3408/3783 (cards 85176-85200)

Batch 3409/3783 (cards 85201-85225)

Batch 3410/3783 (cards 85226-85250)

Batch 3411/3783 (cards 85251-85275)

Batch 3412/3783 (cards 85276-85300)

Batch 3413/3783 (cards 85301-85325)

Batch 3414/3783 (cards 85326-85350)

Batch 3415/3783 (cards 85351-85375)

Batch 3416/3783 (cards 85376-85400)

Batch 3417/3783 (cards 85401-85425)

Batch 3418/3783 (cards 85426-85450)

Batch 3419/3783 (cards 85451-85475)

Batch 3420/3783 (cards 85476-85500)

Batch 3421/3783 (cards 85501-85525)

Batch 3422/3783 (cards 85526-85550)

Batch 3423/3783 (cards 85551-85575)

Batch 3424/3783 (cards 85576-85600)

Batch 3425/3783 (cards 85601-85625)

Batch 3426/3783 (cards 85626-85650)

Batch 3427/3783 (cards 85651-85675)

Batch 3428/3783 (cards 85676-85700)

Batch 3429/3783 (cards 85701-85725)

Batch 3430/3783 (cards 85726-85750)

Batch 3431/3783 (cards 85751-85775)

Batch 3432/3783 (cards 85776-85800)

Batch 3433/3783 (cards 85801-85825)

Batch 3434/3783 (cards 85826-85850)

Batch 3435/3783 (cards 85851-85875)

Batch 3436/3783 (cards 85876-85900)

Batch 3437/3783 (cards 85901-85925)

Batch 3438/3783 (cards 85926-85950)

Batch 3439/3783 (cards 85951-85975)

Batch 3440/3783 (cards 85976-86000)

Batch 3441/3783 (cards 86001-86025)

Batch 3442/3783 (cards 86026-86050)

Batch 3443/3783 (cards 86051-86075)

Batch 3444/3783 (cards 86076-86100)

Batch 3445/3783 (cards 86101-86125)

Batch 3446/3783 (cards 86126-86150)

Batch 3447/3783 (cards 86151-86175)

Batch 3448/3783 (cards 86176-86200)

Batch 3449/3783 (cards 86201-86225)

Batch 3450/3783 (cards 86226-86250)

Batch 3451/3783 (cards 86251-86275)

Batch 3452/3783 (cards 86276-86300)

Batch 3453/3783 (cards 86301-86325)

Batch 3454/3783 (cards 86326-86350)

Batch 3455/3783 (cards 86351-86375)

Batch 3456/3783 (cards 86376-86400)

Batch 3457/3783 (cards 86401-86425)

Batch 3458/3783 (cards 86426-86450)

Batch 3459/3783 (cards 86451-86475)

Batch 3460/3783 (cards 86476-86500)

Batch 3461/3783 (cards 86501-86525)

Batch 3462/3783 (cards 86526-86550)

Batch 3463/3783 (cards 86551-86575)

Batch 3464/3783 (cards 86576-86600)

Batch 3465/3783 (cards 86601-86625)

Batch 3466/3783 (cards 86626-86650)

Batch 3467/3783 (cards 86651-86675)

Batch 3468/3783 (cards 86676-86700)

Batch 3469/3783 (cards 86701-86725)

Batch 3470/3783 (cards 86726-86750)

Batch 3471/3783 (cards 86751-86775)

Batch 3472/3783 (cards 86776-86800)

Batch 3473/3783 (cards 86801-86825)

Batch 3474/3783 (cards 86826-86850)

Batch 3475/3783 (cards 86851-86875)

Batch 3476/3783 (cards 86876-86900)

Batch 3477/3783 (cards 86901-86925)

Batch 3478/3783 (cards 86926-86950)

Batch 3479/3783 (cards 86951-86975)

Batch 3480/3783 (cards 86976-87000)

Batch 3481/3783 (cards 87001-87025)

Batch 3482/3783 (cards 87026-87050)

Batch 3483/3783 (cards 87051-87075)

Batch 3484/3783 (cards 87076-87100)

Batch 3485/3783 (cards 87101-87125)

Batch 3486/3783 (cards 87126-87150)

Batch 3487/3783 (cards 87151-87175)

Batch 3488/3783 (cards 87176-87200)

Batch 3489/3783 (cards 87201-87225)

Batch 3490/3783 (cards 87226-87250)

Batch 3491/3783 (cards 87251-87275)

Batch 3492/3783 (cards 87276-87300)

Batch 3493/3783 (cards 87301-87325)

Batch 3494/3783 (cards 87326-87350)

Batch 3495/3783 (cards 87351-87375)

Batch 3496/3783 (cards 87376-87400)

Batch 3497/3783 (cards 87401-87425)

Batch 3498/3783 (cards 87426-87450)

Batch 3499/3783 (cards 87451-87475)

Batch 3500/3783 (cards 87476-87500)

Batch 3501/3783 (cards 87501-87525)

Batch 3502/3783 (cards 87526-87550)

Batch 3503/3783 (cards 87551-87575)

Batch 3504/3783 (cards 87576-87600)

Batch 3505/3783 (cards 87601-87625)

Batch 3506/3783 (cards 87626-87650)

Batch 3507/3783 (cards 87651-87675)

Batch 3508/3783 (cards 87676-87700)

Batch 3509/3783 (cards 87701-87725)

Batch 3510/3783 (cards 87726-87750)

Batch 3511/3783 (cards 87751-87775)

Batch 3512/3783 (cards 87776-87800)

Batch 3513/3783 (cards 87801-87825)

Batch 3514/3783 (cards 87826-87850)

Batch 3515/3783 (cards 87851-87875)

Batch 3516/3783 (cards 87876-87900)

Batch 3517/3783 (cards 87901-87925)

Batch 3518/3783 (cards 87926-87950)

Batch 3519/3783 (cards 87951-87975)

Batch 3520/3783 (cards 87976-88000)

Batch 3521/3783 (cards 88001-88025)

Batch 3522/3783 (cards 88026-88050)

Batch 3523/3783 (cards 88051-88075)

Batch 3524/3783 (cards 88076-88100)

Batch 3525/3783 (cards 88101-88125)

Batch 3526/3783 (cards 88126-88150)

Batch 3527/3783 (cards 88151-88175)

Batch 3528/3783 (cards 88176-88200)

Batch 3529/3783 (cards 88201-88225)

Batch 3530/3783 (cards 88226-88250)

Batch 3531/3783 (cards 88251-88275)

Batch 3532/3783 (cards 88276-88300)

Batch 3533/3783 (cards 88301-88325)

Batch 3534/3783 (cards 88326-88350)

Batch 3535/3783 (cards 88351-88375)

Batch 3536/3783 (cards 88376-88400)

Batch 3537/3783 (cards 88401-88425)

Batch 3538/3783 (cards 88426-88450)

Batch 3539/3783 (cards 88451-88475)

Batch 3540/3783 (cards 88476-88500)

Batch 3541/3783 (cards 88501-88525)

Batch 3542/3783 (cards 88526-88550)

Batch 3543/3783 (cards 88551-88575)

Batch 3544/3783 (cards 88576-88600)

Batch 3545/3783 (cards 88601-88625)

Batch 3546/3783 (cards 88626-88650)

Batch 3547/3783 (cards 88651-88675)

Batch 3548/3783 (cards 88676-88700)

Batch 3549/3783 (cards 88701-88725)

Batch 3550/3783 (cards 88726-88750)

Batch 3551/3783 (cards 88751-88775)

Batch 3552/3783 (cards 88776-88800)

Batch 3553/3783 (cards 88801-88825)

Batch 3554/3783 (cards 88826-88850)

Batch 3555/3783 (cards 88851-88875)

Batch 3556/3783 (cards 88876-88900)

Batch 3557/3783 (cards 88901-88925)

Batch 3558/3783 (cards 88926-88950)

Batch 3559/3783 (cards 88951-88975)

Batch 3560/3783 (cards 88976-89000)

Batch 3561/3783 (cards 89001-89025)

Batch 3562/3783 (cards 89026-89050)

Batch 3563/3783 (cards 89051-89075)

Batch 3564/3783 (cards 89076-89100)

Batch 3565/3783 (cards 89101-89125)

Batch 3566/3783 (cards 89126-89150)

Batch 3567/3783 (cards 89151-89175)

Batch 3568/3783 (cards 89176-89200)

Batch 3569/3783 (cards 89201-89225)

Batch 3570/3783 (cards 89226-89250)

Batch 3571/3783 (cards 89251-89275)

Batch 3572/3783 (cards 89276-89300)

Batch 3573/3783 (cards 89301-89325)

Batch 3574/3783 (cards 89326-89350)

Batch 3575/3783 (cards 89351-89375)

Batch 3576/3783 (cards 89376-89400)

Batch 3577/3783 (cards 89401-89425)

Batch 3578/3783 (cards 89426-89450)

Batch 3579/3783 (cards 89451-89475)

Batch 3580/3783 (cards 89476-89500)

Batch 3581/3783 (cards 89501-89525)

Batch 3582/3783 (cards 89526-89550)

Batch 3583/3783 (cards 89551-89575)

Batch 3584/3783 (cards 89576-89600)

Batch 3585/3783 (cards 89601-89625)

Batch 3586/3783 (cards 89626-89650)

Batch 3587/3783 (cards 89651-89675)
2026-01-22 13:26:03,745 - INFO - Progress: Products: 8 created, 87868 skipped, 1824 failed | Variants: 55 created, 0 failed | Time: 9144.6s
2026-01-22 13:26:06,717 - INFO - Progress: Products: 8 created, 87892 skipped, 1825 failed | Variants: 55 created, 0 failed | Time: 9147.6s
2026-01-22 13:26:09,205 - INFO - Progress: Products: 8 created, 87916 skipped, 1826 failed | Variants: 55 created, 0 failed | Time: 9150.1s
2026-01-22 13:26:11,820 - INFO - Progress: Products: 8 created, 87941 skipped, 1826 failed | Variants: 55 created, 0 failed | Time: 9152.7s
2026-01-22 13:26:14,304 - INFO - Progress: Products: 8 created, 87966 skipped, 1826 failed | Variants: 55 created, 0 failed | Time: 9155.2s
2026-01-22 13:26:16,733 - INFO - Progress: Products: 8 created, 87991 skipped, 1826 failed | Variants: 55 created, 0 failed | Time: 9157.6s
2026-01-22 13:26:19,227 - INFO - Progress: Products: 8 created, 88016 skipped, 1826 failed | Variants: 55 created, 0 failed | Time: 9160.1s
2026-01-22 13:26:21,767 - INFO - Progress: Products: 8 created, 88040 skipped, 1827 failed | Variants: 55 created, 0 failed | Time: 9162.7s
2026-01-22 13:26:24,228 - INFO - Progress: Products: 8 created, 88065 skipped, 1827 failed | Variants: 55 created, 0 failed | Time: 9165.1s
2026-01-22 13:26:26,695 - INFO - Progress: Products: 8 created, 88090 skipped, 1827 failed | Variants: 55 created, 0 failed | Time: 9167.6s
2026-01-22 13:26:29,012 - INFO - Progress: Products: 8 created, 88113 skipped, 1829 failed | Variants: 55 created, 0 failed | Time: 9169.9s
2026-01-22 13:26:31,399 - INFO - Progress: Products: 8 created, 88137 skipped, 1830 failed | Variants: 55 created, 0 failed | Time: 9172.3s
2026-01-22 13:26:33,710 - INFO - Progress: Products: 8 created, 88162 skipped, 1830 failed | Variants: 55 created, 0 failed | Time: 9174.6s
2026-01-22 13:26:36,201 - INFO - Progress: Products: 8 created, 88187 skipped, 1830 failed | Variants: 55 created, 0 failed | Time: 9177.1s
2026-01-22 13:26:38,632 - INFO - Progress: Products: 8 created, 88211 skipped, 1831 failed | Variants: 55 created, 0 failed | Time: 9179.5s
2026-01-22 13:26:41,205 - INFO - Progress: Products: 8 created, 88235 skipped, 1832 failed | Variants: 55 created, 0 failed | Time: 9182.1s
2026-01-22 13:26:43,723 - INFO - Progress: Products: 8 created, 88259 skipped, 1833 failed | Variants: 55 created, 0 failed | Time: 9184.6s
2026-01-22 13:26:46,314 - INFO - Progress: Products: 8 created, 88283 skipped, 1834 failed | Variants: 55 created, 0 failed | Time: 9187.2s
2026-01-22 13:26:48,797 - INFO - Progress: Products: 8 created, 88307 skipped, 1835 failed | Variants: 55 created, 0 failed | Time: 9189.7s
2026-01-22 13:26:51,296 - INFO - Progress: Products: 8 created, 88330 skipped, 1837 failed | Variants: 55 created, 0 failed | Time: 9192.2s
2026-01-22 13:26:53,717 - INFO - Progress: Products: 8 created, 88355 skipped, 1837 failed | Variants: 55 created, 0 failed | Time: 9194.6s
2026-01-22 13:26:56,219 - INFO - Progress: Products: 8 created, 88380 skipped, 1837 failed | Variants: 55 created, 0 failed | Time: 9197.1s
2026-01-22 13:26:58,721 - INFO - Progress: Products: 8 created, 88404 skipped, 1838 failed | Variants: 55 created, 0 failed | Time: 9199.6s
2026-01-22 13:27:01,577 - INFO - Progress: Products: 8 created, 88429 skipped, 1838 failed | Variants: 55 created, 0 failed | Time: 9202.5s
2026-01-22 13:27:04,713 - INFO - Progress: Products: 8 created, 88454 skipped, 1838 failed | Variants: 55 created, 0 failed | Time: 9205.6s
2026-01-22 13:27:07,489 - INFO - Progress: Products: 8 created, 88479 skipped, 1838 failed | Variants: 55 created, 0 failed | Time: 9208.4s
2026-01-22 13:27:10,017 - INFO - Progress: Products: 8 created, 88503 skipped, 1839 failed | Variants: 55 created, 0 failed | Time: 9210.9s
2026-01-22 13:27:12,928 - INFO - Progress: Products: 8 created, 88528 skipped, 1839 failed | Variants: 55 created, 0 failed | Time: 9213.8s
2026-01-22 13:27:15,434 - INFO - Progress: Products: 8 created, 88553 skipped, 1839 failed | Variants: 55 created, 0 failed | Time: 9216.3s
2026-01-22 13:27:17,905 - INFO - Progress: Products: 8 created, 88577 skipped, 1840 failed | Variants: 55 created, 0 failed | Time: 9218.8s
2026-01-22 13:27:20,320 - INFO - Progress: Products: 8 created, 88600 skipped, 1842 failed | Variants: 55 created, 0 failed | Time: 9221.2s
2026-01-22 13:27:22,794 - INFO - Progress: Products: 8 created, 88625 skipped, 1842 failed | Variants: 55 created, 0 failed | Time: 9223.7s
2026-01-22 13:27:25,224 - INFO - Progress: Products: 8 created, 88650 skipped, 1842 failed | Variants: 55 created, 0 failed | Time: 9226.1s
2026-01-22 13:27:27,664 - INFO - Progress: Products: 8 created, 88675 skipped, 1842 failed | Variants: 55 created, 0 failed | Time: 9228.6s
2026-01-22 13:27:30,142 - INFO - Progress: Products: 8 created, 88700 skipped, 1842 failed | Variants: 55 created, 0 failed | Time: 9231.0s
2026-01-22 13:27:32,627 - INFO - Progress: Products: 8 created, 88723 skipped, 1844 failed | Variants: 55 created, 0 failed | Time: 9233.5s
2026-01-22 13:27:35,232 - INFO - Progress: Products: 8 created, 88746 skipped, 1846 failed | Variants: 55 created, 0 failed | Time: 9236.1s
2026-01-22 13:27:37,885 - INFO - Progress: Products: 8 created, 88771 skipped, 1846 failed | Variants: 55 created, 0 failed | Time: 9238.8s
2026-01-22 13:27:40,292 - INFO - Progress: Products: 8 created, 88796 skipped, 1846 failed | Variants: 55 created, 0 failed | Time: 9241.2s
2026-01-22 13:27:42,933 - INFO - Progress: Products: 8 created, 88820 skipped, 1847 failed | Variants: 55 created, 0 failed | Time: 9243.8s
2026-01-22 13:27:45,486 - INFO - Progress: Products: 8 created, 88844 skipped, 1848 failed | Variants: 55 created, 0 failed | Time: 9246.4s
2026-01-22 13:27:48,007 - INFO - Progress: Products: 8 created, 88868 skipped, 1849 failed | Variants: 55 created, 0 failed | Time: 9248.9s
2026-01-22 13:27:50,415 - INFO - Progress: Products: 8 created, 88891 skipped, 1851 failed | Variants: 55 created, 0 failed | Time: 9251.3s
2026-01-22 13:27:52,999 - INFO - Progress: Products: 8 created, 88915 skipped, 1852 failed | Variants: 55 created, 0 failed | Time: 9253.9s
2026-01-22 13:27:55,569 - INFO - Progress: Products: 8 created, 88940 skipped, 1852 failed | Variants: 55 created, 0 failed | Time: 9256.5s
2026-01-22 13:27:58,223 - INFO - Progress: Products: 8 created, 88964 skipped, 1853 failed | Variants: 55 created, 0 failed | Time: 9259.1s
2026-01-22 13:28:00,908 - INFO - Progress: Products: 8 created, 88989 skipped, 1853 failed | Variants: 55 created, 0 failed | Time: 9261.8s
2026-01-22 13:28:04,239 - INFO - Progress: Products: 8 created, 89012 skipped, 1855 failed | Variants: 55 created, 0 failed | Time: 9265.1s
2026-01-22 13:28:06,948 - INFO - Progress: Products: 8 created, 89037 skipped, 1855 failed | Variants: 55 created, 0 failed | Time: 9267.8s
2026-01-22 13:28:09,617 - INFO - Progress: Products: 8 created, 89062 skipped, 1855 failed | Variants: 55 created, 0 failed | Time: 9270.5s
2026-01-22 13:28:12,627 - INFO - Progress: Products: 8 created, 89084 skipped, 1858 failed | Variants: 55 created, 0 failed | Time: 9273.5s
2026-01-22 13:28:15,228 - INFO - Progress: Products: 8 created, 89109 skipped, 1858 failed | Variants: 55 created, 0 failed | Time: 9276.1s
2026-01-22 13:28:17,693 - INFO - Progress: Products: 8 created, 89133 skipped, 1859 failed | Variants: 55 created, 0 failed | Time: 9278.6s
2026-01-22 13:28:20,271 - INFO - Progress: Products: 8 created, 89157 skipped, 1860 failed | Variants: 55 created, 0 failed | Time: 9281.2s
2026-01-22 13:28:22,722 - INFO - Progress: Products: 8 created, 89181 skipped, 1861 failed | Variants: 55 created, 0 failed | Time: 9283.6s
2026-01-22 13:28:25,304 - INFO - Progress: Products: 8 created, 89206 skipped, 1861 failed | Variants: 55 created, 0 failed | Time: 9286.2s
2026-01-22 13:28:27,826 - INFO - Progress: Products: 8 created, 89229 skipped, 1863 failed | Variants: 55 created, 0 failed | Time: 9288.7s
2026-01-22 13:28:30,422 - INFO - Progress: Products: 8 created, 89254 skipped, 1863 failed | Variants: 55 created, 0 failed | Time: 9291.3s
2026-01-22 13:28:32,928 - INFO - Progress: Products: 8 created, 89278 skipped, 1864 failed | Variants: 55 created, 0 failed | Time: 9293.8s
2026-01-22 13:28:35,535 - INFO - Progress: Products: 8 created, 89303 skipped, 1864 failed | Variants: 55 created, 0 failed | Time: 9296.4s
2026-01-22 13:28:38,012 - INFO - Progress: Products: 8 created, 89327 skipped, 1865 failed | Variants: 55 created, 0 failed | Time: 9298.9s
2026-01-22 13:28:40,453 - INFO - Progress: Products: 8 created, 89352 skipped, 1865 failed | Variants: 55 created, 0 failed | Time: 9301.4s
2026-01-22 13:28:43,184 - INFO - Progress: Products: 8 created, 89377 skipped, 1865 failed | Variants: 55 created, 0 failed | Time: 9304.1s
2026-01-22 13:28:45,540 - INFO - Progress: Products: 8 created, 89401 skipped, 1866 failed | Variants: 55 created, 0 failed | Time: 9306.4s
2026-01-22 13:28:48,009 - INFO - Progress: Products: 8 created, 89425 skipped, 1867 failed | Variants: 55 created, 0 failed | Time: 9308.9s
2026-01-22 13:28:50,324 - INFO - Progress: Products: 8 created, 89449 skipped, 1868 failed | Variants: 55 created, 0 failed | Time: 9311.2s
2026-01-22 13:28:52,725 - INFO - Progress: Products: 8 created, 89474 skipped, 1868 failed | Variants: 55 created, 0 failed | Time: 9313.6s
2026-01-22 13:28:55,093 - INFO - Progress: Products: 8 created, 89499 skipped, 1868 failed | Variants: 55 created, 0 failed | Time: 9316.0s
2026-01-22 13:28:57,515 - INFO - Progress: Products: 8 created, 89523 skipped, 1869 failed | Variants: 55 created, 0 failed | Time: 9318.4s
2026-01-22 13:29:00,004 - INFO - Progress: Products: 8 created, 89548 skipped, 1869 failed | Variants: 55 created, 0 failed | Time: 9320.9s
2026-01-22 13:29:02,914 - INFO - Progress: Products: 8 created, 89571 skipped, 1871 failed | Variants: 55 created, 0 failed | Time: 9323.8s
2026-01-22 13:29:05,548 - INFO - Progress: Products: 8 created, 89595 skipped, 1872 failed | Variants: 55 created, 0 failed | Time: 9326.4s
2026-01-22 13:29:07,946 - INFO - Progress: Products: 8 created, 89620 skipped, 1872 failed | Variants: 55 created, 0 failed | Time: 9328.8s
2026-01-22 13:29:10,535 - INFO - Progress: Products: 8 created, 89645 skipped, 1872 failed | Variants: 55 created, 0 failed | Time: 9331.4s
2026-01-22 13:29:13,311 - INFO - Progress: Products: 8 created, 89668 skipped, 1874 failed | Variants: 55 created, 0 failed | Time: 9334.2s
2026-01-22 13:29:15,698 - INFO - Progress: Products: 8 created, 89692 skipped, 1875 failed | Variants: 55 created, 0 failed | Time: 9336.6s
2026-01-22 13:29:18,212 - INFO - Progress: Products: 8 created, 89717 skipped, 1875 failed | Variants: 55 created, 0 failed | Time: 9339.1s
2026-01-22 13:29:20,587 - INFO - Progress: Products: 8 created, 89742 skipped, 1875 failed | Variants: 55 created, 0 failed | Time: 9341.5s
2026-01-22 13:29:23,044 - INFO - Progress: Products: 8 created, 89765 skipped, 1877 failed | Variants: 55 created, 0 failed | Time: 9343.9s
2026-01-22 13:29:25,519 - INFO - Progress: Products: 8 created, 89790 skipped, 1877 failed | Variants: 55 created, 0 failed | Time: 9346.4s
2026-01-22 13:29:27,923 - INFO - Progress: Products: 8 created, 89814 skipped, 1878 failed | Variants: 55 created, 0 failed | Time: 9348.8s
2026-01-22 13:29:30,239 - INFO - Progress: Products: 8 created, 89838 skipped, 1879 failed | Variants: 55 created, 0 failed | Time: 9351.1s
2026-01-22 13:29:32,704 - INFO - Progress: Products: 8 created, 89861 skipped, 1881 failed | Variants: 55 created, 0 failed | Time: 9353.6s
2026-01-22 13:29:35,284 - INFO - Progress: Products: 8 created, 89885 skipped, 1882 failed | Variants: 55 created, 0 failed | Time: 9356.2s
2026-01-22 13:29:37,640 - INFO - Progress: Products: 8 created, 89910 skipped, 1882 failed | Variants: 55 created, 0 failed | Time: 9358.5s
2026-01-22 13:29:40,124 - INFO - Progress: Products: 8 created, 89935 skipped, 1882 failed | Variants: 55 created, 0 failed | Time: 9361.0s
2026-01-22 13:29:42,849 - INFO - Progress: Products: 8 created, 89960 skipped, 1882 failed | Variants: 55 created, 0 failed | Time: 9363.7s
2026-01-22 13:29:45,301 - INFO - Progress: Products: 8 created, 89985 skipped, 1882 failed | Variants: 55 created, 0 failed | Time: 9366.2s
2026-01-22 13:29:47,701 - INFO - Progress: Products: 8 created, 90010 skipped, 1882 failed | Variants: 55 created, 0 failed | Time: 9368.6s
2026-01-22 13:29:50,233 - INFO - Progress: Products: 8 created, 90035 skipped, 1882 failed | Variants: 55 created, 0 failed | Time: 9371.1s
2026-01-22 13:29:52,522 - INFO - Progress: Products: 8 created, 90059 skipped, 1883 failed | Variants: 55 created, 0 failed | Time: 9373.4s
2026-01-22 13:29:54,894 - INFO - Progress: Products: 8 created, 90084 skipped, 1883 failed | Variants: 55 created, 0 failed | Time: 9375.8s
2026-01-22 13:29:57,302 - INFO - Progress: Products: 8 created, 90107 skipped, 1885 failed | Variants: 55 created, 0 failed | Time: 9378.2s
2026-01-22 13:29:59,630 - INFO - Progress: Products: 8 created, 90132 skipped, 1885 failed | Variants: 55 created, 0 failed | Time: 9380.5s
2026-01-22 13:30:04,289 - INFO - Progress: Products: 8 created, 90156 skipped, 1886 failed | Variants: 55 created, 0 failed | Time: 9385.2s
2026-01-22 13:30:07,100 - INFO - Progress: Products: 8 created, 90181 skipped, 1886 failed | Variants: 55 created, 0 failed | Time: 9388.0s
2026-01-22 13:30:09,504 - INFO - Progress: Products: 8 created, 90206 skipped, 1886 failed | Variants: 55 created, 0 failed | Time: 9390.4s
2026-01-22 13:30:12,237 - INFO - Progress: Products: 8 created, 90231 skipped, 1886 failed | Variants: 55 created, 0 failed | Time: 9393.1s
2026-01-22 13:30:14,731 - INFO - Progress: Products: 8 created, 90256 skipped, 1886 failed | Variants: 55 created, 0 failed | Time: 9395.6s
2026-01-22 13:30:17,245 - INFO - Progress: Products: 8 created, 90280 skipped, 1887 failed | Variants: 55 created, 0 failed | Time: 9398.1s
2026-01-22 13:30:19,791 - INFO - Progress: Products: 8 created, 90304 skipped, 1888 failed | Variants: 55 created, 0 failed | Time: 9400.7s
2026-01-22 13:30:22,330 - INFO - Progress: Products: 8 created, 90329 skipped, 1888 failed | Variants: 55 created, 0 failed | Time: 9403.2s
2026-01-22 13:30:24,823 - INFO - Progress: Products: 8 created, 90353 skipped, 1889 failed | Variants: 55 created, 0 failed | Time: 9405.7s
2026-01-22 13:30:27,366 - INFO - Progress: Products: 8 created, 90378 skipped, 1889 failed | Variants: 55 created, 0 failed | Time: 9408.3s
2026-01-22 13:30:29,936 - INFO - Progress: Products: 8 created, 90403 skipped, 1889 failed | Variants: 55 created, 0 failed | Time: 9410.8s
2026-01-22 13:30:32,514 - INFO - Progress: Products: 8 created, 90427 skipped, 1890 failed | Variants: 55 created, 0 failed | Time: 9413.4s
2026-01-22 13:30:35,020 - INFO - Progress: Products: 8 created, 90451 skipped, 1891 failed | Variants: 55 created, 0 failed | Time: 9415.9s
2026-01-22 13:30:37,550 - INFO - Progress: Products: 8 created, 90476 skipped, 1891 failed | Variants: 55 created, 0 failed | Time: 9418.4s
2026-01-22 13:30:39,952 - INFO - Progress: Products: 8 created, 90501 skipped, 1891 failed | Variants: 55 created, 0 failed | Time: 9420.9s
2026-01-22 13:30:42,612 - INFO - Progress: Products: 8 created, 90526 skipped, 1891 failed | Variants: 55 created, 0 failed | Time: 9423.5s
2026-01-22 13:30:45,031 - INFO - Progress: Products: 8 created, 90549 skipped, 1893 failed | Variants: 55 created, 0 failed | Time: 9425.9s
2026-01-22 13:30:47,535 - INFO - Progress: Products: 8 created, 90574 skipped, 1893 failed | Variants: 55 created, 0 failed | Time: 9428.4s
2026-01-22 13:30:50,010 - INFO - Progress: Products: 8 created, 90599 skipped, 1893 failed | Variants: 55 created, 0 failed | Time: 9430.9s
2026-01-22 13:30:52,420 - INFO - Progress: Products: 8 created, 90624 skipped, 1893 failed | Variants: 55 created, 0 failed | Time: 9433.3s
2026-01-22 13:30:54,716 - INFO - Progress: Products: 8 created, 90649 skipped, 1893 failed | Variants: 55 created, 0 failed | Time: 9435.6s
2026-01-22 13:30:57,131 - INFO - Progress: Products: 8 created, 90674 skipped, 1893 failed | Variants: 55 created, 0 failed | Time: 9438.0s
2026-01-22 13:30:59,499 - INFO - Progress: Products: 8 created, 90698 skipped, 1894 failed | Variants: 55 created, 0 failed | Time: 9440.4s
2026-01-22 13:31:02,519 - INFO - Progress: Products: 8 created, 90721 skipped, 1896 failed | Variants: 55 created, 0 failed | Time: 9443.4s
2026-01-22 13:31:05,136 - INFO - Progress: Products: 8 created, 90745 skipped, 1897 failed | Variants: 55 created, 0 failed | Time: 9446.0s
2026-01-22 13:31:07,664 - INFO - Progress: Products: 8 created, 90769 skipped, 1898 failed | Variants: 55 created, 0 failed | Time: 9448.6s
2026-01-22 13:31:09,954 - INFO - Progress: Products: 8 created, 90794 skipped, 1898 failed | Variants: 55 created, 0 failed | Time: 9450.9s
2026-01-22 13:31:12,799 - INFO - Progress: Products: 8 created, 90819 skipped, 1898 failed | Variants: 55 created, 0 failed | Time: 9453.7s
2026-01-22 13:31:15,119 - INFO - Progress: Products: 8 created, 90843 skipped, 1899 failed | Variants: 55 created, 0 failed | Time: 9456.0s
2026-01-22 13:31:17,651 - INFO - Progress: Products: 8 created, 90868 skipped, 1899 failed | Variants: 55 created, 0 failed | Time: 9458.5s
2026-01-22 13:31:20,085 - INFO - Progress: Products: 8 created, 90892 skipped, 1900 failed | Variants: 55 created, 0 failed | Time: 9461.0s
2026-01-22 13:31:22,457 - INFO - Progress: Products: 8 created, 90917 skipped, 1900 failed | Variants: 55 created, 0 failed | Time: 9463.4s
2026-01-22 13:31:24,823 - INFO - Progress: Products: 8 created, 90939 skipped, 1903 failed | Variants: 55 created, 0 failed | Time: 9465.7s
2026-01-22 13:31:27,310 - INFO - Progress: Products: 8 created, 90961 skipped, 1906 failed | Variants: 55 created, 0 failed | Time: 9468.2s
2026-01-22 13:31:29,631 - INFO - Progress: Products: 8 created, 90985 skipped, 1907 failed | Variants: 55 created, 0 failed | Time: 9470.5s
2026-01-22 13:31:32,104 - INFO - Progress: Products: 8 created, 91009 skipped, 1908 failed | Variants: 55 created, 0 failed | Time: 9473.0s
2026-01-22 13:31:34,517 - INFO - Progress: Products: 8 created, 91033 skipped, 1909 failed | Variants: 55 created, 0 failed | Time: 9475.4s
2026-01-22 13:31:37,047 - INFO - Progress: Products: 8 created, 91056 skipped, 1911 failed | Variants: 55 created, 0 failed | Time: 9477.9s
2026-01-22 13:31:39,602 - INFO - Progress: Products: 8 created, 91080 skipped, 1912 failed | Variants: 55 created, 0 failed | Time: 9480.5s
2026-01-22 13:31:42,314 - INFO - Progress: Products: 8 created, 91104 skipped, 1913 failed | Variants: 55 created, 0 failed | Time: 9483.2s
2026-01-22 13:31:44,860 - INFO - Progress: Products: 8 created, 91128 skipped, 1914 failed | Variants: 55 created, 0 failed | Time: 9485.8s
2026-01-22 13:31:47,355 - INFO - Progress: Products: 8 created, 91153 skipped, 1914 failed | Variants: 55 created, 0 failed | Time: 9488.3s
2026-01-22 13:31:49,807 - INFO - Progress: Products: 8 created, 91177 skipped, 1915 failed | Variants: 55 created, 0 failed | Time: 9490.7s
2026-01-22 13:31:52,297 - INFO - Progress: Products: 8 created, 91202 skipped, 1915 failed | Variants: 55 created, 0 failed | Time: 9493.2s
2026-01-22 13:31:54,687 - INFO - Progress: Products: 8 created, 91226 skipped, 1916 failed | Variants: 55 created, 0 failed | Time: 9495.6s
2026-01-22 13:31:57,060 - INFO - Progress: Products: 8 created, 91250 skipped, 1917 failed | Variants: 55 created, 0 failed | Time: 9498.0s
2026-01-22 13:31:59,496 - INFO - Progress: Products: 8 created, 91275 skipped, 1917 failed | Variants: 55 created, 0 failed | Time: 9500.4s
2026-01-22 13:32:02,624 - INFO - Progress: Products: 8 created, 91299 skipped, 1918 failed | Variants: 55 created, 0 failed | Time: 9503.5s
2026-01-22 13:32:05,405 - INFO - Progress: Products: 8 created, 91322 skipped, 1920 failed | Variants: 55 created, 0 failed | Time: 9506.3s
2026-01-22 13:32:07,913 - INFO - Progress: Products: 8 created, 91347 skipped, 1920 failed | Variants: 55 created, 0 failed | Time: 9508.8s
2026-01-22 13:32:10,323 - INFO - Progress: Products: 8 created, 91370 skipped, 1922 failed | Variants: 55 created, 0 failed | Time: 9511.2s
2026-01-22 13:32:12,907 - INFO - Progress: Products: 8 created, 91395 skipped, 1922 failed | Variants: 55 created, 0 failed | Time: 9513.8s
2026-01-22 13:32:15,315 - INFO - Progress: Products: 8 created, 91420 skipped, 1922 failed | Variants: 55 created, 0 failed | Time: 9516.2s
2026-01-22 13:32:17,732 - INFO - Progress: Products: 8 created, 91445 skipped, 1922 failed | Variants: 55 created, 0 failed | Time: 9518.6s
2026-01-22 13:32:20,219 - INFO - Progress: Products: 8 created, 91470 skipped, 1922 failed | Variants: 55 created, 0 failed | Time: 9521.1s
2026-01-22 13:32:22,604 - INFO - Progress: Products: 8 created, 91495 skipped, 1922 failed | Variants: 55 created, 0 failed | Time: 9523.5s
2026-01-22 13:32:24,989 - INFO - Progress: Products: 8 created, 91520 skipped, 1922 failed | Variants: 55 created, 0 failed | Time: 9525.9s
2026-01-22 13:32:27,396 - INFO - Progress: Products: 8 created, 91545 skipped, 1922 failed | Variants: 55 created, 0 failed | Time: 9528.3s
2026-01-22 13:32:29,749 - INFO - Progress: Products: 8 created, 91569 skipped, 1923 failed | Variants: 55 created, 0 failed | Time: 9530.6s
2026-01-22 13:32:32,197 - INFO - Progress: Products: 8 created, 91593 skipped, 1924 failed | Variants: 55 created, 0 failed | Time: 9533.1s
2026-01-22 13:32:34,646 - INFO - Progress: Products: 8 created, 91616 skipped, 1926 failed | Variants: 55 created, 0 failed | Time: 9535.5s
2026-01-22 13:32:37,094 - INFO - Progress: Products: 8 created, 91641 skipped, 1926 failed | Variants: 55 created, 0 failed | Time: 9538.0s
2026-01-22 13:32:39,499 - INFO - Progress: Products: 8 created, 91665 skipped, 1927 failed | Variants: 55 created, 0 failed | Time: 9540.4s
2026-01-22 13:32:42,170 - INFO - Progress: Products: 8 created, 91689 skipped, 1928 failed | Variants: 55 created, 0 failed | Time: 9543.1s
2026-01-22 13:32:44,511 - INFO - Progress: Products: 8 created, 91712 skipped, 1930 failed | Variants: 55 created, 0 failed | Time: 9545.4s
2026-01-22 13:32:46,923 - INFO - Progress: Products: 8 created, 91737 skipped, 1930 failed | Variants: 55 created, 0 failed | Time: 9547.8s
2026-01-22 13:32:49,246 - INFO - Progress: Products: 8 created, 91762 skipped, 1930 failed | Variants: 55 created, 0 failed | Time: 9550.1s
2026-01-22 13:32:51,630 - INFO - Progress: Products: 8 created, 91786 skipped, 1931 failed | Variants: 55 created, 0 failed | Time: 9552.5s
2026-01-22 13:32:54,010 - INFO - Progress: Products: 8 created, 91811 skipped, 1931 failed | Variants: 55 created, 0 failed | Time: 9554.9s
2026-01-22 13:32:56,419 - INFO - Progress: Products: 8 created, 91835 skipped, 1932 failed | Variants: 55 created, 0 failed | Time: 9557.3s
2026-01-22 13:32:58,813 - INFO - Progress: Products: 8 created, 91859 skipped, 1933 failed | Variants: 55 created, 0 failed | Time: 9559.7s
2026-01-22 13:33:01,425 - INFO - Progress: Products: 8 created, 91883 skipped, 1934 failed | Variants: 55 created, 0 failed | Time: 9562.3s
2026-01-22 13:33:04,424 - INFO - Progress: Products: 8 created, 91908 skipped, 1934 failed | Variants: 55 created, 0 failed | Time: 9565.3s
2026-01-22 13:33:06,924 - INFO - Progress: Products: 8 created, 91933 skipped, 1934 failed | Variants: 55 created, 0 failed | Time: 9567.8s
2026-01-22 13:33:09,330 - INFO - Progress: Products: 8 created, 91958 skipped, 1934 failed | Variants: 55 created, 0 failed | Time: 9570.2s
2026-01-22 13:33:11,897 - INFO - Progress: Products: 8 created, 91983 skipped, 1934 failed | Variants: 55 created, 0 failed | Time: 9572.8s
2026-01-22 13:33:14,211 - INFO - Progress: Products: 8 created, 92007 skipped, 1935 failed | Variants: 55 created, 0 failed | Time: 9575.1s
2026-01-22 13:33:16,615 - INFO - Progress: Products: 8 created, 92031 skipped, 1936 failed | Variants: 55 created, 0 failed | Time: 9577.5s
2026-01-22 13:33:18,999 - INFO - Progress: Products: 8 created, 92056 skipped, 1936 failed | Variants: 55 created, 0 failed | Time: 9579.9s
2026-01-22 13:33:21,490 - INFO - Progress: Products: 8 created, 92080 skipped, 1937 failed | Variants: 55 created, 0 failed | Time: 9582.4s
2026-01-22 13:33:23,919 - INFO - Progress: Products: 8 created, 92104 skipped, 1938 failed | Variants: 55 created, 0 failed | Time: 9584.8s
2026-01-22 13:33:26,304 - INFO - Progress: Products: 8 created, 92129 skipped, 1938 failed | Variants: 55 created, 0 failed | Time: 9587.2s
2026-01-22 13:33:28,647 - INFO - Progress: Products: 8 created, 92154 skipped, 1938 failed | Variants: 55 created, 0 failed | Time: 9589.5s
2026-01-22 13:33:31,130 - INFO - Progress: Products: 8 created, 92178 skipped, 1939 failed | Variants: 55 created, 0 failed | Time: 9592.0s
2026-01-22 13:33:33,517 - INFO - Progress: Products: 8 created, 92201 skipped, 1941 failed | Variants: 55 created, 0 failed | Time: 9594.4s
2026-01-22 13:33:35,998 - INFO - Progress: Products: 8 created, 92226 skipped, 1941 failed | Variants: 55 created, 0 failed | Time: 9596.9s
2026-01-22 13:33:38,417 - INFO - Progress: Products: 8 created, 92250 skipped, 1942 failed | Variants: 55 created, 0 failed | Time: 9599.3s
2026-01-22 13:33:41,203 - INFO - Progress: Products: 8 created, 92275 skipped, 1942 failed | Variants: 55 created, 0 failed | Time: 9602.1s
2026-01-22 13:33:43,847 - INFO - Progress: Products: 8 created, 92300 skipped, 1942 failed | Variants: 55 created, 0 failed | Time: 9604.7s
2026-01-22 13:33:46,450 - INFO - Progress: Products: 8 created, 92325 skipped, 1942 failed | Variants: 55 created, 0 failed | Time: 9607.3s
2026-01-22 13:33:49,002 - INFO - Progress: Products: 8 created, 92350 skipped, 1942 failed | Variants: 55 created, 0 failed | Time: 9609.9s
2026-01-22 13:33:51,592 - INFO - Progress: Products: 8 created, 92375 skipped, 1942 failed | Variants: 55 created, 0 failed | Time: 9612.5s
2026-01-22 13:33:54,124 - INFO - Progress: Products: 8 created, 92398 skipped, 1944 failed | Variants: 55 created, 0 failed | Time: 9615.0s
2026-01-22 13:33:56,693 - INFO - Progress: Products: 8 created, 92423 skipped, 1944 failed | Variants: 55 created, 0 failed | Time: 9617.6s
2026-01-22 13:33:59,224 - INFO - Progress: Products: 8 created, 92448 skipped, 1944 failed | Variants: 55 created, 0 failed | Time: 9620.1s
2026-01-22 13:34:02,404 - INFO - Progress: Products: 8 created, 92473 skipped, 1944 failed | Variants: 55 created, 0 failed | Time: 9623.3s
2026-01-22 13:34:05,345 - INFO - Progress: Products: 8 created, 92497 skipped, 1945 failed | Variants: 55 created, 0 failed | Time: 9626.2s
2026-01-22 13:34:08,023 - INFO - Progress: Products: 8 created, 92522 skipped, 1945 failed | Variants: 55 created, 0 failed | Time: 9628.9s
2026-01-22 13:34:10,636 - INFO - Progress: Products: 8 created, 92547 skipped, 1945 failed | Variants: 55 created, 0 failed | Time: 9631.5s
2026-01-22 13:34:13,457 - INFO - Progress: Products: 8 created, 92572 skipped, 1945 failed | Variants: 55 created, 0 failed | Time: 9634.4s
2026-01-22 13:34:15,887 - INFO - Progress: Products: 8 created, 92594 skipped, 1948 failed | Variants: 55 created, 0 failed | Time: 9636.8s
2026-01-22 13:34:16,492 - INFO - Progress: Products: 8 created, 92600 skipped, 1948 failed | Variants: 55 created, 0 failed | Time: 9637.4s
2026-01-22 13:34:16,499 - INFO - ============================================================
2026-01-22 13:34:16,499 - INFO - Import Complete
2026-01-22 13:34:16,499 - INFO - ============================================================
2026-01-22 13:34:16,499 - INFO - Products: 8 created, 92600 skipped, 1948 failed | Variants: 55 created, 0 failed | Time: 9637.4s

Batch 3588/3783 (cards 89676-89700)

Batch 3589/3783 (cards 89701-89725)

Batch 3590/3783 (cards 89726-89750)

Batch 3591/3783 (cards 89751-89775)

Batch 3592/3783 (cards 89776-89800)

Batch 3593/3783 (cards 89801-89825)

Batch 3594/3783 (cards 89826-89850)

Batch 3595/3783 (cards 89851-89875)

Batch 3596/3783 (cards 89876-89900)

Batch 3597/3783 (cards 89901-89925)

Batch 3598/3783 (cards 89926-89950)

Batch 3599/3783 (cards 89951-89975)

Batch 3600/3783 (cards 89976-90000)

Batch 3601/3783 (cards 90001-90025)

Batch 3602/3783 (cards 90026-90050)

Batch 3603/3783 (cards 90051-90075)

Batch 3604/3783 (cards 90076-90100)

Batch 3605/3783 (cards 90101-90125)

Batch 3606/3783 (cards 90126-90150)

Batch 3607/3783 (cards 90151-90175)

Batch 3608/3783 (cards 90176-90200)

Batch 3609/3783 (cards 90201-90225)

Batch 3610/3783 (cards 90226-90250)

Batch 3611/3783 (cards 90251-90275)

Batch 3612/3783 (cards 90276-90300)

Batch 3613/3783 (cards 90301-90325)

Batch 3614/3783 (cards 90326-90350)

Batch 3615/3783 (cards 90351-90375)

Batch 3616/3783 (cards 90376-90400)

Batch 3617/3783 (cards 90401-90425)

Batch 3618/3783 (cards 90426-90450)

Batch 3619/3783 (cards 90451-90475)

Batch 3620/3783 (cards 90476-90500)

Batch 3621/3783 (cards 90501-90525)

Batch 3622/3783 (cards 90526-90550)

Batch 3623/3783 (cards 90551-90575)

Batch 3624/3783 (cards 90576-90600)

Batch 3625/3783 (cards 90601-90625)

Batch 3626/3783 (cards 90626-90650)

Batch 3627/3783 (cards 90651-90675)

Batch 3628/3783 (cards 90676-90700)

Batch 3629/3783 (cards 90701-90725)

Batch 3630/3783 (cards 90726-90750)

Batch 3631/3783 (cards 90751-90775)

Batch 3632/3783 (cards 90776-90800)

Batch 3633/3783 (cards 90801-90825)

Batch 3634/3783 (cards 90826-90850)

Batch 3635/3783 (cards 90851-90875)

Batch 3636/3783 (cards 90876-90900)

Batch 3637/3783 (cards 90901-90925)

Batch 3638/3783 (cards 90926-90950)

Batch 3639/3783 (cards 90951-90975)

Batch 3640/3783 (cards 90976-91000)

Batch 3641/3783 (cards 91001-91025)

Batch 3642/3783 (cards 91026-91050)

Batch 3643/3783 (cards 91051-91075)

Batch 3644/3783 (cards 91076-91100)

Batch 3645/3783 (cards 91101-91125)

Batch 3646/3783 (cards 91126-91150)

Batch 3647/3783 (cards 91151-91175)

Batch 3648/3783 (cards 91176-91200)

Batch 3649/3783 (cards 91201-91225)

Batch 3650/3783 (cards 91226-91250)

Batch 3651/3783 (cards 91251-91275)

Batch 3652/3783 (cards 91276-91300)

Batch 3653/3783 (cards 91301-91325)

Batch 3654/3783 (cards 91326-91350)

Batch 3655/3783 (cards 91351-91375)

Batch 3656/3783 (cards 91376-91400)

Batch 3657/3783 (cards 91401-91425)

Batch 3658/3783 (cards 91426-91450)

Batch 3659/3783 (cards 91451-91475)

Batch 3660/3783 (cards 91476-91500)

Batch 3661/3783 (cards 91501-91525)

Batch 3662/3783 (cards 91526-91550)

Batch 3663/3783 (cards 91551-91575)

Batch 3664/3783 (cards 91576-91600)

Batch 3665/3783 (cards 91601-91625)

Batch 3666/3783 (cards 91626-91650)

Batch 3667/3783 (cards 91651-91675)

Batch 3668/3783 (cards 91676-91700)

Batch 3669/3783 (cards 91701-91725)

Batch 3670/3783 (cards 91726-91750)

Batch 3671/3783 (cards 91751-91775)

Batch 3672/3783 (cards 91776-91800)

Batch 3673/3783 (cards 91801-91825)

Batch 3674/3783 (cards 91826-91850)

Batch 3675/3783 (cards 91851-91875)

Batch 3676/3783 (cards 91876-91900)

Batch 3677/3783 (cards 91901-91925)

Batch 3678/3783 (cards 91926-91950)

Batch 3679/3783 (cards 91951-91975)

Batch 3680/3783 (cards 91976-92000)

Batch 3681/3783 (cards 92001-92025)

Batch 3682/3783 (cards 92026-92050)

Batch 3683/3783 (cards 92051-92075)

Batch 3684/3783 (cards 92076-92100)

Batch 3685/3783 (cards 92101-92125)

Batch 3686/3783 (cards 92126-92150)

Batch 3687/3783 (cards 92151-92175)

Batch 3688/3783 (cards 92176-92200)

Batch 3689/3783 (cards 92201-92225)

Batch 3690/3783 (cards 92226-92250)

Batch 3691/3783 (cards 92251-92275)

Batch 3692/3783 (cards 92276-92300)

Batch 3693/3783 (cards 92301-92325)

Batch 3694/3783 (cards 92326-92350)

Batch 3695/3783 (cards 92351-92375)

Batch 3696/3783 (cards 92376-92400)

Batch 3697/3783 (cards 92401-92425)

Batch 3698/3783 (cards 92426-92450)

Batch 3699/3783 (cards 92451-92475)

Batch 3700/3783 (cards 92476-92500)

Batch 3701/3783 (cards 92501-92525)

Batch 3702/3783 (cards 92526-92550)

Batch 3703/3783 (cards 92551-92575)

Batch 3704/3783 (cards 92576-92600)

Batch 3705/3783 (cards 92601-92625)

Batch 3706/3783 (cards 92626-92650)

Batch 3707/3783 (cards 92651-92675)

Batch 3708/3783 (cards 92676-92700)

Batch 3709/3783 (cards 92701-92725)

Batch 3710/3783 (cards 92726-92750)

Batch 3711/3783 (cards 92751-92775)

Batch 3712/3783 (cards 92776-92800)

Batch 3713/3783 (cards 92801-92825)

Batch 3714/3783 (cards 92826-92850)

Batch 3715/3783 (cards 92851-92875)

Batch 3716/3783 (cards 92876-92900)

Batch 3717/3783 (cards 92901-92925)

Batch 3718/3783 (cards 92926-92950)

Batch 3719/3783 (cards 92951-92975)

Batch 3720/3783 (cards 92976-93000)

Batch 3721/3783 (cards 93001-93025)

Batch 3722/3783 (cards 93026-93050)

Batch 3723/3783 (cards 93051-93075)

Batch 3724/3783 (cards 93076-93100)

Batch 3725/3783 (cards 93101-93125)

Batch 3726/3783 (cards 93126-93150)

Batch 3727/3783 (cards 93151-93175)

Batch 3728/3783 (cards 93176-93200)

Batch 3729/3783 (cards 93201-93225)

Batch 3730/3783 (cards 93226-93250)

Batch 3731/3783 (cards 93251-93275)

Batch 3732/3783 (cards 93276-93300)

Batch 3733/3783 (cards 93301-93325)

Batch 3734/3783 (cards 93326-93350)

Batch 3735/3783 (cards 93351-93375)

Batch 3736/3783 (cards 93376-93400)

Batch 3737/3783 (cards 93401-93425)

Batch 3738/3783 (cards 93426-93450)

Batch 3739/3783 (cards 93451-93475)

Batch 3740/3783 (cards 93476-93500)

Batch 3741/3783 (cards 93501-93525)

Batch 3742/3783 (cards 93526-93550)

Batch 3743/3783 (cards 93551-93575)

Batch 3744/3783 (cards 93576-93600)

Batch 3745/3783 (cards 93601-93625)

Batch 3746/3783 (cards 93626-93650)

Batch 3747/3783 (cards 93651-93675)

Batch 3748/3783 (cards 93676-93700)

Batch 3749/3783 (cards 93701-93725)

Batch 3750/3783 (cards 93726-93750)

Batch 3751/3783 (cards 93751-93775)

Batch 3752/3783 (cards 93776-93800)

Batch 3753/3783 (cards 93801-93825)

Batch 3754/3783 (cards 93826-93850)

Batch 3755/3783 (cards 93851-93875)

Batch 3756/3783 (cards 93876-93900)

Batch 3757/3783 (cards 93901-93925)

Batch 3758/3783 (cards 93926-93950)

Batch 3759/3783 (cards 93951-93975)

Batch 3760/3783 (cards 93976-94000)

Batch 3761/3783 (cards 94001-94025)

Batch 3762/3783 (cards 94026-94050)

Batch 3763/3783 (cards 94051-94075)

Batch 3764/3783 (cards 94076-94100)

Batch 3765/3783 (cards 94101-94125)

Batch 3766/3783 (cards 94126-94150)

Batch 3767/3783 (cards 94151-94175)

Batch 3768/3783 (cards 94176-94200)

Batch 3769/3783 (cards 94201-94225)

Batch 3770/3783 (cards 94226-94250)

Batch 3771/3783 (cards 94251-94275)

Batch 3772/3783 (cards 94276-94300)

Batch 3773/3783 (cards 94301-94325)

Batch 3774/3783 (cards 94326-94350)

Batch 3775/3783 (cards 94351-94375)

Batch 3776/3783 (cards 94376-94400)

Batch 3777/3783 (cards 94401-94425)

Batch 3778/3783 (cards 94426-94450)

Batch 3779/3783 (cards 94451-94475)

Batch 3780/3783 (cards 94476-94500)

Batch 3781/3783 (cards 94501-94525)

Batch 3782/3783 (cards 94526-94550)

Batch 3783/3783 (cards 94551-94556)
